,order_id,quantity,item_name,choice_description,item_price
3156,1260,1,Barbacoa Burrito,"[[Black Beans, Rice, Cheese]]",$8.69 
1703,689,1,Chicken Bowl,"[[Fresh Tomato Salsa (Mild), Roasted Chili Corn Salsa (Medium), Tomatillo-Red Chili Salsa (Hot)], [Black Beans, Rice, Cheese, Sour Cream]]",$8.49 
1529,623,1,Chicken Bowl,"[[Fresh Tomato Salsa (Mild), Roasted Chili Corn Salsa (Medium), Tomatillo-Red Chili Salsa (Hot)], [Black Beans, Rice, Fajita Veggies, Cheese, Sour Cream, Lettuce]]",$8.49 
778,321,1,Chicken Burrito,"[[Fresh Tomato Salsa (Mild), Roasted Chili Corn Salsa (Medium), Tomatillo-Red Chili Salsa (Hot)], [Black Beans, Rice, Fajita Veggies, Lettuce]]",$8.49 
3164,1263,1,Veggie Burrito,"[[Fresh Tomato Salsa (Mild), Roasted Chili Corn Salsa (Medium), Tomatillo-Red Chili Salsa (Hot)], [Black Beans, Rice, Fajita Veggies, Lettuce]]",$8.49 
3367,1351,1,Veggie Burrito,"[[Fresh Tomato Salsa (Mild), Roasted Chili Corn Salsa (Medium), Tomatillo-Red Chili Salsa (Hot)], [Black Beans, Rice, Fajita Veggies, Lettuce]]",$8.49 
4018,1609,1,Veggie Burrito,"[[Fresh Tomato Salsa (Mild), Roasted Chili Corn Salsa (Medium), Tomatillo-Red Chili Salsa (Hot)], [Black Beans, Rice, Fajita Veggies, Lettuce]]",$8.49 
4083,1635,1,Veggie Burrito,"[[Fresh Tomato Salsa (Mild), Roasted Chili Corn Salsa (Medium), Tomatillo-Red Chili Salsa (Hot)], [Black Beans, Rice, Fajita Veggies, Lettuce]]",$8.49 
3163,1263,1,Veggie Salad,"[[Fresh Tomato Salsa (Mild), Roasted Chili Corn Salsa (Medium), Tomatillo-Red Chili Salsa (Hot)], [Black Beans, Rice, Fajita Veggies, Lettuce]]",$8.49 
4084,1635,1,Veggie Salad,"[[Fresh Tomato Salsa (Mild), Roasted Chili Corn Salsa (Medium), Tomatillo-Red Chili Salsa (Hot)], [Black Beans, Rice, Fajita Veggies, Lettuce]]",$8.49 
48,22,1,Steak Burrito,"[[Fresh Tomato Salsa (Mild), Roasted Chili Corn Salsa (Medium), Tomatillo-Red Chili Salsa (Hot)], [Black Beans, Rice, Sour Cream]]",$8.99 
897,371,1,Steak Burrito,"[[Fresh Tomato Salsa (Mild), Roasted Chili Corn Salsa (Medium), Tomatillo-Red Chili Salsa (Hot)], [Black Beans, Rice, Sour Cream]]",$8.99 
1083,447,1,Steak Burrito,"[[Fresh Tomato Salsa (Mild), Roasted Chili Corn Salsa (Medium), Tomatillo-Red Chili Salsa (Hot)], [Black Beans, Rice, Sour Cream]]",$8.99 
1642,663,1,Barbacoa Soft Tacos,"[[Fresh Tomato Salsa (Mild), Roasted Chili Corn Salsa (Medium), Tomatillo-Red Chili Salsa (Hot)], [Pinto Beans, Cheese, Sour Cream, Lettuce]]",$8.99 
1926,779,1,Chicken Bowl,"[[Fresh Tomato Salsa (Mild), Roasted Chili Corn Salsa (Medium), Tomatillo-Red Chili Salsa (Hot)], [Pinto Beans, Rice, Fajita Veggies, Cheese, Sour Cream, Lettuce]]",$8.49 
1641,663,1,Chicken Burrito,"[[Fresh Tomato Salsa (Mild), Roasted Chili Corn Salsa (Medium), Tomatillo-Red Chili Salsa (Hot)], [Pinto Beans, Rice, Fajita Veggies, Cheese, Sour Cream, Lettuce]]",$8.49 
1659,671,1,Chicken Burrito,"[[Fresh Tomato Salsa (Mild), Roasted Chili Corn Salsa (Medium), Tomatillo-Red Chili Salsa (Hot)], [Rice, Fajita Veggies, Cheese, Lettuce]]",$8.49 
2168,875,1,Chicken Bowl,"[[Fresh Tomato Salsa (Mild), Roasted Chili Corn Salsa (Medium)], [Black Beans, Cheese, Guacamole]]",$10.98 
2049,825,1,Chicken Bowl,"[[Fresh Tomato Salsa (Mild), Roasted Chili Corn Salsa (Medium)], [Black Beans, Guacamole]]",$10.98 
1215,496,1,Steak Burrito,"[[Fresh Tomato Salsa (Mild), Roasted Chili Corn Salsa (Medium)], [Black Beans, Rice, Cheese, Lettuce]]",$8.99 
2237,901,1,Steak Burrito,"[[Fresh Tomato Salsa (Mild), Roasted Chili Corn Salsa (Medium)], [Black Beans, Rice, Cheese, Lettuce]]",$8.99 
1768,713,1,Veggie Burrito,"[[Fresh Tomato Salsa (Mild), Roasted Chili Corn Salsa (Medium)], [Black Beans, Rice, Cheese, Sour Cream, Guacamole]]",$10.98 
1947,787,1,Carnitas Burrito,"[[Fresh Tomato Salsa (Mild), Roasted Chili Corn Salsa (Medium)], [Black Beans, Rice, Cheese, Sour Cream, Lettuce]]",$8.99 
3107,1240,1,Chicken Bowl,"[[Fresh Tomato Salsa (Mild), Roasted Chili Corn Salsa (Medium)], [Black Beans, Rice, Cheese, Sour Cream, Lettuce]]",$8.49 
3725,1488,1,Chicken Bowl,"[[Fresh Tomato Salsa (Mild), Roasted Chili Corn Salsa (Medium)], [Black Beans, Rice, Cheese, Sour Cream, Lettuce]]",$8.49 
4087,1637,1,Chicken Bowl,"[[Fresh Tomato Salsa (Mild), Roasted Chili Corn Salsa (Medium)], [Black Beans, Rice, Cheese, Sour Cream, Lettuce]]",$8.49 
3029,1205,1,Veggie Burrito,"[[Fresh Tomato Salsa (Mild), Roasted Chili Corn Salsa (Medium)], [Black Beans, Rice, Cheese, Sour Cream, Lettuce]]",$8.49 
3750,1500,1,Carnitas Salad,"[[Fresh Tomato Salsa (Mild), Roasted Chili Corn Salsa (Medium)], [Black Beans, Rice, Cheese, Sour Cream]]",$8.99 
3954,1585,1,Veggie Burrito,"[[Fresh Tomato Salsa (Mild), Roasted Chili Corn Salsa (Medium)], [Black Beans, Rice, Fajita Veggies, Cheese, Lettuce]]",$8.49 
1777,718,1,Chicken Bowl,"[[Fresh Tomato Salsa (Mild), Roasted Chili Corn Salsa (Medium)], [Black Beans, Rice, Fajita Veggies, Cheese, Sour Cream, Guacamole, Lettuce]]",$10.98 
3023,1202,1,Chicken Bowl,"[[Fresh Tomato Salsa (Mild), Roasted Chili Corn Salsa (Medium)], [Black Beans, Rice, Fajita Veggies, Cheese, Sour Cream, Lettuce]]",$8.49 
2769,1099,1,Chicken Burrito,"[[Fresh Tomato Salsa (Mild), Roasted Chili Corn Salsa (Medium)], [Black Beans, Rice, Fajita Veggies, Cheese, Sour Cream, Lettuce]]",$8.49 
665,276,1,Steak Bowl,"[[Fresh Tomato Salsa (Mild), Roasted Chili Corn Salsa (Medium)], [Black Beans, Rice, Fajita Veggies, Cheese, Sour Cream, Lettuce]]",$8.99 
164,74,1,Veggie Bowl,"[[Fresh Tomato Salsa (Mild), Roasted Chili Corn Salsa (Medium)], [Black Beans, Rice, Fajita Veggies, Cheese, Sour Cream, Lettuce]]",$8.49 
1497,608,1,Veggie Burrito,"[[Fresh Tomato Salsa (Mild), Roasted Chili Corn Salsa (Medium)], [Black Beans, Rice, Fajita Veggies, Cheese, Sour Cream, Lettuce]]",$8.49 
1833,742,1,Veggie Bowl,"[[Fresh Tomato Salsa (Mild), Roasted Chili Corn Salsa (Medium)], [Black Beans, Rice, Fajita Veggies, Cheese, Sour Cream]]",$8.49 
2429,965,1,Chicken Bowl,"[[Fresh Tomato Salsa (Mild), Roasted Chili Corn Salsa (Medium)], [Black Beans, Rice, Fajita Veggies, Lettuce]]",$8.49 
2116,852,1,Steak Burrito,"[[Fresh Tomato Salsa (Mild), Roasted Chili Corn Salsa (Medium)], [Black Beans, Rice, Fajita Veggies, Sour Cream, Lettuce]]",$8.99 
2236,901,1,Steak Burrito,"[[Fresh Tomato Salsa (Mild), Roasted Chili Corn Salsa (Medium)], [Black Beans, Rice, Sour Cream, Guacamole, Lettuce]]",$11.48 
3397,1363,1,Veggie Bowl,"[[Fresh Tomato Salsa (Mild), Roasted Chili Corn Salsa (Medium)], [Cheese, Sour Cream, Lettuce]]",$8.49 
3133,1249,2,Chicken Bowl,"[[Fresh Tomato Salsa (Mild), Roasted Chili Corn Salsa (Medium)], [Fajita Veggies, Rice]]",$16.98 
1463,594,1,Chicken Burrito,"[[Fresh Tomato Salsa (Mild), Roasted Chili Corn Salsa (Medium)], [Pinto Beans, Black Beans, Rice, Fajita Veggies, Cheese, Lettuce]]",$8.49 
2770,1099,1,Chicken Burrito,"[[Fresh Tomato Salsa (Mild), Roasted Chili Corn Salsa (Medium)], [Pinto Beans, Black Beans, Rice, Fajita Veggies, Cheese, Sour Cream, Lettuce]]",$8.49 
272,119,1,Chicken Burrito,"[[Fresh Tomato Salsa (Mild), Roasted Chili Corn Salsa (Medium)], [Pinto Beans, Rice, Fajita Veggies, Cheese, Sour Cream, Lettuce]]",$8.49 
952,391,1,Steak Bowl,"[[Fresh Tomato Salsa (Mild), Roasted Chili Corn Salsa (Medium)], [Pinto Beans, Rice, Fajita Veggies, Cheese, Sour Cream, Lettuce]]",$8.99 
3751,1500,1,Steak Burrito,"[[Fresh Tomato Salsa (Mild), Roasted Chili Corn Salsa (Medium)], [Pinto Beans, Rice, Fajita Veggies, Cheese, Sour Cream]]",$8.99 
399,173,1,Carnitas Bowl,"[[Fresh Tomato Salsa (Mild), Roasted Chili Corn Salsa (Medium)], [Rice, Cheese, Lettuce]]",$8.99 
2476,983,1,Chicken Bowl,"[[Fresh Tomato Salsa (Mild), Roasted Chili Corn Salsa (Medium)], [Rice, Cheese, Sour Cream, Guacamole, Lettuce]]",$10.98 
3426,1376,1,Chicken Burrito,"[[Fresh Tomato Salsa (Mild), Roasted Chili Corn Salsa (Medium)], [Rice, Fajita Veggies, Cheese, Lettuce]]",$8.49 
1461,593,1,Steak Bowl,"[[Fresh Tomato Salsa (Mild), Roasted Chili Corn Salsa (Medium)], [Rice, Fajita Veggies, Cheese, Sour Cream, Guacamole, Lettuce]]",$11.48 
1433,580,1,Veggie Bowl,"[[Fresh Tomato Salsa (Mild), Roasted Chili Corn Salsa (Medium)], [Rice, Fajita Veggies, Lettuce]]",$8.49 
1694,686,1,Veggie Salad,"[[Fresh Tomato Salsa (Mild), Roasted Chili Corn Salsa (Medium)], [Rice, Fajita Veggies, Lettuce]]",$8.49 
3470,1395,1,Veggie Burrito,"[[Fresh Tomato Salsa (Mild), Roasted Chili Corn Salsa (Medium)], [Rice, Fajita Veggies, Sour Cream]]",$8.49 
1432,580,1,Chicken Bowl,"[[Fresh Tomato Salsa (Mild), Roasted Chili Corn Salsa (Medium)], [Rice, Fajita Veggies]]",$8.49 
1693,686,1,Chicken Bowl,"[[Fresh Tomato Salsa (Mild), Roasted Chili Corn Salsa (Medium)], [Rice, Fajita Veggies]]",$8.49 
2062,832,1,Chicken Bowl,"[[Fresh Tomato Salsa (Mild), Roasted Chili Corn Salsa (Medium)], [Rice, Fajita Veggies]]",$8.49 
2339,932,2,Chicken Bowl,"[[Fresh Tomato Salsa (Mild), Roasted Chili Corn Salsa (Medium)], [Rice, Fajita Veggies]]",$16.98 
2063,832,1,Veggie Bowl,"[[Fresh Tomato Salsa (Mild), Roasted Chili Corn Salsa (Medium)], [Rice, Fajita Veggies]]",$8.49 
2008,810,1,Steak Burrito,"[[Fresh Tomato Salsa (Mild), Roasted Chili Corn Salsa (Medium)], [Rice, Guacamole, Lettuce]]",$11.48 
798,328,1,Chicken Bowl,"[[Fresh Tomato Salsa (Mild), Roasted Chili Corn Salsa (Medium)], [Rice, Sour Cream, Guacamole, Lettuce]]",$10.98 
4005,1604,1,Chicken Bowl,"[[Fresh Tomato Salsa (Mild), Tomatillo-Green Chili Salsa (Medium), Roasted Chili Corn Salsa (Medium), Tomatillo-Red Chili Salsa (Hot)], [Black Beans, Rice, Fajita Veggies, Cheese, Sour Cream]]",$8.49 
3144,1254,1,Steak Bowl,"[[Fresh Tomato Salsa (Mild), Tomatillo-Green Chili Salsa (Medium), Roasted Chili Corn Salsa (Medium), Tomatillo-Red Chili Salsa (Hot)], [Black Beans, Rice, Fajita Veggies, Cheese, Sour Cream]]",$8.99 
3787,1516,1,Steak Bowl,"[[Fresh Tomato Salsa (Mild), Tomatillo-Green Chili Salsa (Medium), Roasted Chili Corn Salsa (Medium), Tomatillo-Red Chili Salsa (Hot)], [Black Beans, Rice, Fajita Veggies, Cheese, Sour Cream]]",$8.99 
3870,1552,1,Steak Soft Tacos,"[[Fresh Tomato Salsa (Mild), Tomatillo-Green Chili Salsa (Medium), Roasted Chili Corn Salsa (Medium), Tomatillo-Red Chili Salsa (Hot)], [Cheese, Sour Cream]]",$8.99 
2234,900,1,Steak Bowl,"[[Fresh Tomato Salsa (Mild), Tomatillo-Green Chili Salsa (Medium), Roasted Chili Corn Salsa (Medium), Tomatillo-Red Chili Salsa (Hot)], [Pinto Beans, Black Beans, Rice, Cheese, Sour Cream]]",$8.99 
3659,1463,1,Veggie Bowl,"[[Fresh Tomato Salsa (Mild), Tomatillo-Green Chili Salsa (Medium), Roasted Chili Corn Salsa (Medium), Tomatillo-Red Chili Salsa (Hot)], [Pinto Beans, Rice, Fajita Veggies, Cheese, Sour Cream, Lettuce]]",$8.49 
2537,1007,1,Carnitas Bowl,"[[Fresh Tomato Salsa (Mild), Tomatillo-Green Chili Salsa (Medium), Roasted Chili Corn Salsa (Medium)], [Black Beans, Rice, Cheese]]",$8.99 
409,178,3,Chicken Bowl,"[[Fresh Tomato Salsa (Mild), Tomatillo-Green Chili Salsa (Medium), Roasted Chili Corn Salsa (Medium)], [Black Beans, Rice, Fajita Veggies, Cheese, Guacamole, Lettuce]]",$32.94 
3469,1395,1,Veggie Burrito,"[[Fresh Tomato Salsa (Mild), Tomatillo-Green Chili Salsa (Medium), Roasted Chili Corn Salsa (Medium)], [Black Beans, Rice, Fajita Veggies, Sour Cream, Lettuce]]",$8.49 
1943,787,1,Steak Bowl,"[[Fresh Tomato Salsa (Mild), Tomatillo-Green Chili Salsa (Medium), Roasted Chili Corn Salsa (Medium)], [Pinto Beans, Rice, Cheese, Sour Cream, Lettuce]]",$8.99 
3319,1330,1,Chicken Burrito,"[[Fresh Tomato Salsa (Mild), Tomatillo-Green Chili Salsa (Medium), Roasted Chili Corn Salsa (Medium)], [Pinto Beans, Rice, Fajita Veggies, Cheese, Lettuce]]",$8.49 
2040,820,1,Chicken Burrito,"[[Fresh Tomato Salsa (Mild), Tomatillo-Green Chili Salsa (Medium), Tomatillo-Red Chili Salsa (Hot)], [Pinto Beans, Black Beans, Rice, Fajita Veggies, Cheese, Sour Cream, Lettuce]]",$8.49 
21,11,1,Barbacoa Burrito,"[[Fresh Tomato Salsa (Mild), Tomatillo-Green Chili Salsa (Medium), Tomatillo-Red Chili Salsa (Hot)], [Rice, Cheese, Sour Cream, Lettuce]]",$8.99 
1009,414,1,Chicken Burrito,"[[Fresh Tomato Salsa (Mild), Tomatillo-Green Chili Salsa (Medium)], [Black Beans, Rice, Fajita Veggies, Cheese, Sour Cream]]",$8.49 
3321,1330,1,Barbacoa Crispy Tacos,"[[Fresh Tomato Salsa (Mild), Tomatillo-Green Chili Salsa (Medium)], [Pinto Beans, Rice, Fajita Veggies, Cheese, Sour Cream, Lettuce]]",$8.99 
3105,1239,1,Steak Soft Tacos,"[[Fresh Tomato Salsa (Mild), Tomatillo-Green Chili Salsa (Medium)], [Rice, Fajita Veggies, Cheese, Guacamole, Lettuce]]",$11.48 
3625,1451,1,Steak Soft Tacos,"[[Fresh Tomato Salsa (Mild), Tomatillo-Green Chili Salsa (Medium)], [Rice, Fajita Veggies, Cheese, Guacamole, Lettuce]]",$11.48 
2945,1170,1,Chicken Bowl,"[[Fresh Tomato Salsa (Mild), Tomatillo-Green Chili Salsa (Medium)], [Rice, Fajita Veggies, Cheese, Sour Cream, Lettuce]]",$8.49 
3359,1348,1,Chicken Bowl,"[[Fresh Tomato Salsa (Mild), Tomatillo-Green Chili Salsa (Medium)], [Rice, Fajita Veggies, Cheese, Sour Cream, Lettuce]]",$8.49 
3244,1299,1,Carnitas Bowl,"[[Fresh Tomato Salsa (Mild), Tomatillo-Green Chili Salsa (Medium)], [Rice, Fajita Veggies, Lettuce]]",$8.99 
1721,694,1,Steak Soft Tacos,"[[Fresh Tomato Salsa (Mild), Tomatillo-Red Chili Salsa (Hot)], [Black Beans, Rice, Cheese, Sour Cream, Guacamole, Lettuce]]",$11.48 
1207,492,1,Chicken Bowl,"[[Fresh Tomato Salsa (Mild), Tomatillo-Red Chili Salsa (Hot)], [Black Beans, Rice, Cheese, Sour Cream, Guacamole]]",$10.98 
2038,819,1,Chicken Bowl,"[[Fresh Tomato Salsa (Mild), Tomatillo-Red Chili Salsa (Hot)], [Black Beans, Rice, Cheese, Sour Cream, Guacamole]]",$10.98 
3741,1495,1,Chicken Bowl,"[[Fresh Tomato Salsa (Mild), Tomatillo-Red Chili Salsa (Hot)], [Black Beans, Rice, Cheese, Sour Cream, Guacamole]]",$10.98 
1532,624,1,Barbacoa Burrito,"[[Fresh Tomato Salsa (Mild), Tomatillo-Red Chili Salsa (Hot)], [Black Beans, Rice, Cheese, Sour Cream]]",$8.99 
995,409,1,Chicken Bowl,"[[Fresh Tomato Salsa (Mild), Tomatillo-Red Chili Salsa (Hot)], [Black Beans, Rice, Cheese, Sour Cream]]",$8.49 
1058,436,1,Chicken Bowl,"[[Fresh Tomato Salsa (Mild), Tomatillo-Red Chili Salsa (Hot)], [Black Beans, Rice, Cheese, Sour Cream]]",$8.49 
1303,531,1,Chicken Bowl,"[[Fresh Tomato Salsa (Mild), Tomatillo-Red Chili Salsa (Hot)], [Black Beans, Rice, Cheese, Sour Cream]]",$8.49 
1645,665,1,Chicken Bowl,"[[Fresh Tomato Salsa (Mild), Tomatillo-Red Chili Salsa (Hot)], [Black Beans, Rice, Cheese, Sour Cream]]",$8.49 
1787,723,1,Chicken Bowl,"[[Fresh Tomato Salsa (Mild), Tomatillo-Red Chili Salsa (Hot)], [Black Beans, Rice, Cheese, Sour Cream]]",$8.49 
1802,729,1,Chicken Bowl,"[[Fresh Tomato Salsa (Mild), Tomatillo-Red Chili Salsa (Hot)], [Black Beans, Rice, Cheese, Sour Cream]]",$8.49 
1904,769,1,Chicken Bowl,"[[Fresh Tomato Salsa (Mild), Tomatillo-Red Chili Salsa (Hot)], [Black Beans, Rice, Cheese, Sour Cream]]",$8.49 
3953,1585,1,Steak Burrito,"[[Fresh Tomato Salsa (Mild), Tomatillo-Red Chili Salsa (Hot)], [Black Beans, Rice, Fajita Veggies, Cheese, Lettuce]]",$8.99 
2773,1101,1,Veggie Bowl,"[[Fresh Tomato Salsa (Mild), Tomatillo-Red Chili Salsa (Hot)], [Black Beans, Rice, Fajita Veggies, Cheese, Sour Cream, Guacamole, Lettuce]]",$10.98 
2146,865,1,Chicken Bowl,"[[Fresh Tomato Salsa (Mild), Tomatillo-Red Chili Salsa (Hot)], [Guacamole, Rice, Black Beans, Cheese, Sour Cream]]",$10.98 
1144,472,1,Steak Burrito,"[[Fresh Tomato Salsa (Mild), Tomatillo-Red Chili Salsa (Hot)], [Pinto Beans, Fajita Veggies, Cheese, Guacamole]]",$11.48 
4009,1605,1,Steak Burrito,"[[Fresh Tomato Salsa (Mild), Tomatillo-Red Chili Salsa (Hot)], [Pinto Beans, Rice, Cheese, Sour Cream, Lettuce]]",$8.99 
3362,1349,1,Steak Burrito,"[[Fresh Tomato Salsa (Mild), Tomatillo-Red Chili Salsa (Hot)], [Pinto Beans, Rice, Cheese, Sour Cream]]",$8.99 
3339,1339,1,Steak Burrito,"[[Fresh Tomato Salsa (Mild), Tomatillo-Red Chili Salsa (Hot)], [Rice, Cheese, Sour Cream, Guacamole, Lettuce]]",$11.48 
1321,539,1,Steak Burrito,"[[Fresh Tomato Salsa (Mild), Tomatillo-Red Chili Salsa (Hot)], [Rice, Cheese, Sour Cream, Guacamole]]",$11.48 
2825,1122,1,Steak Burrito,"[[Fresh Tomato Salsa (Mild), Tomatillo-Red Chili Salsa (Hot)], [Rice, Cheese, Sour Cream, Lettuce]]",$8.99 
3433,1379,1,Steak Burrito,"[[Fresh Tomato Salsa (Mild), Tomatillo-Red Chili Salsa (Hot)], [Rice, Cheese, Sour Cream]]",$8.99 
3739,1494,1,Steak Burrito,"[[Fresh Tomato Salsa (Mild), Tomatillo-Red Chili Salsa (Hot)], [Rice, Cheese, Sour Cream]]",$8.99 
3027,1204,1,Chicken Burrito,"[[Fresh Tomato Salsa (Mild), Tomatillo-Red Chili Salsa (Hot)], [Rice, Fajita Veggies, Cheese, Lettuce]]",$8.49 
2160,872,1,Chicken Burrito,"[[Fresh Tomato Salsa (Mild), Tomatillo-Red Chili Salsa (Hot)], [Rice, Fajita Veggies, Cheese, Sour Cream, Guacamole, Lettuce]]",$10.98 
3539,1423,1,Chicken Burrito,"[[Lettuce, Fajita Veggies, Rice]]",$8.19 
3501,1406,1,Steak Burrito,"[[Lettuce, Fajita Veggies, Rice]]",$8.69 
3532,1420,1,Steak Burrito,"[[Lettuce, Fajita Veggies, Rice]]",$8.69 
3540,1423,1,Steak Burrito,"[[Lettuce, Fajita Veggies, Rice]]",$8.69 
4068,1628,1,Steak Burrito,"[[Lettuce, Fajita Veggies, Rice]]",$8.69 
3502,1406,1,Steak Salad,"[[Lettuce, Fajita Veggies]]",$8.69 
4067,1628,1,Chicken Burrito,"[[Lettuce, Rice, Fajita Veggies]]",$8.19 
3823,1533,2,Chicken Burrito,"[[Lettuce, Rice]]",$16.38 
4056,1624,1,Barbacoa Bowl,"[[Rice, Cheese]]",$8.69 
3139,1252,1,Chicken Burrito,"[[Rice, Cheese]]",$8.19 
3519,1415,1,Chicken Burrito,"[[Rice, Cheese]]",$8.19 
753,311,1,Steak Bowl,"[[Roasted Chili Corn Salsa (Medium), Fresh Tomato Salsa (Mild)], [Cheese, Fajita Veggies, Lettuce, Sour Cream, Rice, Black Beans]]",$8.99 
3087,1230,1,Chicken Bowl,"[[Roasted Chili Corn Salsa (Medium), Fresh Tomato Salsa (Mild)], [Fajita Veggies, Lettuce, Rice, Black Beans]]",$8.49 
1289,525,1,Steak Burrito,"[[Roasted Chili Corn Salsa (Medium), Fresh Tomato Salsa (Mild)], [Lettuce, Black Beans, Sour Cream, Cheese, Rice, Fajita Veggies, Pinto Beans]]",$8.99 
2846,1131,1,Steak Burrito,"[[Roasted Chili Corn Salsa (Medium), Fresh Tomato Salsa (Mild)], [Rice, Black Beans, Cheese, Lettuce]]",$8.99 
1273,518,1,Chicken Burrito,"[[Roasted Chili Corn Salsa (Medium), Fresh Tomato Salsa (Mild)], [Rice, Black Beans, Fajita Veggies, Cheese, Sour Cream, Guacamole, Lettuce]]",$10.98 
817,338,1,Chicken Bowl,"[[Roasted Chili Corn Salsa (Medium), Fresh Tomato Salsa (Mild)], [Rice, Black Beans, Fajita Veggies, Cheese, Sour Cream, Guacamole]]",$10.98 
3509,1411,1,Chicken Bowl,"[[Roasted Chili Corn Salsa (Medium), Fresh Tomato Salsa (Mild)], [Rice, Black Beans, Fajita Veggies, Guacamole]]",$10.98 
3684,1476,1,Chicken Bowl,"[[Roasted Chili Corn Salsa (Medium), Fresh Tomato Salsa (Mild)], [Rice, Black Beans, Fajita Veggies, Guacamole]]",$10.98 
435,189,1,Veggie Burrito,"[[Roasted Chili Corn Salsa (Medium), Fresh Tomato Salsa (Mild)], [Rice, Black Beans, Pinto Beans, Fajita Veggies, Guacamole, Lettuce]]",$10.98 
31,16,1,Steak Burrito,"[[Roasted Chili Corn Salsa (Medium), Fresh Tomato Salsa (Mild)], [Rice, Black Beans, Sour Cream]]",$8.99 
2580,1023,2,Chicken Bowl,"[[Roasted Chili Corn Salsa (Medium), Fresh Tomato Salsa (Mild)], [Rice, Fajita Veggies]]",$16.98 
2771,1100,2,Chicken Bowl,"[[Roasted Chili Corn Salsa (Medium), Fresh Tomato Salsa (Mild)], [Rice, Fajita Veggies]]",$16.98 
3080,1227,2,Chicken Bowl,"[[Roasted Chili Corn Salsa (Medium), Fresh Tomato Salsa (Mild)], [Rice, Fajita Veggies]]",$16.98 
3663,1465,2,Chicken Bowl,"[[Roasted Chili Corn Salsa (Medium), Fresh Tomato Salsa (Mild)], [Rice, Fajita Veggies]]",$16.98 
3976,1593,2,Chicken Bowl,"[[Roasted Chili Corn Salsa (Medium), Fresh Tomato Salsa (Mild)], [Rice, Fajita Veggies]]",$16.98 
712,293,1,Steak Burrito,"[[Roasted Chili Corn Salsa (Medium), Fresh Tomato Salsa (Mild)], [Rice, Pinto Beans, Cheese, Sour Cream, Guacamole, Lettuce]]",$11.48 
437,190,1,Steak Crispy Tacos,"[[Roasted Chili Corn Salsa (Medium), Tomatillo-Green Chili Salsa (Medium)], [Rice, Black Beans, Cheese, Sour Cream]]",$8.99 
2205,889,1,Steak Burrito,"[[Roasted Chili Corn Salsa (Medium), Tomatillo-Green Chili Salsa (Medium)], [Rice, Black Beans, Pinto Beans, Fajita Veggies, Cheese, Sour Cream, Lettuce]]",$8.99 
1072,442,1,Steak Burrito,"[[Roasted Chili Corn Salsa (Medium), Tomatillo-Green Chili Salsa (Medium)], [Rice, Black Beans, Sour Cream, Guacamole]]",$11.48 
1510,614,1,Steak Burrito,"[[Roasted Chili Corn Salsa (Medium), Tomatillo-Green Chili Salsa (Medium)], [Rice, Black Beans, Sour Cream]]",$8.99 
3153,1258,1,Steak Burrito,"[[Roasted Chili Corn Salsa (Medium), Tomatillo-Green Chili Salsa (Medium)], [Rice, Black Beans, Sour Cream]]",$8.99 
3424,1375,1,Chicken Bowl,"[[Roasted Chili Corn Salsa (Medium), Tomatillo-Green Chili Salsa (Medium)], [Rice, Fajita Veggies, Cheese, Sour Cream, Lettuce]]",$8.49 
1839,745,1,Chicken Bowl,"[[Roasted Chili Corn Salsa (Medium), Tomatillo-Red Chili Salsa (Hot), Fresh Tomato Salsa (Mild), Tomatillo-Green Chili Salsa (Medium)], [Rice, Black Beans, Fajita Veggies, Cheese, Sour Cream]]",$8.49 
1975,797,1,Steak Bowl,"[[Roasted Chili Corn Salsa (Medium), Tomatillo-Red Chili Salsa (Hot), Fresh Tomato Salsa (Mild), Tomatillo-Green Chili Salsa (Medium)], [Rice, Black Beans, Fajita Veggies, Cheese, Sour Cream]]",$8.99 
2856,1135,1,Steak Bowl,"[[Roasted Chili Corn Salsa (Medium), Tomatillo-Red Chili Salsa (Hot), Fresh Tomato Salsa (Mild), Tomatillo-Green Chili Salsa (Medium)], [Rice, Black Beans, Fajita Veggies, Cheese, Sour Cream]]",$8.99 
3682,1475,1,Steak Burrito,"[[Roasted Chili Corn Salsa (Medium), Tomatillo-Red Chili Salsa (Hot), Fresh Tomato Salsa (Mild)], [Rice, Black Beans, Pinto Beans, Cheese, Sour Cream, Lettuce]]",$8.99 
3004,1194,1,Carnitas Bowl,"[[Roasted Chili Corn Salsa (Medium), Tomatillo-Red Chili Salsa (Hot), Fresh Tomato Salsa (Mild)], [Rice, Pinto Beans, Fajita Veggies, Cheese, Sour Cream, Lettuce]]",$8.99 
3003,1194,1,Chicken Bowl,"[[Roasted Chili Corn Salsa (Medium), Tomatillo-Red Chili Salsa (Hot), Fresh Tomato Salsa (Mild)], [Rice, Pinto Beans, Fajita Veggies, Cheese, Sour Cream, Lettuce]]",$8.49 
3510,1411,1,Chicken Bowl,"[[Roasted Chili Corn Salsa (Medium), Tomatillo-Red Chili Salsa (Hot), Fresh Tomato Salsa (Mild)], [Rice, Pinto Beans, Fajita Veggies, Cheese, Sour Cream, Lettuce]]",$8.49 
3685,1476,1,Chicken Bowl,"[[Roasted Chili Corn Salsa (Medium), Tomatillo-Red Chili Salsa (Hot), Fresh Tomato Salsa (Mild)], [Rice, Pinto Beans, Fajita Veggies, Cheese, Sour Cream, Lettuce]]",$8.49 
3161,1262,1,Steak Burrito,"[[Roasted Chili Corn Salsa (Medium), Tomatillo-Red Chili Salsa (Hot), Fresh Tomato Salsa (Mild)], [Rice, Pinto Beans, Fajita Veggies, Cheese, Sour Cream, Lettuce]]",$8.99 
2471,980,1,Veggie Bowl,"[[Roasted Chili Corn Salsa (Medium), Tomatillo-Red Chili Salsa (Hot)], [Black Beans, Rice, Cheese, Guacamole, Lettuce]]",$10.98 
2980,1186,1,Carnitas Bowl,"[[Roasted Chili Corn Salsa (Medium), Tomatillo-Red Chili Salsa (Hot)], [Black Beans, Rice, Cheese, Lettuce]]",$8.99 
3896,1562,1,Chicken Burrito,"[[Roasted Chili Corn Salsa (Medium), Tomatillo-Red Chili Salsa (Hot)], [Black Beans, Rice, Cheese, Sour Cream, Lettuce]]",$8.49 
2817,1118,1,Steak Burrito,"[[Roasted Chili Corn Salsa (Medium), Tomatillo-Red Chili Salsa (Hot)], [Black Beans, Rice, Cheese, Sour Cream, Lettuce]]",$8.99 
2852,1133,1,Steak Burrito,"[[Roasted Chili Corn Salsa (Medium), Tomatillo-Red Chili Salsa (Hot)], [Black Beans, Rice, Cheese, Sour Cream, Lettuce]]",$8.99 
2885,1147,1,Steak Burrito,"[[Roasted Chili Corn Salsa (Medium), Tomatillo-Red Chili Salsa (Hot)], [Black Beans, Rice, Cheese, Sour Cream, Lettuce]]",$8.99 
3014,1198,1,Steak Burrito,"[[Roasted Chili Corn Salsa (Medium), Tomatillo-Red Chili Salsa (Hot)], [Black Beans, Rice, Cheese, Sour Cream, Lettuce]]",$8.99 
3247,1300,1,Steak Burrito,"[[Roasted Chili Corn Salsa (Medium), Tomatillo-Red Chili Salsa (Hot)], [Black Beans, Rice, Cheese, Sour Cream, Lettuce]]",$8.99 
2243,904,1,Barbacoa Burrito,"[[Roasted Chili Corn Salsa (Medium), Tomatillo-Red Chili Salsa (Hot)], [Black Beans, Rice, Cheese, Sour Cream]]",$8.99 
161,73,1,Chicken Burrito,"[[Roasted Chili Corn Salsa (Medium), Tomatillo-Red Chili Salsa (Hot)], [Black Beans, Rice, Fajita Veggies, Cheese, Guacamole, Lettuce]]",$10.98 
159,72,1,Chicken Burrito,"[[Roasted Chili Corn Salsa (Medium), Tomatillo-Red Chili Salsa (Hot)], [Black Beans, Rice, Fajita Veggies, Cheese, Sour Cream, Guacamole, Lettuce]]",$10.98 
3007,1195,1,Steak Bowl,"[[Roasted Chili Corn Salsa (Medium), Tomatillo-Red Chili Salsa (Hot)], [Black Beans, Rice, Fajita Veggies, Cheese, Sour Cream, Lettuce]]",$8.99 
199,89,1,Chicken Bowl,"[[Roasted Chili Corn Salsa (Medium), Tomatillo-Red Chili Salsa (Hot)], [Black Beans, Rice, Fajita Veggies, Guacamole, Lettuce]]",$10.98 
3591,1440,1,Chicken Bowl,"[[Roasted Chili Corn Salsa (Medium), Tomatillo-Red Chili Salsa (Hot)], [Black Beans, Rice, Fajita Veggies, Guacamole, Lettuce]]",$10.98 
3431,1378,1,Chicken Burrito,"[[Roasted Chili Corn Salsa (Medium), Tomatillo-Red Chili Salsa (Hot)], [Cheese, Lettuce]]",$8.49 
429,186,1,Barbacoa Crispy Tacos,"[[Roasted Chili Corn Salsa (Medium), Tomatillo-Red Chili Salsa (Hot)], [Cheese, Sour Cream, Guacamole]]",$11.48 
118,52,1,Steak Soft Tacos,"[[Roasted Chili Corn Salsa (Medium), Tomatillo-Red Chili Salsa (Hot)], [Cheese, Sour Cream, Lettuce]]",$8.99 
1456,591,1,Chicken Bowl,"[[Roasted Chili Corn Salsa (Medium), Tomatillo-Red Chili Salsa (Hot)], [Pinto Beans, Rice, Fajita Veggies, Cheese, Lettuce]]",$8.49 
1919,775,1,Steak Burrito,"[[Roasted Chili Corn Salsa (Medium), Tomatillo-Red Chili Salsa (Hot)], [Pinto Beans, Rice, Fajita Veggies, Cheese, Sour Cream, Lettuce]]",$8.99 
1743,703,1,Chicken Bowl,"[[Roasted Chili Corn Salsa (Medium), Tomatillo-Red Chili Salsa (Hot)], [Pinto Beans, Rice, Fajita Veggies, Cheese]]",$8.49 
1179,485,1,Barbacoa Bowl,"[[Roasted Chili Corn Salsa (Medium), Tomatillo-Red Chili Salsa (Hot)], [Pinto Beans, Rice, Fajita Veggies]]",$8.99 
1178,485,1,Chicken Bowl,"[[Roasted Chili Corn Salsa (Medium), Tomatillo-Red Chili Salsa (Hot)], [Pinto Beans, Rice, Fajita Veggies]]",$8.49 
3432,1378,1,Steak Bowl,"[[Roasted Chili Corn Salsa (Medium), Tomatillo-Red Chili Salsa (Hot)], [Rice, Cheese, Lettuce]]",$8.99 
428,186,1,Steak Bowl,"[[Roasted Chili Corn Salsa (Medium), Tomatillo-Red Chili Salsa (Hot)], [Rice, Cheese, Sour Cream, Guacamole]]",$11.48 
595,245,1,Steak Bowl,"[[Roasted Chili Corn Salsa (Medium), Tomatillo-Red Chili Salsa (Hot)], [Rice, Cheese, Sour Cream, Guacamole]]",$11.48 
324,141,1,Chicken Soft Tacos,"[[Roasted Chili Corn Salsa (Medium), Tomatillo-Red Chili Salsa (Hot)], [Rice, Fajita Veggies, Cheese, Lettuce]]",$8.49 
3338,1338,1,Carnitas Bowl,"[[Roasted Chili Corn Salsa (Medium), Tomatillo-Red Chili Salsa (Hot)], [Rice, Pinto Beans, Lettuce]]",$8.99 
3658,1462,2,Chicken Soft Tacos,"[[Tomatillo-Green Chili Salsa (Medium), Fresh Tomato Salsa (Mild)], [Cheese, Sour Cream, Guacamole]]",$21.96 
2954,1175,2,Steak Burrito,"[[Tomatillo-Green Chili Salsa (Medium), Roasted Chili Corn Salsa (Medium), Tomatillo-Red Chili Salsa (Hot)], [Black Beans, Rice, Cheese, Sour Cream, Guacamole, Lettuce]]",$22.96 
2482,985,1,Veggie Burrito,"[[Tomatillo-Green Chili Salsa (Medium), Roasted Chili Corn Salsa (Medium), Tomatillo-Red Chili Salsa (Hot)], [Black Beans, Rice, Fajita Veggies, Guacamole, Lettuce]]",$10.98 
3820,1532,1,Veggie Bowl,"[[Tomatillo-Green Chili Salsa (Medium), Roasted Chili Corn Salsa (Medium), Tomatillo-Red Chili Salsa (Hot)], [Black Beans, Rice, Fajita Veggies, Lettuce]]",$8.49 
2755,1094,1,Veggie Burrito,"[[Tomatillo-Green Chili Salsa (Medium), Roasted Chili Corn Salsa (Medium), Tomatillo-Red Chili Salsa (Hot)], [Black Beans, Rice, Fajita Veggies, Lettuce]]",$8.49 
3755,1503,1,Veggie Burrito,"[[Tomatillo-Green Chili Salsa (Medium), Roasted Chili Corn Salsa (Medium), Tomatillo-Red Chili Salsa (Hot)], [Black Beans, Rice, Fajita Veggies, Lettuce]]",$8.49 
3821,1532,1,Veggie Burrito,"[[Tomatillo-Green Chili Salsa (Medium), Roasted Chili Corn Salsa (Medium), Tomatillo-Red Chili Salsa (Hot)], [Black Beans, Rice, Fajita Veggies, Lettuce]]",$8.49 
2756,1094,1,Veggie Salad,"[[Tomatillo-Green Chili Salsa (Medium), Roasted Chili Corn Salsa (Medium), Tomatillo-Red Chili Salsa (Hot)], [Black Beans, Rice, Fajita Veggies, Lettuce]]",$8.49 
3471,1395,1,Veggie Salad,"[[Tomatillo-Green Chili Salsa (Medium), Roasted Chili Corn Salsa (Medium), Tomatillo-Red Chili Salsa (Hot)], [Black Beans, Rice, Fajita Veggies, Lettuce]]",$8.49 
1320,538,1,Chicken Burrito,"[[Tomatillo-Green Chili Salsa (Medium), Roasted Chili Corn Salsa (Medium), Tomatillo-Red Chili Salsa (Hot)], [Pinto Beans, Rice, Fajita Veggies, Cheese, Sour Cream, Guacamole, Lettuce]]",$10.98 
1946,787,1,Steak Burrito,"[[Tomatillo-Green Chili Salsa (Medium), Roasted Chili Corn Salsa (Medium), Tomatillo-Red Chili Salsa (Hot)], [Pinto Beans, Rice, Fajita Veggies, Cheese, Sour Cream, Lettuce]]",$8.99 
2039,820,1,Veggie Bowl,"[[Tomatillo-Green Chili Salsa (Medium), Roasted Chili Corn Salsa (Medium), Tomatillo-Red Chili Salsa (Hot)], [Pinto Beans, Rice, Fajita Veggies, Cheese, Sour Cream, Lettuce]]",$8.49 
471,202,1,Barbacoa Bowl,"[[Tomatillo-Green Chili Salsa (Medium), Roasted Chili Corn Salsa (Medium)], [Black Beans, Rice, Cheese, Guacamole]]",$11.48 
1066,439,1,Chicken Bowl,"[[Tomatillo-Green Chili Salsa (Medium), Roasted Chili Corn Salsa (Medium)], [Black Beans, Rice, Cheese, Sour Cream, Lettuce]]",$8.49 
1029,424,1,Chicken Burrito,"[[Tomatillo-Green Chili Salsa (Medium), Roasted Chili Corn Salsa (Medium)], [Black Beans, Rice, Cheese]]",$8.49 
2582,1025,1,Chicken Bowl,"[[Tomatillo-Green Chili Salsa (Medium), Roasted Chili Corn Salsa (Medium)], [Black Beans, Rice, Fajita Veggies, Cheese, Sour Cream, Guacamole]]",$10.98 
1796,726,1,Chicken Bowl,"[[Tomatillo-Green Chili Salsa (Medium), Roasted Chili Corn Salsa (Medium)], [Black Beans, Rice, Fajita Veggies, Cheese, Sour Cream, Lettuce]]",$8.49 
1365,558,1,Steak Soft Tacos,"[[Tomatillo-Green Chili Salsa (Medium), Roasted Chili Corn Salsa (Medium)], [Black Beans, Rice, Fajita Veggies, Cheese, Sour Cream, Lettuce]]",$8.99 
27,14,1,Carnitas Burrito,"[[Tomatillo-Green Chili Salsa (Medium), Roasted Chili Corn Salsa (Medium)], [Black Beans, Rice, Sour Cream, Lettuce]]",$8.99 
2159,871,1,Chicken Burrito,"[[Tomatillo-Green Chili Salsa (Medium), Roasted Chili Corn Salsa (Medium)], [Pinto Beans, Black Beans, Rice, Fajita Veggies, Cheese, Sour Cream, Guacamole, Lettuce]]",$10.98 
1065,439,1,Chicken Salad,"[[Tomatillo-Green Chili Salsa (Medium), Roasted Chili Corn Salsa (Medium)], [Rice, Cheese, Sour Cream, Guacamole, Lettuce]]",$10.98 
1354,553,1,Steak Bowl,"[[Tomatillo-Green Chili Salsa (Medium), Roasted Chili Corn Salsa (Medium)], [Rice, Cheese, Sour Cream, Guacamole, Lettuce]]",$11.48 
1383,562,1,Barbacoa Bowl,"[[Tomatillo-Green Chili Salsa (Medium), Roasted Chili Corn Salsa (Medium)], [Rice, Fajita Veggies, Guacamole, Lettuce]]",$11.48 
3908,1567,1,Chicken Bowl,"[[Tomatillo-Green Chili Salsa (Medium), Roasted Chili Corn Salsa (Medium)], [Rice, Fajita Veggies, Guacamole, Lettuce]]",$10.98 
1650,667,1,Barbacoa Bowl,"[[Tomatillo-Green Chili Salsa (Medium), Tomatillo-Red Chili Salsa (Hot)], [Black Beans, Rice, Cheese, Lettuce]]",$8.99 
1056,435,1,Chicken Burrito,"[[Tomatillo-Green Chili Salsa (Medium), Tomatillo-Red Chili Salsa (Hot)], [Black Beans, Rice, Cheese, Sour Cream, Guacamole]]",$10.98 
1262,513,2,Steak Burrito,"[[Tomatillo-Green Chili Salsa (Medium), Tomatillo-Red Chili Salsa (Hot)], [Black Beans, Rice, Fajita Veggies, Sour Cream]]",$17.98 
23,12,1,Chicken Burrito,"[[Tomatillo-Green Chili Salsa (Medium), Tomatillo-Red Chili Salsa (Hot)], [Pinto Beans, Rice, Cheese, Sour Cream, Guacamole, Lettuce]]",$10.98 
3673,1470,1,Chicken Bowl,"[[Tomatillo-Green Chili Salsa (Medium), Tomatillo-Red Chili Salsa (Hot)], [Pinto Beans, Rice, Fajita Veggies, Cheese, Sour Cream, Guacamole]]",$10.98 
2521,1002,1,Barbacoa Burrito,"[[Tomatillo-Green Chili Salsa (Medium), Tomatillo-Red Chili Salsa (Hot)], [Rice, Cheese, Sour Cream, Lettuce]]",$8.99 
249,108,1,Barbacoa Burrito,"[[Tomatillo-Red Chili Salsa (Hot), Fresh Tomato Salsa (Mild), Tomatillo-Green Chili Salsa (Medium)], [Rice, Pinto Beans, Cheese]]",$8.99 
2488,988,1,Carnitas Bowl,"[[Tomatillo-Red Chili Salsa (Hot), Fresh Tomato Salsa (Mild)], [Pinto Beans, Cheese, Guacamole, Lettuce]]",$11.48 
170,76,1,Chicken Burrito,"[[Tomatillo-Red Chili Salsa (Hot), Fresh Tomato Salsa (Mild)], [Rice, Black Beans, Cheese, Lettuce]]",$8.49 
3337,1338,1,Steak Bowl,"[[Tomatillo-Red Chili Salsa (Hot), Fresh Tomato Salsa (Mild)], [Rice, Black Beans, Lettuce]]",$8.99 
1430,579,1,Carnitas Bowl,"[[Tomatillo-Red Chili Salsa (Hot), Fresh Tomato Salsa (Mild)], [Rice, Fajita Veggies, Cheese, Sour Cream, Guacamole, Lettuce]]",$11.48 
2547,1010,1,Carnitas Bowl,"[[Tomatillo-Red Chili Salsa (Hot), Fresh Tomato Salsa (Mild)], [Rice, Pinto Beans, Cheese, Guacamole]]",$11.48 
427,186,1,Chicken Soft Tacos,"[[Tomatillo-Red Chili Salsa (Hot), Roasted Chili Corn Salsa (Medium)], [Guacamole, Cheese, Sour Cream]]",$10.98 
3269,1309,1,Chicken Bowl,"[[Tomatillo-Red Chili Salsa (Hot), Tomatillo-Green Chili Salsa (Medium)], [Rice, Black Beans, Cheese, Lettuce]]",$8.49 
3170,1267,1,Chicken Burrito,"[[Tomatillo-Red Chili Salsa (Hot), Tomatillo-Green Chili Salsa (Medium)], [Rice, Black Beans, Cheese, Lettuce]]",$8.49 
3051,1215,1,Chicken Bowl,"[[Tomatillo-Red Chili Salsa (Hot), Tomatillo-Green Chili Salsa (Medium)], [Rice, Black Beans, Lettuce]]",$8.49 
116,51,1,Chicken Burrito,"[[Tomatillo-Red Chili Salsa (Hot), Tomatillo-Green Chili Salsa (Medium)], [Rice, Pinto Beans, Cheese, Lettuce]]",$8.49 
115,51,1,Barbacoa Bowl,"[[Tomatillo-Red Chili Salsa (Hot), Tomatillo-Green Chili Salsa (Medium)], [Rice, Pinto Beans, Fajita Veggies, Cheese, Sour Cream, Lettuce]]",$8.99 
3245,1299,1,Barbacoa Bowl,"[[Tomatillo-Red Chili Salsa (Hot), Tomatillo-Green Chili Salsa (Medium)], [Rice, Pinto Beans, Fajita Veggies, Lettuce]]",$8.99 
675,279,1,Burrito,"[Adobo-Marinated and Grilled Chicken, [Sour Cream, Cheese, Cilantro-Lime Rice]]",$7.40 
510,214,1,Burrito,"[Adobo-Marinated and Grilled Chicken, Pinto Beans, [Sour Cream, Salsa, Cheese, Cilantro-Lime Rice, Guacamole]]",$7.40 
521,217,1,Crispy Tacos,[Adobo-Marinated and Grilled Chicken],$7.40 
673,279,1,Bowl,"[Adobo-Marinated and Grilled Steak, [Sour Cream, Salsa, Cheese, Cilantro-Lime Rice, Guacamole]]",$7.40 
520,217,1,Crispy Tacos,[Adobo-Marinated and Grilled Steak],$7.40 
2,1,1,Nantucket Nectar,[Apple],$3.39 
173,77,1,Nantucket Nectar,[Apple],$3.39 
1706,690,1,Nantucket Nectar,[Apple],$3.39 
2381,947,1,Nantucket Nectar,[Apple],$3.39 
2818,1118,1,Nantucket Nectar,[Apple],$3.39 
2853,1133,1,Nantucket Nectar,[Apple],$3.39 
47,21,1,Izze,[Blackberry],$3.39 
66,30,1,Izze,[Blackberry],$3.39 
359,155,1,Izze,[Blackberry],$3.39 
1611,651,1,Izze,[Blackberry],$3.39 
1612,651,1,Izze,[Blackberry],$3.39 
2758,1095,1,Izze,[Blackberry],$3.39 
2891,1149,1,Izze,[Blackberry],$3.39 
3669,1468,1,Izze,[Blackberry],$3.39 
519,217,1,Burrito,"[Braised Barbacoa, Pinto Beans, [Sour Cream, Salsa, Cheese, Cilantro-Lime Rice, Guacamole]]",$7.40 
511,214,1,Burrito,"[Braised Barbacoa, Vegetarian Black Beans, [Sour Cream, Salsa, Cheese, Cilantro-Lime Rice]]",$7.40 
445,193,3,Bowl,"[Braised Carnitas, Pinto Beans, [Sour Cream, Cheese, Cilantro-Lime Rice]]",$22.20 
1414,575,1,Salad,"[Brown Rice, Adobo-Marinated and Grilled Chicken, Vegetarian Black Beans]",$7.40 
4508,1793,1,Steak Burrito,[Brown Rice],$8.99 
1,1,1,Izze,[Clementine],$3.39 
579,237,1,Izze,[Clementine],$3.39 
1059,436,1,Izze,[Clementine],$3.39 
1213,495,1,Izze,[Clementine],$3.39 
1680,680,1,Izze,[Clementine],$3.39 
2088,842,1,Izze,[Clementine],$3.39 
2619,1040,1,Izze,[Clementine],$3.39 
2634,1046,1,Izze,[Clementine],$3.39 
126,55,1,Canned Soda,[Coca Cola],$1.09 
179,81,1,Canned Soda,[Coca Cola],$1.09 
195,87,1,Canned Soda,[Coca Cola],$1.09 
280,122,1,Canned Soda,[Coca Cola],$1.09 
352,151,2,Canned Soda,[Coca Cola],$2.18 
434,188,1,Canned Soda,[Coca Cola],$1.09 
698,287,2,Canned Soda,[Coca Cola],$2.18 
700,288,2,Canned Soda,[Coca Cola],$2.18 
821,338,1,Canned Soda,[Coca Cola],$1.09 
956,392,1,Canned Soda,[Coca Cola],$1.09 
1092,450,2,Canned Soda,[Coca Cola],$2.18 
1396,567,1,Canned Soda,[Coca Cola],$1.09 
1945,787,1,Canned Soda,[Coca Cola],$1.09 
2443,971,1,Canned Soda,[Coca Cola],$1.09 
2493,990,1,Canned Soda,[Coca Cola],$1.09 
2520,1001,1,Canned Soda,[Coca Cola],$1.09 
2562,1014,1,Canned Soda,[Coca Cola],$1.09 
2826,1122,1,Canned Soda,[Coca Cola],$1.09 
2831,1124,1,Canned Soda,[Coca Cola],$1.09 
2905,1156,2,Canned Soda,[Coca Cola],$2.18 
3006,1195,1,Canned Soda,[Coca Cola],$1.09 
3162,1262,1,Canned Soda,[Coca Cola],$1.09 
3364,1349,2,Canned Soda,[Coca Cola],$2.18 
3476,1396,1,Canned Soda,[Coca Cola],$1.09 
3576,1434,1,Canned Soda,[Coca Cola],$1.09 
3683,1475,1,Canned Soda,[Coca Cola],$1.09 
357,154,1,6 Pack Soft Drink,[Coke],$6.49 
743,306,1,6 Pack Soft Drink,[Coke],$6.49 
879,363,1,6 Pack Soft Drink,[Coke],$6.49 
1051,432,1,6 Pack Soft Drink,[Coke],$6.49 
1124,465,1,6 Pack Soft Drink,[Coke],$6.49 
1167,481,1,6 Pack Soft Drink,[Coke],$6.49 
1260,511,1,6 Pack Soft Drink,[Coke],$6.49 
1755,708,1,6 Pack Soft Drink,[Coke],$6.49 
1849,749,1,6 Pack Soft Drink,[Coke],$6.49 
1922,776,1,6 Pack Soft Drink,[Coke],$6.49 
2108,849,1,6 Pack Soft Drink,[Coke],$6.49 
2232,899,1,6 Pack Soft Drink,[Coke],$6.49 
2389,949,1,6 Pack Soft Drink,[Coke],$6.49 
2713,1076,1,6 Pack Soft Drink,[Coke],$6.49 
3422,1373,1,6 Pack Soft Drink,[Coke],$6.49 
3600,1443,1,6 Pack Soft Drink,[Coke],$6.49 
3633,1454,1,6 Pack Soft Drink,[Coke],$6.49 
3766,1508,1,6 Pack Soft Drink,[Coke],$6.49 
3836,1537,1,6 Pack Soft Drink,[Coke],$6.49 
4174,1666,1,6 Pack Soft Drink,[Coke],$6.49 
4359,1741,1,6 Pack Soft Drink,[Coke],$6.49 
263,114,1,Canned Soft Drink,[Coke],$1.25 
320,139,1,Canned Soft Drink,[Coke],$1.25 
337,147,1,Canned Soft Drink,[Coke],$1.25 
380,165,1,Canned Soft Drink,[Coke],$1.25 
381,165,1,Canned Soft Drink,[Coke],$1.25 
393,170,1,Canned Soft Drink,[Coke],$1.25 
403,175,1,Canned Soft Drink,[Coke],$1.25 
410,179,1,Canned Soft Drink,[Coke],$1.25 
459,196,1,Canned Soft Drink,[Coke],$1.25 
507,212,1,Canned Soft Drink,[Coke],$1.25 
635,262,1,Canned Soft Drink,[Coke],$1.25 
651,270,2,Canned Soft Drink,[Coke],$2.50 
682,282,1,Canned Soft Drink,[Coke],$1.25 
684,282,1,Canned Soft Drink,[Coke],$1.25 
720,297,1,Canned Soft Drink,[Coke],$1.25 
740,305,1,Canned Soft Drink,[Coke],$1.25 
769,317,1,Canned Soft Drink,[Coke],$1.25 
791,325,2,Canned Soft Drink,[Coke],$2.50 
867,358,1,Canned Soft Drink,[Coke],$1.25 
904,374,1,Canned Soft Drink,[Coke],$1.25 
964,396,1,Canned Soft Drink,[Coke],$1.25 
992,408,1,Canned Soft Drink,[Coke],$1.25 
1007,413,1,Canned Soft Drink,[Coke],$1.25 
1035,426,1,Canned Soft Drink,[Coke],$1.25 
1087,448,1,Canned Soft Drink,[Coke],$1.25 
1173,482,1,Canned Soft Drink,[Coke],$1.25 
1250,509,1,Canned Soft Drink,[Coke],$1.25 
1338,546,2,Canned Soft Drink,[Coke],$2.50 
1343,549,1,Canned Soft Drink,[Coke],$1.25 
1373,560,2,Canned Soft Drink,[Coke],$2.50 
1375,561,1,Canned Soft Drink,[Coke],$1.25 
1381,561,1,Canned Soft Drink,[Coke],$1.25 
1487,604,1,Canned Soft Drink,[Coke],$1.25 
1527,622,1,Canned Soft Drink,[Coke],$1.25 
1557,632,1,Canned Soft Drink,[Coke],$1.25 
1559,633,3,Canned Soft Drink,[Coke],$3.75 
1790,724,1,Canned Soft Drink,[Coke],$1.25 
1791,724,1,Canned Soft Drink,[Coke],$1.25 
1792,724,1,Canned Soft Drink,[Coke],$1.25 
1793,725,1,Canned Soft Drink,[Coke],$1.25 
1878,759,2,Canned Soft Drink,[Coke],$2.50 
1891,763,1,Canned Soft Drink,[Coke],$1.25 
1987,803,1,Canned Soft Drink,[Coke],$1.25 
2002,807,1,Canned Soft Drink,[Coke],$1.25 
2094,845,1,Canned Soft Drink,[Coke],$1.25 
2274,915,2,Canned Soft Drink,[Coke],$2.50 
2279,916,1,Canned Soft Drink,[Coke],$1.25 
2348,936,1,Canned Soft Drink,[Coke],$1.25 
2360,940,1,Canned Soft Drink,[Coke],$1.25 
2362,940,1,Canned Soft Drink,[Coke],$1.25 
2479,984,1,Canned Soft Drink,[Coke],$1.25 
2528,1005,1,Canned Soft Drink,[Coke],$1.25 
2552,1011,1,Canned Soft Drink,[Coke],$1.25 
2553,1011,1,Canned Soft Drink,[Coke],$1.25 
2554,1011,1,Canned Soft Drink,[Coke],$1.25 
2807,1114,1,Canned Soft Drink,[Coke],$1.25 
2870,1140,1,Canned Soft Drink,[Coke],$1.25 
2872,1141,1,Canned Soft Drink,[Coke],$1.25 
2878,1143,1,Canned Soft Drink,[Coke],$1.25 
2979,1185,1,Canned Soft Drink,[Coke],$1.25 
3057,1218,1,Canned Soft Drink,[Coke],$1.25 
3135,1250,2,Canned Soft Drink,[Coke],$2.50 
3186,1274,1,Canned Soft Drink,[Coke],$1.25 
3233,1293,1,Canned Soft Drink,[Coke],$1.25 
3415,1370,1,Canned Soft Drink,[Coke],$1.25 
3437,1380,1,Canned Soft Drink,[Coke],$1.25 
3458,1390,1,Canned Soft Drink,[Coke],$1.25 
3524,1417,2,Canned Soft Drink,[Coke],$2.50 
3543,1425,1,Canned Soft Drink,[Coke],$1.25 
3676,1472,1,Canned Soft Drink,[Coke],$1.25 
3815,1530,1,Canned Soft Drink,[Coke],$1.25 
3880,1556,2,Canned Soft Drink,[Coke],$2.50 
3962,1587,1,Canned Soft Drink,[Coke],$1.25 
3973,1592,4,Canned Soft Drink,[Coke],$5.00 
4027,1611,2,Canned Soft Drink,[Coke],$2.50 
4034,1614,1,Canned Soft Drink,[Coke],$1.25 
4074,1630,1,Canned Soft Drink,[Coke],$1.25 
4106,1645,1,Canned Soft Drink,[Coke],$1.25 
4142,1657,1,Canned Soft Drink,[Coke],$1.25 
4150,1660,1,Canned Soft Drink,[Coke],$1.25 
4183,1670,1,Canned Soft Drink,[Coke],$1.25 
4188,1672,1,Canned Soft Drink,[Coke],$1.25 
4200,1676,1,Canned Soft Drink,[Coke],$1.25 
4233,1690,1,Canned Soft Drink,[Coke],$1.25 
4251,1696,1,Canned Soft Drink,[Coke],$1.25 
4279,1706,1,Canned Soft Drink,[Coke],$1.25 
4301,1715,1,Canned Soft Drink,[Coke],$1.25 
4339,1732,1,Canned Soft Drink,[Coke],$1.25 
4344,1735,1,Canned Soft Drink,[Coke],$1.25 
4348,1736,1,Canned Soft Drink,[Coke],$1.25 
4356,1739,1,Canned Soft Drink,[Coke],$1.25 
4385,1749,1,Canned Soft Drink,[Coke],$1.25 
4393,1753,1,Canned Soft Drink,[Coke],$1.25 
4399,1755,1,Canned Soft Drink,[Coke],$1.25 
4422,1763,1,Canned Soft Drink,[Coke],$1.25 
4430,1765,1,Canned Soft Drink,[Coke],$1.25 
4490,1786,4,Canned Soft Drink,[Coke],$5.00 
4499,1789,2,Canned Soft Drink,[Coke],$2.50 
4538,1804,1,Canned Soft Drink,[Coke],$1.25 
4560,1812,2,Canned Soft Drink,[Coke],$2.50 
4577,1820,1,Canned Soft Drink,[Coke],$1.25 
4606,1828,1,Canned Soft Drink,[Coke],$1.25 
341,148,1,6 Pack Soft Drink,[Diet Coke],$6.49 
388,168,1,6 Pack Soft Drink,[Diet Coke],$6.49 
417,182,1,6 Pack Soft Drink,[Diet Coke],$6.49 
553,230,1,6 Pack Soft Drink,[Diet Coke],$6.49 
639,264,1,6 Pack Soft Drink,[Diet Coke],$6.49 
1392,566,1,6 Pack Soft Drink,[Diet Coke],$6.49 
1758,709,1,6 Pack Soft Drink,[Diet Coke],$6.49 
1860,754,1,6 Pack Soft Drink,[Diet Coke],$6.49 
1916,774,1,6 Pack Soft Drink,[Diet Coke],$6.49 
1937,784,1,6 Pack Soft Drink,[Diet Coke],$6.49 
1976,798,1,6 Pack Soft Drink,[Diet Coke],$6.49 
2793,1109,1,6 Pack Soft Drink,[Diet Coke],$6.49 
2860,1136,1,6 Pack Soft Drink,[Diet Coke],$6.49 
3010,1196,1,6 Pack Soft Drink,[Diet Coke],$6.49 
3132,1248,1,6 Pack Soft Drink,[Diet Coke],$6.49 
3389,1360,2,6 Pack Soft Drink,[Diet Coke],$12.98 
3693,1480,1,6 Pack Soft Drink,[Diet Coke],$6.49 
3789,1517,1,6 Pack Soft Drink,[Diet Coke],$6.49 
3875,1554,1,6 Pack Soft Drink,[Diet Coke],$6.49 
3886,1558,1,6 Pack Soft Drink,[Diet Coke],$6.49 
4169,1664,1,6 Pack Soft Drink,[Diet Coke],$6.49 
4363,1742,1,6 Pack Soft Drink,[Diet Coke],$6.49 
4522,1798,1,6 Pack Soft Drink,[Diet Coke],$6.49 
4527,1800,1,6 Pack Soft Drink,[Diet Coke],$6.49 
162,73,2,Canned Soda,[Diet Coke],$2.18 
200,89,1,Canned Soda,[Diet Coke],$1.09 
317,138,1,Canned Soda,[Diet Coke],$1.09 
350,150,2,Canned Soda,[Diet Coke],$2.18 
370,160,1,Canned Soda,[Diet Coke],$1.09 
779,321,1,Canned Soda,[Diet Coke],$1.09 
1216,496,1,Canned Soda,[Diet Coke],$1.09 
1662,672,1,Canned Soda,[Diet Coke],$1.09 
1953,790,1,Canned Soda,[Diet Coke],$1.09 
2135,859,2,Canned Soda,[Diet Coke],$2.18 
2544,1009,1,Canned Soda,[Diet Coke],$1.09 
2850,1132,1,Canned Soda,[Diet Coke],$1.09 
3592,1440,2,Canned Soda,[Diet Coke],$2.18 
3793,1518,1,Canned Soda,[Diet Coke],$1.09 
4008,1604,1,Canned Soda,[Diet Coke],$1.09 
368,159,1,Canned Soft Drink,[Diet Coke],$1.25 
492,206,2,Canned Soft Drink,[Diet Coke],$2.50 
513,215,1,Canned Soft Drink,[Diet Coke],$1.25 
541,225,1,Canned Soft Drink,[Diet Coke],$1.25 
566,233,1,Canned Soft Drink,[Diet Coke],$1.25 
567,233,1,Canned Soft Drink,[Diet Coke],$1.25 
618,254,1,Canned Soft Drink,[Diet Coke],$1.25 
689,284,3,Canned Soft Drink,[Diet Coke],$3.75 
695,286,1,Canned Soft Drink,[Diet Coke],$1.25 
716,295,1,Canned Soft Drink,[Diet Coke],$1.25 
788,324,1,Canned Soft Drink,[Diet Coke],$1.25 
870,359,1,Canned Soft Drink,[Diet Coke],$1.25 
884,365,1,Canned Soft Drink,[Diet Coke],$1.25 
963,396,1,Canned Soft Drink,[Diet Coke],$1.25 
987,405,1,Canned Soft Drink,[Diet Coke],$1.25 
989,406,1,Canned Soft Drink,[Diet Coke],$1.25 
998,410,1,Canned Soft Drink,[Diet Coke],$1.25 
1045,430,1,Canned Soft Drink,[Diet Coke],$1.25 
1062,437,1,Canned Soft Drink,[Diet Coke],$1.25 
1090,449,1,Canned Soft Drink,[Diet Coke],$1.25 
1098,452,1,Canned Soft Drink,[Diet Coke],$1.25 
1115,461,1,Canned Soft Drink,[Diet Coke],$1.25 
1165,480,1,Canned Soft Drink,[Diet Coke],$1.25 
1228,500,1,Canned Soft Drink,[Diet Coke],$1.25 
1232,502,1,Canned Soft Drink,[Diet Coke],$1.25 
1248,509,1,Canned Soft Drink,[Diet Coke],$1.25 
1283,522,1,Canned Soft Drink,[Diet Coke],$1.25 
1369,559,1,Canned Soft Drink,[Diet Coke],$1.25 
1389,564,1,Canned Soft Drink,[Diet Coke],$1.25 
1399,569,1,Canned Soft Drink,[Diet Coke],$1.25 
1409,573,1,Canned Soft Drink,[Diet Coke],$1.25 
1412,574,2,Canned Soft Drink,[Diet Coke],$2.50 
1473,598,1,Canned Soft Drink,[Diet Coke],$1.25 
1480,601,1,Canned Soft Drink,[Diet Coke],$1.25 
1500,609,1,Canned Soft Drink,[Diet Coke],$1.25 
1506,612,1,Canned Soft Drink,[Diet Coke],$1.25 
1551,629,1,Canned Soft Drink,[Diet Coke],$1.25 
1574,637,1,Canned Soft Drink,[Diet Coke],$1.25 
1581,639,1,Canned Soft Drink,[Diet Coke],$1.25 
1607,650,1,Canned Soft Drink,[Diet Coke],$1.25 
1688,683,1,Canned Soft Drink,[Diet Coke],$1.25 
1760,710,2,Canned Soft Drink,[Diet Coke],$2.50 
1807,731,1,Canned Soft Drink,[Diet Coke],$1.25 
1831,740,1,Canned Soft Drink,[Diet Coke],$1.25 
1879,759,2,Canned Soft Drink,[Diet Coke],$2.50 
1983,801,1,Canned Soft Drink,[Diet Coke],$1.25 
2022,815,1,Canned Soft Drink,[Diet Coke],$1.25 
2069,834,1,Canned Soft Drink,[Diet Coke],$1.25 
2138,860,1,Canned Soft Drink,[Diet Coke],$1.25 
2189,883,1,Canned Soft Drink,[Diet Coke],$1.25 
2263,911,1,Canned Soft Drink,[Diet Coke],$1.25 
2440,969,1,Canned Soft Drink,[Diet Coke],$1.25 
2490,989,1,Canned Soft Drink,[Diet Coke],$1.25 
2524,1003,1,Canned Soft Drink,[Diet Coke],$1.25 
2593,1029,1,Canned Soft Drink,[Diet Coke],$1.25 
2601,1032,1,Canned Soft Drink,[Diet Coke],$1.25 
2636,1047,1,Canned Soft Drink,[Diet Coke],$1.25 
2689,1068,1,Canned Soft Drink,[Diet Coke],$1.25 
2766,1097,2,Canned Soft Drink,[Diet Coke],$2.50 
2855,1134,1,Canned Soft Drink,[Diet Coke],$1.25 
2904,1155,1,Canned Soft Drink,[Diet Coke],$1.25 
2992,1190,1,Canned Soft Drink,[Diet Coke],$1.25 
3018,1200,2,Canned Soft Drink,[Diet Coke],$2.50 
3089,1231,3,Canned Soft Drink,[Diet Coke],$3.75 
3128,1247,3,Canned Soft Drink,[Diet Coke],$3.75 
3159,1261,2,Canned Soft Drink,[Diet Coke],$2.50 
3210,1283,1,Canned Soft Drink,[Diet Coke],$1.25 
3242,1298,2,Canned Soft Drink,[Diet Coke],$2.50 
3250,1301,1,Canned Soft Drink,[Diet Coke],$1.25 
3260,1305,1,Canned Soft Drink,[Diet Coke],$1.25 
3379,1356,1,Canned Soft Drink,[Diet Coke],$1.25 
3385,1359,1,Canned Soft Drink,[Diet Coke],$1.25 
3418,1371,2,Canned Soft Drink,[Diet Coke],$2.50 
3492,1403,1,Canned Soft Drink,[Diet Coke],$1.25 
3496,1404,1,Canned Soft Drink,[Diet Coke],$1.25 
3579,1435,1,Canned Soft Drink,[Diet Coke],$1.25 
3609,1446,2,Canned Soft Drink,[Diet Coke],$2.50 
3699,1482,2,Canned Soft Drink,[Diet Coke],$2.50 
3727,1489,1,Canned Soft Drink,[Diet Coke],$1.25 
3784,1514,1,Canned Soft Drink,[Diet Coke],$1.25 
4016,1608,2,Canned Soft Drink,[Diet Coke],$2.50 
4043,1618,1,Canned Soft Drink,[Diet Coke],$1.25 
4098,1642,3,Canned Soft Drink,[Diet Coke],$3.75 
4170,1665,1,Canned Soft Drink,[Diet Coke],$1.25 
4240,1692,1,Canned Soft Drink,[Diet Coke],$1.25 
4276,1705,1,Canned Soft Drink,[Diet Coke],$1.25 
4284,1709,1,Canned Soft Drink,[Diet Coke],$1.25 
4410,1759,1,Canned Soft Drink,[Diet Coke],$1.25 
4464,1779,1,Canned Soft Drink,[Diet Coke],$1.25 
4480,1785,1,Canned Soft Drink,[Diet Coke],$1.25 
4513,1794,1,Canned Soft Drink,[Diet Coke],$1.25 
4545,1806,1,Canned Soft Drink,[Diet Coke],$1.25 
4571,1817,1,Canned Soft Drink,[Diet Coke],$1.25 
4585,1823,1,Canned Soft Drink,[Diet Coke],$1.25 
4601,1827,1,Canned Soft Drink,[Diet Coke],$1.25 
117,51,1,Canned Soda,[Diet Dr. Pepper],$1.09 
171,76,2,Canned Soda,[Diet Dr. Pepper],$2.18 
251,109,1,Canned Soda,[Diet Dr. Pepper],$1.09 
473,202,1,Canned Soda,[Diet Dr. Pepper],$1.09 
1030,424,1,Canned Soda,[Diet Dr. Pepper],$1.09 
1217,496,1,Canned Soda,[Diet Dr. Pepper],$1.09 
2538,1007,1,Canned Soda,[Diet Dr. Pepper],$1.09 
2814,1117,1,Canned Soda,[Diet Dr. Pepper],$1.09 
3020,1201,1,Canned Soda,[Diet Dr. Pepper],$1.09 
3145,1254,1,Canned Soda,[Diet Dr. Pepper],$1.09 
3498,1405,1,Canned Soda,[Diet Dr. Pepper],$1.09 
3718,1485,1,Canned Soda,[Diet Dr. Pepper],$1.09 
3936,1578,1,Canned Soda,[Diet Dr. Pepper],$1.09 
28,14,1,Canned Soda,[Dr. Pepper],$1.09 
107,47,1,Canned Soda,[Dr. Pepper],$1.09 
180,81,1,Canned Soda,[Dr. Pepper],$1.09 
247,108,1,Canned Soda,[Dr. Pepper],$1.09 
414,180,1,Canned Soda,[Dr. Pepper],$1.09 
438,190,1,Canned Soda,[Dr. Pepper],$1.09 
622,256,1,Canned Soda,[Dr. Pepper],$1.09 
1091,450,2,Canned Soda,[Dr. Pepper],$2.18 
1142,471,1,Canned Soda,[Dr. Pepper],$1.09 
1944,787,2,Canned Soda,[Dr. Pepper],$2.18 
1948,788,1,Canned Soda,[Dr. Pepper],$1.09 
3062,1220,1,Canned Soda,[Dr. Pepper],$1.09 
3152,1258,2,Canned Soda,[Dr. Pepper],$2.18 
3477,1396,1,Canned Soda,[Dr. Pepper],$1.09 
3575,1434,1,Canned Soda,[Dr. Pepper],$1.09 
3715,1484,1,Canned Soda,[Dr. Pepper],$1.09 
3716,1484,1,Canned Soda,[Dr. Pepper],$1.09 
3926,1575,1,Canned Soda,[Dr. Pepper],$1.09 
3140,1252,1,Steak Burrito,"[Fresh Tomato (Mild), [Black Beans, Guacamole, Rice, Sour Cream, Cheese]]",$11.08 
3902,1564,1,Barbacoa Burrito,"[Fresh Tomato (Mild), [Black Beans, Rice, Sour Cream, Cheese]]",$8.69 
3903,1564,1,Chicken Burrito,"[Fresh Tomato (Mild), [Black Beans, Rice, Sour Cream, Cheese]]",$8.19 
825,341,1,Steak Bowl,"[Fresh Tomato (Mild), [Guacamole, Lettuce, Pinto Beans, Rice, Sour Cream, Cheese]]",$11.08 
1293,527,1,Steak Bowl,"[Fresh Tomato (Mild), [Guacamole, Lettuce, Pinto Beans, Rice, Sour Cream, Cheese]]",$11.08 
1099,453,1,Chicken Burrito,"[Fresh Tomato (Mild), [Guacamole, Lettuce, Rice, Fajita Veggies, Cheese]]",$10.58 
476,204,1,Chicken Burrito,"[Fresh Tomato (Mild), [Guacamole, Lettuce, Rice, Fajita Veggies, Sour Cream, Cheese]]",$10.58 
1294,527,1,Carnitas Bowl,"[Fresh Tomato (Mild), [Guacamole, Lettuce, Rice, Sour Cream, Cheese]]",$11.08 
1648,666,1,Barbacoa Burrito,"[Fresh Tomato (Mild), [Guacamole, Rice, Black Beans]]",$11.08 
1160,479,1,Chicken Burrito,"[Fresh Tomato (Mild), [Guacamole, Rice, Fajita Veggies, Sour Cream, Cheese]]",$10.58 
3520,1415,1,Chicken Burrito,"[Fresh Tomato (Mild), [Guacamole, Rice, Sour Cream, Cheese]]",$10.58 
2919,1160,1,Chicken Bowl,"[Fresh Tomato (Mild), [Guacamole, Rice]]",$10.58 
822,339,1,Carnitas Bowl,"[Fresh Tomato (Mild), [Guacamole, Sour Cream, Cheese]]",$11.08 
1740,702,1,Carnitas Bowl,"[Fresh Tomato (Mild), [Guacamole, Sour Cream, Cheese]]",$11.08 
2884,1146,1,Carnitas Burrito,"[Fresh Tomato (Mild), [Lettuce, Black Beans, Guacamole, Rice, Sour Cream, Cheese]]",$11.08 
926,382,1,Steak Bowl,"[Fresh Tomato (Mild), [Lettuce, Black Beans, Rice, Cheese]]",$8.69 
3195,1278,1,Barbacoa Bowl,"[Fresh Tomato (Mild), [Lettuce, Black Beans, Rice]]",$8.69 
3196,1278,1,Steak Bowl,"[Fresh Tomato (Mild), [Lettuce, Black Beans, Rice]]",$8.69 
729,301,1,Steak Crispy Tacos,"[Fresh Tomato (Mild), [Lettuce, Cheese]]",$8.69 
3101,1237,1,Chicken Bowl,"[Fresh Tomato (Mild), [Lettuce, Fajita Veggies, Black Beans, Rice, Sour Cream, Cheese]]",$8.19 
3664,1466,1,Chicken Bowl,"[Fresh Tomato (Mild), [Lettuce, Fajita Veggies, Pinto Beans, Rice, Sour Cream, Cheese]]",$8.19 
3251,1302,1,Steak Burrito,"[Fresh Tomato (Mild), [Lettuce, Guacamole, Pinto Beans, Rice, Sour Cream, Cheese]]",$11.08 
322,140,1,Steak Burrito,"[Fresh Tomato (Mild), [Lettuce, Guacamole, Rice, Cheese]]",$11.08 
353,152,2,Steak Burrito,"[Fresh Tomato (Mild), [Lettuce, Guacamole, Rice, Cheese]]",$22.16 
549,229,2,Steak Burrito,"[Fresh Tomato (Mild), [Lettuce, Guacamole, Rice, Cheese]]",$22.16 
3530,1419,1,Steak Burrito,"[Fresh Tomato (Mild), [Lettuce, Pinto Beans, Rice, Sour Cream, Cheese]]",$8.69 
3822,1533,1,Barbacoa Bowl,"[Fresh Tomato (Mild), [Lettuce, Rice, Cheese]]",$8.69 
1161,479,1,Chicken Burrito,"[Fresh Tomato (Mild), [Lettuce, Rice, Fajita Veggies, Sour Cream, Cheese]]",$8.19 
3252,1302,1,Carnitas Burrito,"[Fresh Tomato (Mild), [Lettuce, Rice]]",$8.69 
3529,1419,1,Carnitas Burrito,"[Fresh Tomato (Mild), [Lettuce, Rice]]",$8.69 
2918,1160,1,Chicken Bowl,"[Fresh Tomato (Mild), [Rice, Sour Cream, Cheese]]",$8.19 
3733,1491,1,Chicken Salad,"[Fresh Tomato Salsa (Mild), [Black Beans, Cheese, Lettuce]]",$8.49 
3912,1569,1,Veggie Burrito,"[Fresh Tomato Salsa (Mild), [Black Beans, Fajita Veggies, Cheese, Sour Cream, Lettuce]]",$8.49 
4028,1612,1,Steak Bowl,"[Fresh Tomato Salsa (Mild), [Black Beans, Rice, Cheese, Lettuce]]",$8.99 
2155,868,1,Steak Burrito,"[Fresh Tomato Salsa (Mild), [Black Beans, Rice, Cheese, Lettuce]]",$8.99 
3889,1559,2,Veggie Soft Tacos,"[Fresh Tomato Salsa (Mild), [Black Beans, Rice, Cheese, Lettuce]]",$16.98 
1175,483,1,Barbacoa Bowl,"[Fresh Tomato Salsa (Mild), [Black Beans, Rice, Cheese, Sour Cream, Guacamole, Lettuce]]",$11.48 
1236,504,1,Barbacoa Bowl,"[Fresh Tomato Salsa (Mild), [Black Beans, Rice, Cheese, Sour Cream, Guacamole, Lettuce]]",$11.48 
3276,1313,1,Barbacoa Burrito,"[Fresh Tomato Salsa (Mild), [Black Beans, Rice, Cheese, Sour Cream, Guacamole, Lettuce]]",$11.48 
1966,794,1,Chicken Bowl,"[Fresh Tomato Salsa (Mild), [Black Beans, Rice, Cheese, Sour Cream, Guacamole, Lettuce]]",$10.98 
2291,920,1,Chicken Burrito,"[Fresh Tomato Salsa (Mild), [Black Beans, Rice, Cheese, Sour Cream, Guacamole, Lettuce]]",$10.98 
1063,438,1,Carnitas Burrito,"[Fresh Tomato Salsa (Mild), [Black Beans, Rice, Cheese, Sour Cream, Guacamole]]",$11.48 
2239,902,1,Carnitas Burrito,"[Fresh Tomato Salsa (Mild), [Black Beans, Rice, Cheese, Sour Cream, Guacamole]]",$11.48 
2085,842,1,Chicken Burrito,"[Fresh Tomato Salsa (Mild), [Black Beans, Rice, Cheese, Sour Cream, Guacamole]]",$10.98 
1530,623,1,Chicken Bowl,"[Fresh Tomato Salsa (Mild), [Black Beans, Rice, Cheese, Sour Cream, Lettuce]]",$8.49 
17,9,1,Chicken Burrito,"[Fresh Tomato Salsa (Mild), [Black Beans, Rice, Cheese, Sour Cream, Lettuce]]",$8.49 
912,378,1,Chicken Burrito,"[Fresh Tomato Salsa (Mild), [Black Beans, Rice, Cheese, Sour Cream, Lettuce]]",$8.49 
1406,572,1,Chicken Burrito,"[Fresh Tomato Salsa (Mild), [Black Beans, Rice, Cheese, Sour Cream, Lettuce]]",$8.49 
1885,761,1,Chicken Burrito,"[Fresh Tomato Salsa (Mild), [Black Beans, Rice, Cheese, Sour Cream, Lettuce]]",$8.49 
2682,1065,1,Chicken Burrito,"[Fresh Tomato Salsa (Mild), [Black Beans, Rice, Cheese, Sour Cream, Lettuce]]",$8.49 
2703,1073,1,Chicken Burrito,"[Fresh Tomato Salsa (Mild), [Black Beans, Rice, Cheese, Sour Cream, Lettuce]]",$8.49 
3111,1242,1,Chicken Burrito,"[Fresh Tomato Salsa (Mild), [Black Beans, Rice, Cheese, Sour Cream, Lettuce]]",$8.49 
3906,1566,1,Chicken Burrito,"[Fresh Tomato Salsa (Mild), [Black Beans, Rice, Cheese, Sour Cream, Lettuce]]",$8.49 
332,145,1,Chicken Soft Tacos,"[Fresh Tomato Salsa (Mild), [Black Beans, Rice, Cheese, Sour Cream, Lettuce]]",$8.49 
1941,786,1,Steak Bowl,"[Fresh Tomato Salsa (Mild), [Black Beans, Rice, Cheese, Sour Cream, Lettuce]]",$8.99 
447,194,1,Steak Burrito,"[Fresh Tomato Salsa (Mild), [Black Beans, Rice, Cheese, Sour Cream, Lettuce]]",$8.99 
1965,794,1,Steak Burrito,"[Fresh Tomato Salsa (Mild), [Black Beans, Rice, Cheese, Sour Cream, Lettuce]]",$8.99 
891,368,1,Veggie Burrito,"[Fresh Tomato Salsa (Mild), [Black Beans, Rice, Cheese, Sour Cream, Lettuce]]",$8.49 
1909,771,1,Carnitas Burrito,"[Fresh Tomato Salsa (Mild), [Black Beans, Rice, Cheese, Sour Cream]]",$8.99 
276,121,1,Chicken Burrito,"[Fresh Tomato Salsa (Mild), [Black Beans, Rice, Cheese, Sour Cream]]",$8.49 
1722,694,1,Steak Bowl,"[Fresh Tomato Salsa (Mild), [Black Beans, Rice, Cheese, Sour Cream]]",$8.99 
1307,533,1,Chicken Bowl,"[Fresh Tomato Salsa (Mild), [Black Beans, Rice, Cheese]]",$8.49 
2959,1177,1,Chicken Bowl,"[Fresh Tomato Salsa (Mild), [Black Beans, Rice, Cheese]]",$8.49 
4071,1629,1,Chicken Bowl,"[Fresh Tomato Salsa (Mild), [Black Beans, Rice, Cheese]]",$8.49 
2153,868,1,Chicken Burrito,"[Fresh Tomato Salsa (Mild), [Black Beans, Rice, Cheese]]",$8.49 
667,276,1,Carnitas Soft Tacos,"[Fresh Tomato Salsa (Mild), [Black Beans, Rice, Fajita Veggies, Cheese, Lettuce]]",$8.99 
3617,1449,2,Veggie Bowl,"[Fresh Tomato Salsa (Mild), [Black Beans, Rice, Fajita Veggies, Cheese, Lettuce]]",$16.98 
2611,1036,1,Chicken Bowl,"[Fresh Tomato Salsa (Mild), [Black Beans, Rice, Fajita Veggies, Cheese, Sour Cream, Guacamole, Lettuce]]",$10.98 
160,73,1,Chicken Bowl,"[Fresh Tomato Salsa (Mild), [Black Beans, Rice, Fajita Veggies, Cheese, Sour Cream, Lettuce]]",$8.49 
460,197,1,Chicken Bowl,"[Fresh Tomato Salsa (Mild), [Black Beans, Rice, Fajita Veggies, Cheese, Sour Cream, Lettuce]]",$8.49 
1528,623,1,Chicken Bowl,"[Fresh Tomato Salsa (Mild), [Black Beans, Rice, Fajita Veggies, Cheese, Sour Cream, Lettuce]]",$8.49 
2370,944,1,Chicken Bowl,"[Fresh Tomato Salsa (Mild), [Black Beans, Rice, Fajita Veggies, Cheese, Sour Cream, Lettuce]]",$8.49 
3076,1225,1,Chicken Bowl,"[Fresh Tomato Salsa (Mild), [Black Beans, Rice, Fajita Veggies, Cheese, Sour Cream, Lettuce]]",$8.49 
1808,732,1,Chicken Burrito,"[Fresh Tomato Salsa (Mild), [Black Beans, Rice, Fajita Veggies, Cheese, Sour Cream, Lettuce]]",$8.49 
2950,1172,1,Chicken Burrito,"[Fresh Tomato Salsa (Mild), [Black Beans, Rice, Fajita Veggies, Cheese, Sour Cream, Lettuce]]",$8.49 
1053,433,1,Steak Bowl,"[Fresh Tomato Salsa (Mild), [Black Beans, Rice, Fajita Veggies, Cheese, Sour Cream, Lettuce]]",$8.99 
696,287,1,Steak Burrito,"[Fresh Tomato Salsa (Mild), [Black Beans, Rice, Fajita Veggies, Cheese, Sour Cream, Lettuce]]",$8.99 
54,25,1,Steak Bowl,"[Fresh Tomato Salsa (Mild), [Black Beans, Rice, Fajita Veggies, Cheese, Sour Cream]]",$8.99 
3056,1217,1,Veggie Burrito,"[Fresh Tomato Salsa (Mild), [Black Beans, Rice, Fajita Veggies, Cheese, Sour Cream]]",$8.49 
1742,703,1,Chicken Bowl,"[Fresh Tomato Salsa (Mild), [Black Beans, Rice, Fajita Veggies, Cheese]]",$8.49 
3618,1449,2,Chicken Bowl,"[Fresh Tomato Salsa (Mild), [Black Beans, Rice, Fajita Veggies, Cheese]]",$16.98 
3615,1449,2,Chicken Burrito,"[Fresh Tomato Salsa (Mild), [Black Beans, Rice, Fajita Veggies, Cheese]]",$16.98 
3616,1449,2,Steak Burrito,"[Fresh Tomato Salsa (Mild), [Black Beans, Rice, Fajita Veggies, Cheese]]",$17.98 
3742,1496,1,Chicken Bowl,"[Fresh Tomato Salsa (Mild), [Black Beans, Rice, Fajita Veggies, Guacamole, Lettuce]]",$10.98 
1306,532,1,Steak Bowl,"[Fresh Tomato Salsa (Mild), [Black Beans, Rice, Fajita Veggies, Lettuce, Cheese, Sour Cream]]",$8.99 
104,46,1,Veggie Burrito,"[Fresh Tomato Salsa (Mild), [Black Beans, Rice, Fajita Veggies, Sour Cream, Lettuce]]",$8.49 
3505,1408,1,Chicken Bowl,"[Fresh Tomato Salsa (Mild), [Black Beans, Rice, Guacamole, Lettuce]]",$10.98 
3607,1445,1,Chicken Bowl,"[Fresh Tomato Salsa (Mild), [Black Beans, Rice, Guacamole, Lettuce]]",$10.98 
2009,810,1,Steak Burrito,"[Fresh Tomato Salsa (Mild), [Black Beans, Rice, Guacamole, Lettuce]]",$11.48 
1474,599,1,Chicken Bowl,"[Fresh Tomato Salsa (Mild), [Black Beans, Rice, Sour Cream, Guacamole]]",$10.98 
4077,1632,1,Chicken Bowl,"[Fresh Tomato Salsa (Mild), [Black Beans, Rice, Sour Cream, Guacamole]]",$10.98 
1613,652,1,Chicken Burrito,"[Fresh Tomato Salsa (Mild), [Black Beans, Rice, Sour Cream, Guacamole]]",$10.98 
1886,761,1,Chicken Burrito,"[Fresh Tomato Salsa (Mild), [Black Beans, Rice, Sour Cream, Guacamole]]",$10.98 
2463,977,1,Chicken Burrito,"[Fresh Tomato Salsa (Mild), [Black Beans, Rice, Sour Cream, Guacamole]]",$10.98 
3890,1559,2,Carnitas Crispy Tacos,"[Fresh Tomato Salsa (Mild), [Cheese, Lettuce]]",$17.98 
1723,695,1,Chicken Burrito,"[Fresh Tomato Salsa (Mild), [Cheese, Lettuce]]",$8.49 
2499,993,1,Chicken Burrito,"[Fresh Tomato Salsa (Mild), [Cheese, Lettuce]]",$8.49 
3279,1315,1,Chicken Soft Tacos,"[Fresh Tomato Salsa (Mild), [Cheese, Lettuce]]",$8.49 
827,342,1,Veggie Burrito,"[Fresh Tomato Salsa (Mild), [Cheese, Pinto Beans, Sour Cream, Rice]]",$8.49 
2561,1014,1,Steak Burrito,"[Fresh Tomato Salsa (Mild), [Cheese, Rice, Pinto Beans, Sour Cream]]",$8.99 
745,307,1,Veggie Burrito,"[Fresh Tomato Salsa (Mild), [Cheese, Rice, Pinto Beans, Sour Cream]]",$8.49 
771,318,1,Veggie Burrito,"[Fresh Tomato Salsa (Mild), [Cheese, Rice, Pinto Beans, Sour Cream]]",$8.49 
813,335,1,Veggie Burrito,"[Fresh Tomato Salsa (Mild), [Cheese, Rice, Pinto Beans, Sour Cream]]",$8.49 
1384,562,1,Steak Burrito,"[Fresh Tomato Salsa (Mild), [Cheese, Sour Cream, Guacamole, Lettuce]]",$11.48 
1897,765,1,Chicken Soft Tacos,"[Fresh Tomato Salsa (Mild), [Cheese, Sour Cream, Lettuce]]",$8.49 
3043,1211,1,Chicken Soft Tacos,"[Fresh Tomato Salsa (Mild), [Cheese, Sour Cream, Lettuce]]",$8.49 
361,156,1,Steak Burrito,"[Fresh Tomato Salsa (Mild), [Cheese, Sour Cream, Lettuce]]",$8.99 
3075,1225,1,Steak Crispy Tacos,"[Fresh Tomato Salsa (Mild), [Cheese, Sour Cream, Lettuce]]",$8.99 
1810,732,1,Chicken Soft Tacos,"[Fresh Tomato Salsa (Mild), [Cheese, Sour Cream]]",$8.49 
2830,1124,1,Chicken Soft Tacos,"[Fresh Tomato Salsa (Mild), [Cheese, Sour Cream]]",$8.49 
3205,1282,1,Steak Soft Tacos,"[Fresh Tomato Salsa (Mild), [Cheese, Sour Cream]]",$8.99 
1027,423,1,Chicken Crispy Tacos,"[Fresh Tomato Salsa (Mild), [Fajita Veggies, Cheese, Sour Cream, Guacamole, Lettuce]]",$10.98 
3792,1518,1,Carnitas Bowl,"[Fresh Tomato Salsa (Mild), [Fajita Veggies, Cheese, Sour Cream, Guacamole]]",$11.48 
3138,1251,1,Chicken Burrito,"[Fresh Tomato Salsa (Mild), [Fajita Veggies, Cheese, Sour Cream, Lettuce]]",$8.49 
1661,672,1,Chicken Burrito,"[Fresh Tomato Salsa (Mild), [Fajita Veggies, Guacamole, Lettuce]]",$10.98 
1627,656,1,Carnitas Burrito,"[Fresh Tomato Salsa (Mild), [Pinto Beans, Black Beans, Rice, Cheese, Sour Cream, Lettuce]]",$8.99 
2673,1062,1,Veggie Bowl,"[Fresh Tomato Salsa (Mild), [Pinto Beans, Black Beans, Rice, Fajita Veggies, Cheese, Sour Cream, Guacamole, Lettuce]]",$10.98 
1153,476,1,Steak Burrito,"[Fresh Tomato Salsa (Mild), [Pinto Beans, Black Beans, Rice, Fajita Veggies, Cheese, Sour Cream, Lettuce]]",$8.99 
3982,1596,1,Chicken Salad,"[Fresh Tomato Salsa (Mild), [Pinto Beans, Black Beans, Rice, Fajita Veggies, Lettuce]]",$8.49 
2380,947,2,Steak Burrito,"[Fresh Tomato Salsa (Mild), [Pinto Beans, Cheese, Lettuce]]",$17.98 
362,156,1,Chicken Burrito,"[Fresh Tomato Salsa (Mild), [Pinto Beans, Cheese, Sour Cream, Lettuce]]",$8.49 
600,247,1,Chicken Crispy Tacos,"[Fresh Tomato Salsa (Mild), [Pinto Beans, Cheese, Sour Cream, Lettuce]]",$8.49 
1194,489,1,Chicken Soft Tacos,"[Fresh Tomato Salsa (Mild), [Pinto Beans, Cheese, Sour Cream]]",$8.49 
358,155,1,Steak Burrito,"[Fresh Tomato Salsa (Mild), [Pinto Beans, Cheese, Sour Cream]]",$8.99 
497,208,1,Veggie Burrito,"[Fresh Tomato Salsa (Mild), [Pinto Beans, Cheese]]",$8.49 
598,247,1,Chicken Crispy Tacos,"[Fresh Tomato Salsa (Mild), [Pinto Beans, Fajita Veggies, Cheese, Sour Cream, Lettuce]]",$8.49 
3888,1559,2,Chicken Soft Tacos,"[Fresh Tomato Salsa (Mild), [Pinto Beans, Rice, Cheese, Lettuce]]",$16.98 
2760,1096,1,Chicken Bowl,"[Fresh Tomato Salsa (Mild), [Pinto Beans, Rice, Cheese, Sour Cream, Guacamole, Lettuce]]",$10.98 
2887,1148,1,Carnitas Bowl,"[Fresh Tomato Salsa (Mild), [Pinto Beans, Rice, Cheese, Sour Cream, Lettuce]]",$8.99 
934,385,1,Chicken Bowl,"[Fresh Tomato Salsa (Mild), [Pinto Beans, Rice, Cheese, Sour Cream, Lettuce]]",$8.49 
599,247,1,Chicken Burrito,"[Fresh Tomato Salsa (Mild), [Pinto Beans, Rice, Cheese, Sour Cream, Lettuce]]",$8.49 
3369,1352,1,Chicken Burrito,"[Fresh Tomato Salsa (Mild), [Pinto Beans, Rice, Cheese, Sour Cream, Lettuce]]",$8.49 
3373,1354,1,Chicken Burrito,"[Fresh Tomato Salsa (Mild), [Pinto Beans, Rice, Cheese, Sour Cream, Lettuce]]",$8.49 
577,237,2,Chicken Soft Tacos,"[Fresh Tomato Salsa (Mild), [Pinto Beans, Rice, Cheese, Sour Cream, Lettuce]]",$16.98 
957,393,1,Steak Burrito,"[Fresh Tomato Salsa (Mild), [Pinto Beans, Rice, Cheese, Sour Cream, Lettuce]]",$8.99 
3225,1290,1,Chicken Bowl,"[Fresh Tomato Salsa (Mild), [Pinto Beans, Rice, Cheese, Sour Cream]]",$8.49 
3363,1349,1,Chicken Salad,"[Fresh Tomato Salsa (Mild), [Pinto Beans, Rice, Cheese, Sour Cream]]",$8.49 
1818,735,1,Chicken Soft Tacos,"[Fresh Tomato Salsa (Mild), [Pinto Beans, Rice, Cheese, Sour Cream]]",$8.49 
1951,789,1,Chicken Soft Tacos,"[Fresh Tomato Salsa (Mild), [Pinto Beans, Rice, Cheese, Sour Cream]]",$8.49 
2151,867,1,Chicken Soft Tacos,"[Fresh Tomato Salsa (Mild), [Pinto Beans, Rice, Cheese, Sour Cream]]",$8.49 
2226,897,1,Chicken Soft Tacos,"[Fresh Tomato Salsa (Mild), [Pinto Beans, Rice, Cheese, Sour Cream]]",$8.49 
1675,678,1,Steak Burrito,"[Fresh Tomato Salsa (Mild), [Pinto Beans, Rice, Cheese, Sour Cream]]",$8.99 
1817,735,1,Steak Burrito,"[Fresh Tomato Salsa (Mild), [Pinto Beans, Rice, Cheese, Sour Cream]]",$8.99 
1950,789,1,Steak Burrito,"[Fresh Tomato Salsa (Mild), [Pinto Beans, Rice, Cheese, Sour Cream]]",$8.99 
2054,828,1,Steak Burrito,"[Fresh Tomato Salsa (Mild), [Pinto Beans, Rice, Cheese, Sour Cream]]",$8.99 
2081,840,1,Steak Burrito,"[Fresh Tomato Salsa (Mild), [Pinto Beans, Rice, Cheese, Sour Cream]]",$8.99 
2150,867,1,Steak Burrito,"[Fresh Tomato Salsa (Mild), [Pinto Beans, Rice, Cheese, Sour Cream]]",$8.99 
2225,897,1,Steak Burrito,"[Fresh Tomato Salsa (Mild), [Pinto Beans, Rice, Cheese, Sour Cream]]",$8.99 
2390,950,1,Steak Burrito,"[Fresh Tomato Salsa (Mild), [Pinto Beans, Rice, Cheese, Sour Cream]]",$8.99 
2435,967,1,Steak Burrito,"[Fresh Tomato Salsa (Mild), [Pinto Beans, Rice, Cheese, Sour Cream]]",$8.99 
2492,990,1,Steak Burrito,"[Fresh Tomato Salsa (Mild), [Pinto Beans, Rice, Cheese, Sour Cream]]",$8.99 
2519,1001,1,Steak Burrito,"[Fresh Tomato Salsa (Mild), [Pinto Beans, Rice, Cheese, Sour Cream]]",$8.99 
3227,1291,1,Steak Burrito,"[Fresh Tomato Salsa (Mild), [Pinto Beans, Rice, Cheese, Sour Cream]]",$8.99 
619,255,1,Veggie Bowl,"[Fresh Tomato Salsa (Mild), [Pinto Beans, Rice, Cheese, Sour Cream]]",$8.49 
643,266,1,Veggie Bowl,"[Fresh Tomato Salsa (Mild), [Pinto Beans, Rice, Cheese, Sour Cream]]",$8.49 
677,280,1,Veggie Bowl,"[Fresh Tomato Salsa (Mild), [Pinto Beans, Rice, Cheese, Sour Cream]]",$8.49 
2444,971,1,Veggie Bowl,"[Fresh Tomato Salsa (Mild), [Pinto Beans, Rice, Cheese, Sour Cream]]",$8.49 
467,200,1,Veggie Burrito,"[Fresh Tomato Salsa (Mild), [Pinto Beans, Rice, Cheese, Sour Cream]]",$8.49 
535,224,1,Veggie Burrito,"[Fresh Tomato Salsa (Mild), [Pinto Beans, Rice, Cheese, Sour Cream]]",$8.49 
631,260,1,Veggie Burrito,"[Fresh Tomato Salsa (Mild), [Pinto Beans, Rice, Cheese, Sour Cream]]",$8.49 
662,275,1,Veggie Burrito,"[Fresh Tomato Salsa (Mild), [Pinto Beans, Rice, Cheese, Sour Cream]]",$8.49 
710,292,1,Veggie Burrito,"[Fresh Tomato Salsa (Mild), [Pinto Beans, Rice, Cheese, Sour Cream]]",$8.49 
714,294,1,Veggie Burrito,"[Fresh Tomato Salsa (Mild), [Pinto Beans, Rice, Cheese, Sour Cream]]",$8.49 
732,302,1,Veggie Burrito,"[Fresh Tomato Salsa (Mild), [Pinto Beans, Rice, Cheese, Sour Cream]]",$8.49 
1193,489,1,Veggie Burrito,"[Fresh Tomato Salsa (Mild), [Pinto Beans, Rice, Cheese, Sour Cream]]",$8.49 
1252,510,1,Veggie Burrito,"[Fresh Tomato Salsa (Mild), [Pinto Beans, Rice, Cheese, Sour Cream]]",$8.49 
1394,567,1,Veggie Burrito,"[Fresh Tomato Salsa (Mild), [Pinto Beans, Rice, Cheese, Sour Cream]]",$8.49 
1440,584,1,Veggie Burrito,"[Fresh Tomato Salsa (Mild), [Pinto Beans, Rice, Cheese, Sour Cream]]",$8.49 
1652,668,1,Veggie Burrito,"[Fresh Tomato Salsa (Mild), [Pinto Beans, Rice, Cheese, Sour Cream]]",$8.49 
1653,668,1,Veggie Crispy Tacos,"[Fresh Tomato Salsa (Mild), [Pinto Beans, Rice, Cheese, Sour Cream]]",$8.49 
1395,567,1,Veggie Soft Tacos,"[Fresh Tomato Salsa (Mild), [Pinto Beans, Rice, Cheese, Sour Cream]]",$8.49 
1148,474,1,Steak Bowl,"[Fresh Tomato Salsa (Mild), [Pinto Beans, Rice, Fajita Veggies, Cheese, Guacamole, Lettuce]]",$11.48 
1719,693,1,Chicken Bowl,"[Fresh Tomato Salsa (Mild), [Pinto Beans, Rice, Fajita Veggies, Cheese, Sour Cream, Guacamole, Lettuce]]",$10.98 
2254,908,1,Chicken Burrito,"[Fresh Tomato Salsa (Mild), [Pinto Beans, Rice, Fajita Veggies, Cheese, Sour Cream, Guacamole, Lettuce]]",$10.98 
1152,476,1,Chicken Burrito,"[Fresh Tomato Salsa (Mild), [Pinto Beans, Rice, Fajita Veggies, Cheese, Sour Cream, Lettuce]]",$8.49 
835,344,1,Carnitas Burrito,"[Fresh Tomato Salsa (Mild), [Pinto Beans, Rice, Fajita Veggies, Sour Cream]]",$8.99 
1093,450,1,Steak Burrito,"[Fresh Tomato Salsa (Mild), [Pinto Beans, Rice, Guacamole]]",$11.48 
469,201,1,Veggie Burrito,"[Fresh Tomato Salsa (Mild), [Pinto Beans, Rice, Sour Cream, Cheese]]",$8.49 
1038,427,1,Veggie Burrito,"[Fresh Tomato Salsa (Mild), [Pinto Beans, Rice, Sour Cream, Cheese]]",$8.49 
1952,790,1,Chicken Bowl,"[Fresh Tomato Salsa (Mild), [Pinto Beans, Rice, Sour Cream, Guacamole]]",$10.98 
836,344,1,Chicken Burrito,"[Fresh Tomato Salsa (Mild), [Pinto Beans, Rice, Sour Cream]]",$8.49 
522,218,1,Steak Burrito,"[Fresh Tomato Salsa (Mild), [Pinto Beans, Rice, Sour Cream]]",$8.99 
1276,519,1,Steak Burrito,"[Fresh Tomato Salsa (Mild), [Rice, Black Beans, Cheese, Sour Cream, Guacamole, Lettuce]]",$11.48 
1296,528,1,Chicken Bowl,"[Fresh Tomato Salsa (Mild), [Rice, Black Beans, Fajita Veggies, Cheese, Guacamole, Lettuce]]",$10.98 
1928,780,1,Chicken Bowl,"[Fresh Tomato Salsa (Mild), [Rice, Black Beans, Fajita Veggies, Cheese, Guacamole, Lettuce]]",$10.98 
588,241,1,Chicken Burrito,"[Fresh Tomato Salsa (Mild), [Rice, Black Beans, Fajita Veggies, Cheese, Guacamole, Lettuce]]",$10.98 
2010,811,1,Chicken Bowl,"[Fresh Tomato Salsa (Mild), [Rice, Black Beans, Fajita Veggies, Cheese, Sour Cream, Lettuce]]",$8.49 
3383,1358,1,Chicken Bowl,"[Fresh Tomato Salsa (Mild), [Rice, Black Beans, Fajita Veggies, Cheese, Sour Cream, Lettuce]]",$8.49 
2672,1061,1,Chicken Bowl,"[Fresh Tomato Salsa (Mild), [Rice, Black Beans, Sour Cream, Guacamole]]",$10.98 
177,80,1,Steak Burrito,"[Fresh Tomato Salsa (Mild), [Rice, Black Beans, Sour Cream, Guacamole]]",$11.48 
3620,1449,1,Carnitas Soft Tacos,"[Fresh Tomato Salsa (Mild), [Rice, Cheese, Lettuce]]",$8.99 
1269,516,1,Chicken Burrito,"[Fresh Tomato Salsa (Mild), [Rice, Cheese, Lettuce]]",$8.49 
2221,895,1,Chicken Burrito,"[Fresh Tomato Salsa (Mild), [Rice, Cheese, Lettuce]]",$8.49 
2549,1010,1,Chicken Crispy Tacos,"[Fresh Tomato Salsa (Mild), [Rice, Cheese, Lettuce]]",$8.49 
5,3,1,Chicken Bowl,"[Fresh Tomato Salsa (Mild), [Rice, Cheese, Sour Cream, Guacamole, Lettuce]]",$10.98 
2827,1123,1,Chicken Bowl,"[Fresh Tomato Salsa (Mild), [Rice, Cheese, Sour Cream, Guacamole, Lettuce]]",$10.98 
1275,519,1,Steak Burrito,"[Fresh Tomato Salsa (Mild), [Rice, Cheese, Sour Cream, Guacamole, Lettuce]]",$11.48 
1804,730,1,Barbacoa Bowl,"[Fresh Tomato Salsa (Mild), [Rice, Cheese, Sour Cream, Lettuce]]",$8.99 
3253,1303,1,Barbacoa Bowl,"[Fresh Tomato Salsa (Mild), [Rice, Cheese, Sour Cream, Lettuce]]",$8.99 
596,246,1,Chicken Bowl,"[Fresh Tomato Salsa (Mild), [Rice, Cheese, Sour Cream, Lettuce]]",$8.49 
699,288,1,Chicken Burrito,"[Fresh Tomato Salsa (Mild), [Rice, Cheese, Sour Cream, Lettuce]]",$8.49 
951,390,1,Chicken Burrito,"[Fresh Tomato Salsa (Mild), [Rice, Cheese, Sour Cream, Lettuce]]",$8.49 
1028,423,1,Chicken Burrito,"[Fresh Tomato Salsa (Mild), [Rice, Cheese, Sour Cream, Lettuce]]",$8.49 
3891,1559,2,Chicken Crispy Tacos,"[Fresh Tomato Salsa (Mild), [Rice, Cheese, Sour Cream, Lettuce]]",$16.98 
2147,866,1,Steak Bowl,"[Fresh Tomato Salsa (Mild), [Rice, Cheese, Sour Cream, Lettuce]]",$8.99 
2753,1093,1,Steak Bowl,"[Fresh Tomato Salsa (Mild), [Rice, Cheese, Sour Cream, Lettuce]]",$8.99 
3047,1213,1,Steak Bowl,"[Fresh Tomato Salsa (Mild), [Rice, Cheese, Sour Cream, Lettuce]]",$8.99 
3154,1259,1,Steak Bowl,"[Fresh Tomato Salsa (Mild), [Rice, Cheese, Sour Cream, Lettuce]]",$8.99 
3580,1436,1,Steak Bowl,"[Fresh Tomato Salsa (Mild), [Rice, Cheese, Sour Cream, Lettuce]]",$8.99 
1141,471,1,Steak Burrito,"[Fresh Tomato Salsa (Mild), [Rice, Cheese, Sour Cream, Lettuce]]",$8.99 
893,369,1,Steak Salad,"[Fresh Tomato Salsa (Mild), [Rice, Cheese, Sour Cream, Lettuce]]",$8.99 
1767,713,1,Carnitas Bowl,"[Fresh Tomato Salsa (Mild), [Rice, Cheese, Sour Cream]]",$8.99 
333,145,1,Chicken Soft Tacos,"[Fresh Tomato Salsa (Mild), [Rice, Cheese, Sour Cream]]",$8.49 
1246,508,1,Steak Bowl,"[Fresh Tomato Salsa (Mild), [Rice, Cheese]]",$8.99 
1451,589,1,Steak Crispy Tacos,"[Fresh Tomato Salsa (Mild), [Rice, Cheese]]",$8.99 
2767,1098,1,Steak Burrito,"[Fresh Tomato Salsa (Mild), [Rice, Fajita Veggies, Cheese, Guacamole]]",$11.48 
755,311,1,Carnitas Soft Tacos,"[Fresh Tomato Salsa (Mild), [Rice, Fajita Veggies, Cheese, Lettuce, Black Beans]]",$8.99 
2616,1039,1,Chicken Bowl,"[Fresh Tomato Salsa (Mild), [Rice, Fajita Veggies, Cheese, Lettuce]]",$8.49 
3844,1541,1,Chicken Burrito,"[Fresh Tomato Salsa (Mild), [Rice, Fajita Veggies, Cheese, Lettuce]]",$8.49 
1949,788,1,Steak Burrito,"[Fresh Tomato Salsa (Mild), [Rice, Fajita Veggies, Cheese, Lettuce]]",$8.99 
800,329,1,Chicken Burrito,"[Fresh Tomato Salsa (Mild), [Rice, Fajita Veggies, Cheese, Sour Cream, Guacamole, Lettuce]]",$10.98 
3794,1519,1,Chicken Burrito,"[Fresh Tomato Salsa (Mild), [Rice, Fajita Veggies, Cheese, Sour Cream, Guacamole, Lettuce]]",$10.98 
3204,1282,1,Steak Burrito,"[Fresh Tomato Salsa (Mild), [Rice, Fajita Veggies, Cheese, Sour Cream, Guacamole]]",$11.48 
301,131,1,Chicken Bowl,"[Fresh Tomato Salsa (Mild), [Rice, Fajita Veggies, Cheese, Sour Cream, Lettuce]]",$8.49 
1639,662,1,Chicken Burrito,"[Fresh Tomato Salsa (Mild), [Rice, Fajita Veggies, Cheese, Sour Cream, Lettuce]]",$8.49 
2238,901,1,Chicken Burrito,"[Fresh Tomato Salsa (Mild), [Rice, Fajita Veggies, Cheese, Sour Cream, Lettuce]]",$8.49 
2671,1060,1,Chicken Soft Tacos,"[Fresh Tomato Salsa (Mild), [Rice, Fajita Veggies, Cheese, Sour Cream, Lettuce]]",$8.49 
2327,927,1,Steak Burrito,"[Fresh Tomato Salsa (Mild), [Rice, Fajita Veggies, Cheese, Sour Cream, Lettuce]]",$8.99 
1614,652,1,Chicken Soft Tacos,"[Fresh Tomato Salsa (Mild), [Rice, Fajita Veggies, Guacamole, Lettuce]]",$10.98 
187,84,1,Steak Bowl,"[Fresh Tomato Salsa (Mild), [Rice, Fajita Veggies, Guacamole, Lettuce]]",$11.48 
2618,1040,1,Chicken Burrito,"[Fresh Tomato Salsa (Mild), [Rice, Fajita Veggies, Lettuce]]",$8.49 
2633,1046,1,Chicken Burrito,"[Fresh Tomato Salsa (Mild), [Rice, Fajita Veggies, Lettuce]]",$8.49 
892,369,1,Chicken Bowl,"[Fresh Tomato Salsa (Mild), [Rice, Fajita Veggies, Sour Cream, Guacamole]]",$10.98 
2086,842,1,Chicken Soft Tacos,"[Fresh Tomato Salsa (Mild), [Rice, Fajita Veggies, Sour Cream, Lettuce]]",$8.49 
1984,802,1,Chicken Bowl,"[Fresh Tomato Salsa (Mild), [Rice, Pinto Beans, Cheese, Guacamole, Lettuce]]",$10.98 
820,338,1,Carnitas Soft Tacos,"[Fresh Tomato Salsa (Mild), [Rice, Pinto Beans, Cheese, Sour Cream]]",$8.99 
972,399,1,Veggie Burrito,"[Fresh Tomato Salsa (Mild), [Rice, Pinto Beans, Cheese, Sour Cream]]",$8.49 
846,348,2,Veggie Bowl,"[Fresh Tomato Salsa (Mild), [Rice, Sour Cream, Cheese, Pinto Beans]]",$16.98 
4054,1623,1,Steak Bowl,"[Fresh Tomato Salsa (Mild), [Sour Cream, Lettuce, Cheese, Black Beans, Rice]]",$8.99 
2968,1181,1,Chicken Salad,"[Fresh Tomato Salsa (Mild), Black Beans]",$8.49 
3045,1212,1,Chicken Salad,"[Fresh Tomato Salsa (Mild), Black Beans]",$8.49 
3730,1490,1,Chicken Salad,"[Fresh Tomato Salsa (Mild), Black Beans]",$8.49 
2134,859,1,Steak Burrito,"[Fresh Tomato Salsa (Mild), Black Beans]",$8.99 
3179,1271,1,Chicken Bowl,"[Fresh Tomato Salsa (Mild), Cheese]",$8.49 
3041,1210,1,Chicken Crispy Tacos,"[Fresh Tomato Salsa (Mild), Fajita Veggies]",$8.49 
3178,1271,1,Chicken Bowl,"[Fresh Tomato Salsa (Mild), Lettuce]",$8.49 
2518,1000,1,Chicken Bowl,"[Fresh Tomato Salsa, [Black Beans, Cheese, Guacamole, Lettuce]]",$11.25 
457,196,1,Chicken Burrito,"[Fresh Tomato Salsa, [Black Beans, Cheese, Guacamole, Lettuce]]",$11.25 
3237,1296,1,Steak Burrito,"[Fresh Tomato Salsa, [Black Beans, Cheese, Guacamole, Lettuce]]",$11.75 
2957,1176,1,Steak Salad Bowl,"[Fresh Tomato Salsa, [Black Beans, Cheese, Guacamole, Lettuce]]",$11.89 
864,357,2,Chicken Salad Bowl,"[Fresh Tomato Salsa, [Black Beans, Cheese, Guacamole]]",$22.50 
1110,459,2,Chicken Salad Bowl,"[Fresh Tomato Salsa, [Black Beans, Cheese, Guacamole]]",$22.50 
4580,1822,1,Chicken Salad Bowl,"[Fresh Tomato Salsa, [Black Beans, Cheese, Guacamole]]",$11.25 
1985,803,1,Barbacoa Soft Tacos,"[Fresh Tomato Salsa, [Black Beans, Cheese, Lettuce]]",$9.25 
1097,452,1,Carnitas Burrito,"[Fresh Tomato Salsa, [Black Beans, Cheese, Sour Cream, Guacamole, Lettuce]]",$11.75 
4210,1680,1,Steak Bowl,"[Fresh Tomato Salsa, [Black Beans, Cheese, Sour Cream, Guacamole, Lettuce]]",$11.75 
3816,1530,1,Chicken Crispy Tacos,"[Fresh Tomato Salsa, [Black Beans, Cheese, Sour Cream, Lettuce]]",$8.75 
3085,1229,1,Steak Crispy Tacos,"[Fresh Tomato Salsa, [Black Beans, Cheese, Sour Cream, Lettuce]]",$9.25 
781,322,1,Veggie Soft Tacos,"[Fresh Tomato Salsa, [Black Beans, Cheese, Sour Cream, Lettuce]]",$8.75 
2106,848,2,Chicken Bowl,"[Fresh Tomato Salsa, [Black Beans, Cheese, Sour Cream]]",$17.50 
2203,888,1,Chicken Burrito,"[Fresh Tomato Salsa, [Black Beans, Cheese, Sour Cream]]",$8.75 
4207,1679,1,Chicken Salad Bowl,"[Fresh Tomato Salsa, [Black Beans, Cheese, Sour Cream]]",$8.75 
1224,499,1,Steak Bowl,"[Fresh Tomato Salsa, [Black Beans, Cheese, Sour Cream]]",$9.25 
3687,1477,1,Chicken Salad Bowl,"[Fresh Tomato Salsa, [Black Beans, Guacamole]]",$11.25 
1021,420,1,Chicken Burrito,"[Fresh Tomato Salsa, [Black Beans, Pinto Beans, Cheese, Guacamole, Lettuce]]",$11.25 
1428,577,1,Veggie Bowl,"[Fresh Tomato Salsa, [Black Beans, Pinto Beans, Cheese, Guacamole, Lettuce]]",$11.25 
2340,933,1,Steak Bowl,"[Fresh Tomato Salsa, [Black Beans, Pinto Beans, Cheese, Sour Cream, Guacamole]]",$11.75 
2454,974,1,Carnitas Burrito,"[Fresh Tomato Salsa, [Black Beans, Pinto Beans, Cheese, Sour Cream, Lettuce]]",$9.25 
4391,1752,1,Steak Salad Bowl,"[Fresh Tomato Salsa, [Black Beans, Pinto Beans, Cheese]]",$9.39 
4396,1754,1,Chicken Bowl,"[Fresh Tomato Salsa, [Black Beans, Rice, Sour Cream, Cheese, Guacamole, Lettuce]]",$11.25 
2624,1042,1,Steak Salad Bowl,"[Fresh Tomato Salsa, [Black Beans, Sour Cream, Cheese, Lettuce]]",$9.39 
3335,1337,1,Steak Bowl,"[Fresh Tomato Salsa, [Cheese, Black Beans, Pinto Beans, Guacamole, Sour Cream]]",$11.75 
3428,1377,1,Chicken Bowl,"[Fresh Tomato Salsa, [Cheese, Black Beans, Rice]]",$8.75 
4407,1758,1,Steak Burrito,"[Fresh Tomato Salsa, [Cheese, Black Beans, Rice]]",$9.25 
3380,1357,1,Chicken Salad Bowl,"[Fresh Tomato Salsa, [Cheese, Guacamole, Lettuce]]",$11.25 
4502,1790,1,Chicken Soft Tacos,"[Fresh Tomato Salsa, [Cheese, Guacamole, Lettuce]]",$11.25 
3350,1343,1,Steak Salad Bowl,"[Fresh Tomato Salsa, [Cheese, Guacamole, Lettuce]]",$11.89 
2781,1104,1,Chicken Bowl,"[Fresh Tomato Salsa, [Cheese, Guacamole, Sour Cream, Fajita Vegetables, Rice]]",$11.25 
2461,976,1,Steak Crispy Tacos,"[Fresh Tomato Salsa, [Cheese, Guacamole]]",$11.75 
2686,1067,1,Carnitas Burrito,"[Fresh Tomato Salsa, [Cheese, Lettuce]]",$9.25 
405,176,1,Carnitas Soft Tacos,"[Fresh Tomato Salsa, [Cheese, Lettuce]]",$9.25 
3688,1477,1,Carnitas Soft Tacos,"[Fresh Tomato Salsa, [Cheese, Lettuce]]",$9.25 
2098,846,1,Chicken Burrito,"[Fresh Tomato Salsa, [Cheese, Lettuce]]",$8.75 
3033,1206,1,Chicken Salad Bowl,"[Fresh Tomato Salsa, [Cheese, Lettuce]]",$8.75 
3381,1357,1,Chicken Salad Bowl,"[Fresh Tomato Salsa, [Cheese, Lettuce]]",$8.75 
1094,451,1,Chicken Soft Tacos,"[Fresh Tomato Salsa, [Cheese, Lettuce]]",$8.75 
1874,759,1,Chicken Soft Tacos,"[Fresh Tomato Salsa, [Cheese, Lettuce]]",$8.75 
2284,916,1,Chicken Soft Tacos,"[Fresh Tomato Salsa, [Cheese, Lettuce]]",$8.75 
3994,1600,1,Steak Crispy Tacos,"[Fresh Tomato Salsa, [Cheese, Lettuce]]",$9.25 
2654,1054,1,Steak Soft Tacos,"[Fresh Tomato Salsa, [Cheese, Lettuce]]",$9.25 
3569,1432,1,Steak Soft Tacos,"[Fresh Tomato Salsa, [Cheese, Lettuce]]",$9.25 
3900,1563,1,Steak Soft Tacos,"[Fresh Tomato Salsa, [Cheese, Lettuce]]",$9.25 
4052,1622,1,Steak Soft Tacos,"[Fresh Tomato Salsa, [Cheese, Lettuce]]",$9.25 
4230,1689,1,Steak Soft Tacos,"[Fresh Tomato Salsa, [Cheese, Lettuce]]",$9.25 
4287,1709,1,Steak Soft Tacos,"[Fresh Tomato Salsa, [Cheese, Lettuce]]",$9.25 
4354,1738,2,Steak Soft Tacos,"[Fresh Tomato Salsa, [Cheese, Lettuce]]",$18.50 
2953,1174,2,Chicken Burrito,"[Fresh Tomato Salsa, [Cheese, Rice, Black Beans, Lettuce]]",$17.50 
3481,1399,1,Chicken Bowl,"[Fresh Tomato Salsa, [Cheese, Rice, Black Beans]]",$8.75 
2067,834,1,Veggie Burrito,"[Fresh Tomato Salsa, [Cheese, Rice, Pinto Beans]]",$8.75 
1006,413,1,Chicken Crispy Tacos,"[Fresh Tomato Salsa, [Cheese, Sour Cream, Guacamole, Lettuce]]",$11.25 
876,362,1,Chicken Soft Tacos,"[Fresh Tomato Salsa, [Cheese, Sour Cream, Guacamole, Lettuce]]",$11.25 
3678,1473,1,Steak Burrito,"[Fresh Tomato Salsa, [Cheese, Sour Cream, Guacamole, Lettuce]]",$11.75 
2079,839,1,Chicken Soft Tacos,"[Fresh Tomato Salsa, [Cheese, Sour Cream, Guacamole]]",$11.25 
2638,1049,1,Veggie Burrito,"[Fresh Tomato Salsa, [Cheese, Sour Cream, Guacamole]]",$11.25 
2201,888,1,Carnitas Soft Tacos,"[Fresh Tomato Salsa, [Cheese, Sour Cream, Lettuce]]",$9.25 
1201,491,1,Chicken Burrito,"[Fresh Tomato Salsa, [Cheese, Sour Cream, Lettuce]]",$8.75 
1203,491,1,Chicken Burrito,"[Fresh Tomato Salsa, [Cheese, Sour Cream, Lettuce]]",$8.75 
1781,720,1,Chicken Soft Tacos,"[Fresh Tomato Salsa, [Cheese, Sour Cream, Lettuce]]",$8.75 
2076,838,1,Chicken Soft Tacos,"[Fresh Tomato Salsa, [Cheese, Sour Cream, Lettuce]]",$8.75 
2078,838,1,Chicken Soft Tacos,"[Fresh Tomato Salsa, [Cheese, Sour Cream, Lettuce]]",$8.75 
2455,974,1,Chicken Soft Tacos,"[Fresh Tomato Salsa, [Cheese, Sour Cream, Lettuce]]",$8.75 
2932,1166,1,Chicken Soft Tacos,"[Fresh Tomato Salsa, [Cheese, Sour Cream, Lettuce]]",$8.75 
3452,1388,1,Steak Soft Tacos,"[Fresh Tomato Salsa, [Cheese, Sour Cream, Lettuce]]",$9.25 
389,169,1,Chicken Burrito,"[Fresh Tomato Salsa, [Cheese, Sour Cream]]",$8.75 
2465,978,1,Chicken Soft Tacos,"[Fresh Tomato Salsa, [Cheese, Sour Cream]]",$8.75 
184,83,1,Steak Soft Tacos,"[Fresh Tomato Salsa, [Cheese, Sour Cream]]",$9.25 
293,128,1,Steak Soft Tacos,"[Fresh Tomato Salsa, [Cheese, Sour Cream]]",$9.25 
390,169,1,Steak Soft Tacos,"[Fresh Tomato Salsa, [Cheese, Sour Cream]]",$9.25 
968,397,1,Steak Soft Tacos,"[Fresh Tomato Salsa, [Cheese, Sour Cream]]",$9.25 
2844,1130,1,Steak Soft Tacos,"[Fresh Tomato Salsa, [Cheese, Sour Cream]]",$9.25 
3072,1223,1,Chicken Crispy Tacos,"[Fresh Tomato Salsa, [Fajita Vegetables, Black Beans, Cheese, Guacamole, Lettuce]]",$11.25 
4452,1775,1,Veggie Bowl,"[Fresh Tomato Salsa, [Fajita Vegetables, Black Beans, Cheese, Guacamole, Lettuce]]",$11.25 
1813,734,1,Chicken Salad Bowl,"[Fresh Tomato Salsa, [Fajita Vegetables, Black Beans, Cheese, Guacamole]]",$11.25 
3069,1222,1,Chicken Salad Bowl,"[Fresh Tomato Salsa, [Fajita Vegetables, Black Beans, Cheese, Lettuce]]",$8.75 
2938,1168,1,Chicken Salad Bowl,"[Fresh Tomato Salsa, [Fajita Vegetables, Black Beans, Cheese, Sour Cream, Guacamole, Lettuce]]",$11.25 
4079,1633,1,Chicken Salad Bowl,"[Fresh Tomato Salsa, [Fajita Vegetables, Black Beans, Cheese, Sour Cream, Guacamole, Lettuce]]",$11.25 
4223,1686,1,Chicken Salad Bowl,"[Fresh Tomato Salsa, [Fajita Vegetables, Black Beans, Cheese, Sour Cream, Guacamole, Lettuce]]",$11.25 
4335,1731,1,Chicken Salad Bowl,"[Fresh Tomato Salsa, [Fajita Vegetables, Black Beans, Cheese, Sour Cream, Guacamole, Lettuce]]",$11.25 
4467,1780,1,Chicken Salad Bowl,"[Fresh Tomato Salsa, [Fajita Vegetables, Black Beans, Cheese, Sour Cream, Guacamole, Lettuce]]",$11.25 
4438,1768,1,Chicken Soft Tacos,"[Fresh Tomato Salsa, [Fajita Vegetables, Black Beans, Cheese, Sour Cream, Guacamole]]",$11.25 
2740,1088,1,Steak Salad Bowl,"[Fresh Tomato Salsa, [Fajita Vegetables, Black Beans, Cheese, Sour Cream, Guacamole]]",$11.89 
565,233,1,Carnitas Soft Tacos,"[Fresh Tomato Salsa, [Fajita Vegetables, Black Beans, Cheese]]",$9.25 
3442,1383,1,Chicken Salad Bowl,"[Fresh Tomato Salsa, [Fajita Vegetables, Black Beans, Guacamole, Lettuce]]",$11.25 
4201,1677,1,Veggie Salad Bowl,"[Fresh Tomato Salsa, [Fajita Vegetables, Black Beans, Guacamole]]",$11.25 
56,26,1,Barbacoa Soft Tacos,"[Fresh Tomato Salsa, [Fajita Vegetables, Black Beans, Lettuce]]",$9.25 
4305,1717,1,Chicken Bowl,"[Fresh Tomato Salsa, [Fajita Vegetables, Black Beans, Pinto Beans, Guacamole, Lettuce]]",$11.25 
3705,1483,1,Steak Soft Tacos,"[Fresh Tomato Salsa, [Fajita Vegetables, Black Beans]]",$9.25 
344,149,1,Chicken Soft Tacos,"[Fresh Tomato Salsa, [Fajita Vegetables, Cheese, Guacamole, Lettuce]]",$11.25 
1426,577,1,Chicken Soft Tacos,"[Fresh Tomato Salsa, [Fajita Vegetables, Cheese, Guacamole]]",$11.25 
4219,1684,1,Chicken Burrito,"[Fresh Tomato Salsa, [Fajita Vegetables, Cheese, Lettuce]]",$8.75 
2283,916,1,Chicken Soft Tacos,"[Fresh Tomato Salsa, [Fajita Vegetables, Cheese, Lettuce]]",$8.75 
262,114,1,Steak Bowl,"[Fresh Tomato Salsa, [Fajita Vegetables, Cheese, Sour Cream, Guacamole, Lettuce]]",$11.75 
582,238,1,Steak Burrito,"[Fresh Tomato Salsa, [Fajita Vegetables, Cheese, Sour Cream, Guacamole, Lettuce]]",$11.75 
2651,1052,1,Chicken Crispy Tacos,"[Fresh Tomato Salsa, [Fajita Vegetables, Cheese, Sour Cream, Guacamole]]",$11.25 
91,40,1,Steak Bowl,"[Fresh Tomato Salsa, [Fajita Vegetables, Cheese, Sour Cream, Guacamole]]",$11.75 
1345,549,1,Chicken Crispy Tacos,"[Fresh Tomato Salsa, [Fajita Vegetables, Cheese, Sour Cream, Lettuce]]",$8.75 
2858,1136,1,Chicken Salad Bowl,"[Fresh Tomato Salsa, [Fajita Vegetables, Cheese, Sour Cream, Lettuce]]",$8.75 
3790,1517,1,Chicken Salad Bowl,"[Fresh Tomato Salsa, [Fajita Vegetables, Cheese, Sour Cream, Lettuce]]",$8.75 
1483,602,1,Chicken Salad Bowl,"[Fresh Tomato Salsa, [Fajita Vegetables, Cheese, Sour Cream]]",$8.75 
4035,1615,1,Chicken Salad Bowl,"[Fresh Tomato Salsa, [Fajita Vegetables, Cheese, Sour Cream]]",$8.75 
4119,1650,1,Chicken Soft Tacos,"[Fresh Tomato Salsa, [Fajita Vegetables, Cheese, Sour Cream]]",$8.75 
4550,1809,1,Chicken Soft Tacos,"[Fresh Tomato Salsa, [Fajita Vegetables, Cheese, Sour Cream]]",$8.75 
4036,1615,1,Steak Salad Bowl,"[Fresh Tomato Salsa, [Fajita Vegetables, Cheese, Sour Cream]]",$9.39 
3640,1455,1,Chicken Salad Bowl,"[Fresh Tomato Salsa, [Fajita Vegetables, Guacamole, Lettuce]]",$11.25 
2988,1189,1,Chicken Salad Bowl,"[Fresh Tomato Salsa, [Fajita Vegetables, Guacamole]]",$11.25 
2401,953,1,Steak Salad Bowl,"[Fresh Tomato Salsa, [Fajita Vegetables, Guacamole]]",$11.89 
295,128,1,Veggie Salad Bowl,"[Fresh Tomato Salsa, [Fajita Vegetables, Lettuce, Guacamole, Sour Cream, Cheese, Black Beans, Rice]]",$11.25 
2604,1033,1,Chicken Crispy Tacos,"[Fresh Tomato Salsa, [Fajita Vegetables, Lettuce]]",$8.75 
762,314,1,Chicken Salad Bowl,"[Fresh Tomato Salsa, [Fajita Vegetables, Lettuce]]",$8.75 
3261,1305,1,Chicken Salad Bowl,"[Fresh Tomato Salsa, [Fajita Vegetables, Lettuce]]",$8.75 
3798,1521,1,Chicken Salad Bowl,"[Fresh Tomato Salsa, [Fajita Vegetables, Lettuce]]",$8.75 
4620,1834,1,Chicken Salad Bowl,"[Fresh Tomato Salsa, [Fajita Vegetables, Lettuce]]",$8.75 
2600,1032,1,Steak Salad Bowl,"[Fresh Tomato Salsa, [Fajita Vegetables, Lettuce]]",$9.39 
4572,1818,1,Steak Salad Bowl,"[Fresh Tomato Salsa, [Fajita Vegetables, Lettuce]]",$9.39 
960,394,1,Veggie Salad Bowl,"[Fresh Tomato Salsa, [Fajita Vegetables, Lettuce]]",$8.75 
986,405,1,Chicken Burrito,"[Fresh Tomato Salsa, [Fajita Vegetables, Pinto Beans, Cheese, Guacamole]]",$11.25 
1499,609,1,Chicken Bowl,"[Fresh Tomato Salsa, [Fajita Vegetables, Pinto Beans, Guacamole, Lettuce]]",$11.25 
3410,1368,1,Chicken Salad Bowl,"[Fresh Tomato Salsa, [Fajita Vegetables, Pinto Beans, Guacamole, Lettuce]]",$11.25 
3797,1521,1,Chicken Salad Bowl,"[Fresh Tomato Salsa, [Fajita Vegetables, Pinto Beans, Guacamole, Lettuce]]",$11.25 
4619,1834,1,Chicken Salad Bowl,"[Fresh Tomato Salsa, [Fajita Vegetables, Pinto Beans, Guacamole, Lettuce]]",$11.25 
213,94,2,Chicken Salad Bowl,"[Fresh Tomato Salsa, [Fajita Vegetables, Pinto Beans, Guacamole]]",$22.50 
44,20,1,Chicken Salad Bowl,"[Fresh Tomato Salsa, [Fajita Vegetables, Pinto Beans, Lettuce]]",$8.75 
3259,1305,1,Chicken Salad Bowl,"[Fresh Tomato Salsa, [Fajita Vegetables, Pinto Beans, Lettuce]]",$8.75 
4561,1813,2,Chicken Salad Bowl,"[Fresh Tomato Salsa, [Fajita Vegetables, Pinto Beans, Lettuce]]",$17.50 
4621,1834,1,Chicken Salad Bowl,"[Fresh Tomato Salsa, [Fajita Vegetables, Pinto Beans, Lettuce]]",$8.75 
4573,1818,1,Veggie Salad Bowl,"[Fresh Tomato Salsa, [Fajita Vegetables, Pinto Beans, Lettuce]]",$8.75 
3017,1200,1,Barbacoa Bowl,"[Fresh Tomato Salsa, [Fajita Vegetables, Rice, Black Beans, Cheese, Guacamole, Lettuce]]",$11.75 
4380,1748,1,Barbacoa Bowl,"[Fresh Tomato Salsa, [Fajita Vegetables, Rice, Black Beans, Cheese, Guacamole, Lettuce]]",$11.75 
2718,1079,1,Barbacoa Burrito,"[Fresh Tomato Salsa, [Fajita Vegetables, Rice, Black Beans, Cheese, Guacamole, Lettuce]]",$11.75 
1326,541,1,Barbacoa Salad Bowl,"[Fresh Tomato Salsa, [Fajita Vegetables, Rice, Black Beans, Cheese, Guacamole, Lettuce]]",$11.89 
97,43,1,Carnitas Bowl,"[Fresh Tomato Salsa, [Fajita Vegetables, Rice, Black Beans, Cheese, Guacamole, Lettuce]]",$11.75 
2719,1079,1,Carnitas Bowl,"[Fresh Tomato Salsa, [Fajita Vegetables, Rice, Black Beans, Cheese, Guacamole, Lettuce]]",$11.75 
142,64,1,Chicken Bowl,"[Fresh Tomato Salsa, [Fajita Vegetables, Rice, Black Beans, Cheese, Guacamole, Lettuce]]",$11.25 
1073,443,1,Chicken Bowl,"[Fresh Tomato Salsa, [Fajita Vegetables, Rice, Black Beans, Cheese, Guacamole, Lettuce]]",$11.25 
1188,488,1,Chicken Bowl,"[Fresh Tomato Salsa, [Fajita Vegetables, Rice, Black Beans, Cheese, Guacamole, Lettuce]]",$11.25 
2351,937,1,Chicken Bowl,"[Fresh Tomato Salsa, [Fajita Vegetables, Rice, Black Beans, Cheese, Guacamole, Lettuce]]",$11.25 
2899,1153,1,Chicken Bowl,"[Fresh Tomato Salsa, [Fajita Vegetables, Rice, Black Beans, Cheese, Guacamole, Lettuce]]",$11.25 
2999,1193,1,Chicken Bowl,"[Fresh Tomato Salsa, [Fajita Vegetables, Rice, Black Beans, Cheese, Guacamole, Lettuce]]",$11.25 
3838,1538,1,Chicken Bowl,"[Fresh Tomato Salsa, [Fajita Vegetables, Rice, Black Beans, Cheese, Guacamole, Lettuce]]",$11.25 
4151,1660,1,Chicken Bowl,"[Fresh Tomato Salsa, [Fajita Vegetables, Rice, Black Beans, Cheese, Guacamole, Lettuce]]",$11.25 
3037,1208,1,Veggie Burrito,"[Fresh Tomato Salsa, [Fajita Vegetables, Rice, Black Beans, Cheese, Guacamole, Lettuce]]",$11.25 
3235,1294,1,Veggie Burrito,"[Fresh Tomato Salsa, [Fajita Vegetables, Rice, Black Beans, Cheese, Guacamole, Lettuce]]",$11.25 
3404,1366,1,Veggie Burrito,"[Fresh Tomato Salsa, [Fajita Vegetables, Rice, Black Beans, Cheese, Guacamole, Lettuce]]",$11.25 
455,195,1,Veggie Salad Bowl,"[Fresh Tomato Salsa, [Fajita Vegetables, Rice, Black Beans, Cheese, Guacamole, Lettuce]]",$11.25 
1884,760,1,Veggie Salad Bowl,"[Fresh Tomato Salsa, [Fajita Vegetables, Rice, Black Beans, Cheese, Guacamole, Lettuce]]",$11.25 
2178,879,1,Chicken Bowl,"[Fresh Tomato Salsa, [Fajita Vegetables, Rice, Black Beans, Cheese, Guacamole]]",$11.25 
3378,1356,1,Steak Burrito,"[Fresh Tomato Salsa, [Fajita Vegetables, Rice, Black Beans, Cheese, Guacamole]]",$11.75 
859,354,1,Barbacoa Burrito,"[Fresh Tomato Salsa, [Fajita Vegetables, Rice, Black Beans, Cheese, Lettuce]]",$9.25 
1254,511,4,Chicken Burrito,"[Fresh Tomato Salsa, [Fajita Vegetables, Rice, Black Beans, Cheese, Lettuce]]",$35.00 
2587,1026,1,Chicken Burrito,"[Fresh Tomato Salsa, [Fajita Vegetables, Rice, Black Beans, Cheese, Lettuce]]",$8.75 
1255,511,3,Steak Burrito,"[Fresh Tomato Salsa, [Fajita Vegetables, Rice, Black Beans, Cheese, Lettuce]]",$27.75 
1256,511,1,Veggie Burrito,"[Fresh Tomato Salsa, [Fajita Vegetables, Rice, Black Beans, Cheese, Lettuce]]",$8.75 
2382,948,1,Carnitas Burrito,"[Fresh Tomato Salsa, [Fajita Vegetables, Rice, Black Beans, Cheese, Sour Cream, Guacamole, Lettuce]]",$11.75 
4437,1768,1,Carnitas Burrito,"[Fresh Tomato Salsa, [Fajita Vegetables, Rice, Black Beans, Cheese, Sour Cream, Guacamole, Lettuce]]",$11.75 
1632,658,1,Carnitas Crispy Tacos,"[Fresh Tomato Salsa, [Fajita Vegetables, Rice, Black Beans, Cheese, Sour Cream, Guacamole, Lettuce]]",$11.75 
2559,1013,1,Chicken Bowl,"[Fresh Tomato Salsa, [Fajita Vegetables, Rice, Black Beans, Cheese, Sour Cream, Guacamole, Lettuce]]",$11.25 
2609,1035,1,Chicken Bowl,"[Fresh Tomato Salsa, [Fajita Vegetables, Rice, Black Beans, Cheese, Sour Cream, Guacamole, Lettuce]]",$11.25 
3299,1323,1,Chicken Bowl,"[Fresh Tomato Salsa, [Fajita Vegetables, Rice, Black Beans, Cheese, Sour Cream, Guacamole, Lettuce]]",$11.25 
3515,1413,1,Chicken Bowl,"[Fresh Tomato Salsa, [Fajita Vegetables, Rice, Black Beans, Cheese, Sour Cream, Guacamole, Lettuce]]",$11.25 
3895,1561,1,Chicken Bowl,"[Fresh Tomato Salsa, [Fajita Vegetables, Rice, Black Beans, Cheese, Sour Cream, Guacamole, Lettuce]]",$11.25 
3999,1601,1,Chicken Bowl,"[Fresh Tomato Salsa, [Fajita Vegetables, Rice, Black Beans, Cheese, Sour Cream, Guacamole, Lettuce]]",$11.25 
4484,1786,1,Chicken Bowl,"[Fresh Tomato Salsa, [Fajita Vegetables, Rice, Black Beans, Cheese, Sour Cream, Guacamole, Lettuce]]",$11.25 
3948,1583,1,Chicken Burrito,"[Fresh Tomato Salsa, [Fajita Vegetables, Rice, Black Beans, Cheese, Sour Cream, Guacamole, Lettuce]]",$11.25 
4037,1615,1,Chicken Burrito,"[Fresh Tomato Salsa, [Fajita Vegetables, Rice, Black Beans, Cheese, Sour Cream, Guacamole, Lettuce]]",$11.25 
4164,1663,1,Chicken Burrito,"[Fresh Tomato Salsa, [Fajita Vegetables, Rice, Black Beans, Cheese, Sour Cream, Guacamole, Lettuce]]",$11.25 
4272,1703,1,Chicken Burrito,"[Fresh Tomato Salsa, [Fajita Vegetables, Rice, Black Beans, Cheese, Sour Cream, Guacamole, Lettuce]]",$11.25 
1189,488,1,Chicken Salad Bowl,"[Fresh Tomato Salsa, [Fajita Vegetables, Rice, Black Beans, Cheese, Sour Cream, Guacamole, Lettuce]]",$11.25 
2166,874,1,Steak Bowl,"[Fresh Tomato Salsa, [Fajita Vegetables, Rice, Black Beans, Cheese, Sour Cream, Guacamole, Lettuce]]",$11.75 
62,28,1,Veggie Bowl,"[Fresh Tomato Salsa, [Fajita Vegetables, Rice, Black Beans, Cheese, Sour Cream, Guacamole, Lettuce]]",$11.25 
3478,1397,1,Veggie Burrito,"[Fresh Tomato Salsa, [Fajita Vegetables, Rice, Black Beans, Cheese, Sour Cream, Guacamole, Lettuce]]",$11.25 
3776,1511,1,Veggie Burrito,"[Fresh Tomato Salsa, [Fajita Vegetables, Rice, Black Beans, Cheese, Sour Cream, Guacamole, Lettuce]]",$11.25 
186,83,1,Veggie Salad Bowl,"[Fresh Tomato Salsa, [Fajita Vegetables, Rice, Black Beans, Cheese, Sour Cream, Guacamole, Lettuce]]",$11.25 
1325,541,1,Steak Burrito,"[Fresh Tomato Salsa, [Fajita Vegetables, Rice, Black Beans, Cheese, Sour Cream, Guacamole]]",$11.75 
1590,644,1,Steak Salad Bowl,"[Fresh Tomato Salsa, [Fajita Vegetables, Rice, Black Beans, Cheese, Sour Cream, Guacamole]]",$11.89 
1105,456,1,Veggie Burrito,"[Fresh Tomato Salsa, [Fajita Vegetables, Rice, Black Beans, Cheese, Sour Cream, Guacamole]]",$11.25 
1778,719,1,Veggie Burrito,"[Fresh Tomato Salsa, [Fajita Vegetables, Rice, Black Beans, Cheese, Sour Cream, Guacamole]]",$11.25 
3601,1443,3,Veggie Burrito,"[Fresh Tomato Salsa, [Fajita Vegetables, Rice, Black Beans, Cheese, Sour Cream, Guacamole]]",$33.75 
4612,1831,1,Carnitas Bowl,"[Fresh Tomato Salsa, [Fajita Vegetables, Rice, Black Beans, Cheese, Sour Cream, Lettuce]]",$9.25 
478,205,1,Carnitas Burrito,"[Fresh Tomato Salsa, [Fajita Vegetables, Rice, Black Beans, Cheese, Sour Cream, Lettuce]]",$9.25 
2697,1071,1,Carnitas Burrito,"[Fresh Tomato Salsa, [Fajita Vegetables, Rice, Black Beans, Cheese, Sour Cream, Lettuce]]",$9.25 
231,102,1,Chicken Bowl,"[Fresh Tomato Salsa, [Fajita Vegetables, Rice, Black Beans, Cheese, Sour Cream, Lettuce]]",$8.75 
979,402,1,Chicken Bowl,"[Fresh Tomato Salsa, [Fajita Vegetables, Rice, Black Beans, Cheese, Sour Cream, Lettuce]]",$8.75 
2533,1006,1,Chicken Bowl,"[Fresh Tomato Salsa, [Fajita Vegetables, Rice, Black Beans, Cheese, Sour Cream, Lettuce]]",$8.75 
3012,1197,1,Chicken Bowl,"[Fresh Tomato Salsa, [Fajita Vegetables, Rice, Black Beans, Cheese, Sour Cream, Lettuce]]",$8.75 
3172,1268,1,Chicken Bowl,"[Fresh Tomato Salsa, [Fajita Vegetables, Rice, Black Beans, Cheese, Sour Cream, Lettuce]]",$8.75 
3185,1274,1,Chicken Bowl,"[Fresh Tomato Salsa, [Fajita Vegetables, Rice, Black Beans, Cheese, Sour Cream, Lettuce]]",$8.75 
3409,1367,1,Chicken Bowl,"[Fresh Tomato Salsa, [Fajita Vegetables, Rice, Black Beans, Cheese, Sour Cream, Lettuce]]",$8.75 
3545,1425,1,Chicken Bowl,"[Fresh Tomato Salsa, [Fajita Vegetables, Rice, Black Beans, Cheese, Sour Cream, Lettuce]]",$8.75 
3892,1560,1,Chicken Bowl,"[Fresh Tomato Salsa, [Fajita Vegetables, Rice, Black Beans, Cheese, Sour Cream, Lettuce]]",$8.75 
1501,610,1,Chicken Burrito,"[Fresh Tomato Salsa, [Fajita Vegetables, Rice, Black Beans, Cheese, Sour Cream, Lettuce]]",$8.75 
1502,610,1,Chicken Burrito,"[Fresh Tomato Salsa, [Fajita Vegetables, Rice, Black Beans, Cheese, Sour Cream, Lettuce]]",$8.75 
2026,816,1,Chicken Burrito,"[Fresh Tomato Salsa, [Fajita Vegetables, Rice, Black Beans, Cheese, Sour Cream, Lettuce]]",$8.75 
3734,1492,1,Chicken Burrito,"[Fresh Tomato Salsa, [Fajita Vegetables, Rice, Black Beans, Cheese, Sour Cream, Lettuce]]",$8.75 
4061,1626,1,Chicken Burrito,"[Fresh Tomato Salsa, [Fajita Vegetables, Rice, Black Beans, Cheese, Sour Cream, Lettuce]]",$8.75 
4365,1743,1,Chicken Burrito,"[Fresh Tomato Salsa, [Fajita Vegetables, Rice, Black Beans, Cheese, Sour Cream, Lettuce]]",$8.75 
1314,535,1,Steak Bowl,"[Fresh Tomato Salsa, [Fajita Vegetables, Rice, Black Beans, Cheese, Sour Cream, Lettuce]]",$9.25 
3408,1367,1,Steak Bowl,"[Fresh Tomato Salsa, [Fajita Vegetables, Rice, Black Beans, Cheese, Sour Cream, Lettuce]]",$9.25 
515,215,1,Veggie Bowl,"[Fresh Tomato Salsa, [Fajita Vegetables, Rice, Black Beans, Cheese, Sour Cream, Lettuce]]",$8.75 
2404,953,1,Carnitas Bowl,"[Fresh Tomato Salsa, [Fajita Vegetables, Rice, Black Beans, Cheese, Sour Cream]]",$9.25 
2092,844,1,Carnitas Burrito,"[Fresh Tomato Salsa, [Fajita Vegetables, Rice, Black Beans, Cheese, Sour Cream]]",$9.25 
2989,1189,1,Chicken Salad Bowl,"[Fresh Tomato Salsa, [Fajita Vegetables, Rice, Black Beans, Cheese, Sour Cream]]",$8.75 
563,233,1,Steak Burrito,"[Fresh Tomato Salsa, [Fajita Vegetables, Rice, Black Beans, Cheese, Sour Cream]]",$9.25 
1146,473,1,Steak Burrito,"[Fresh Tomato Salsa, [Fajita Vegetables, Rice, Black Beans, Cheese, Sour Cream]]",$9.25 
1441,585,1,Veggie Bowl,"[Fresh Tomato Salsa, [Fajita Vegetables, Rice, Black Beans, Cheese, Sour Cream]]",$8.75 
3165,1264,1,Veggie Bowl,"[Fresh Tomato Salsa, [Fajita Vegetables, Rice, Black Beans, Cheese, Sour Cream]]",$8.75 
3745,1498,1,Veggie Bowl,"[Fresh Tomato Salsa, [Fajita Vegetables, Rice, Black Beans, Cheese, Sour Cream]]",$8.75 
2177,879,1,Veggie Burrito,"[Fresh Tomato Salsa, [Fajita Vegetables, Rice, Black Beans, Cheese, Sour Cream]]",$8.75 
1316,536,1,Veggie Salad Bowl,"[Fresh Tomato Salsa, [Fajita Vegetables, Rice, Black Beans, Cheese, Sour Cream]]",$8.75 
418,182,1,Barbacoa Bowl,"[Fresh Tomato Salsa, [Fajita Vegetables, Rice, Black Beans, Cheese]]",$9.25 
480,205,1,Chicken Bowl,"[Fresh Tomato Salsa, [Fajita Vegetables, Rice, Black Beans, Cheese]]",$8.75 
484,205,1,Chicken Bowl,"[Fresh Tomato Salsa, [Fajita Vegetables, Rice, Black Beans, Cheese]]",$8.75 
3927,1576,1,Chicken Bowl,"[Fresh Tomato Salsa, [Fajita Vegetables, Rice, Black Beans, Cheese]]",$8.75 
2687,1068,1,Chicken Burrito,"[Fresh Tomato Salsa, [Fajita Vegetables, Rice, Black Beans, Cheese]]",$8.75 
3416,1371,1,Chicken Burrito,"[Fresh Tomato Salsa, [Fajita Vegetables, Rice, Black Beans, Cheese]]",$8.75 
3772,1511,1,Chicken Burrito,"[Fresh Tomato Salsa, [Fajita Vegetables, Rice, Black Beans, Cheese]]",$8.75 
4485,1786,1,Barbacoa Bowl,"[Fresh Tomato Salsa, [Fajita Vegetables, Rice, Black Beans, Guacamole, Lettuce]]",$11.75 
3038,1209,1,Chicken Bowl,"[Fresh Tomato Salsa, [Fajita Vegetables, Rice, Black Beans, Guacamole, Lettuce]]",$11.25 
3070,1223,1,Chicken Bowl,"[Fresh Tomato Salsa, [Fajita Vegetables, Rice, Black Beans, Guacamole, Lettuce]]",$11.25 
4411,1760,1,Chicken Bowl,"[Fresh Tomato Salsa, [Fajita Vegetables, Rice, Black Beans, Guacamole, Lettuce]]",$11.25 
3799,1522,1,Steak Burrito,"[Fresh Tomato Salsa, [Fajita Vegetables, Rice, Black Beans, Guacamole, Lettuce]]",$11.75 
2803,1113,1,Veggie Bowl,"[Fresh Tomato Salsa, [Fajita Vegetables, Rice, Black Beans, Guacamole, Lettuce]]",$11.25 
2911,1157,1,Veggie Burrito,"[Fresh Tomato Salsa, [Fajita Vegetables, Rice, Black Beans, Guacamole, Lettuce]]",$11.25 
3113,1243,1,Veggie Burrito,"[Fresh Tomato Salsa, [Fajita Vegetables, Rice, Black Beans, Guacamole, Lettuce]]",$11.25 
3148,1255,1,Veggie Bowl,"[Fresh Tomato Salsa, [Fajita Vegetables, Rice, Black Beans, Guacamole]]",$11.25 
3711,1483,1,Carnitas Bowl,"[Fresh Tomato Salsa, [Fajita Vegetables, Rice, Black Beans, Lettuce]]",$9.25 
2802,1113,1,Chicken Soft Tacos,"[Fresh Tomato Salsa, [Fajita Vegetables, Rice, Black Beans, Lettuce]]",$8.75 
3355,1346,1,Steak Bowl,"[Fresh Tomato Salsa, [Fajita Vegetables, Rice, Black Beans, Lettuce]]",$9.25 
3677,1472,1,Veggie Bowl,"[Fresh Tomato Salsa, [Fajita Vegetables, Rice, Black Beans, Lettuce]]",$8.75 
1085,448,1,Chicken Burrito,"[Fresh Tomato Salsa, [Fajita Vegetables, Rice, Black Beans, Pinto Beans, Cheese, Lettuce]]",$8.75 
1109,458,1,Chicken Salad Bowl,"[Fresh Tomato Salsa, [Fajita Vegetables, Rice, Black Beans, Pinto Beans, Cheese, Lettuce]]",$8.75 
2567,1016,1,Carnitas Bowl,"[Fresh Tomato Salsa, [Fajita Vegetables, Rice, Black Beans, Pinto Beans, Cheese, Sour Cream, Guacamole, Lettuce]]",$11.75 
2383,948,1,Chicken Bowl,"[Fresh Tomato Salsa, [Fajita Vegetables, Rice, Black Beans, Pinto Beans, Cheese, Sour Cream, Guacamole, Lettuce]]",$11.25 
3998,1601,1,Chicken Bowl,"[Fresh Tomato Salsa, [Fajita Vegetables, Rice, Black Beans, Pinto Beans, Cheese, Sour Cream, Guacamole, Lettuce]]",$11.25 
1448,588,1,Chicken Burrito,"[Fresh Tomato Salsa, [Fajita Vegetables, Rice, Black Beans, Pinto Beans, Cheese, Sour Cream, Guacamole, Lettuce]]",$11.25 
3450,1387,1,Chicken Burrito,"[Fresh Tomato Salsa, [Fajita Vegetables, Rice, Black Beans, Pinto Beans, Cheese, Sour Cream, Guacamole, Lettuce]]",$11.25 
1524,621,1,Chicken Salad Bowl,"[Fresh Tomato Salsa, [Fajita Vegetables, Rice, Black Beans, Pinto Beans, Cheese, Sour Cream, Guacamole, Lettuce]]",$11.25 
4382,1748,1,Steak Burrito,"[Fresh Tomato Salsa, [Fajita Vegetables, Rice, Black Beans, Pinto Beans, Cheese, Sour Cream, Guacamole, Lettuce]]",$11.75 
3877,1554,1,Veggie Bowl,"[Fresh Tomato Salsa, [Fajita Vegetables, Rice, Black Beans, Pinto Beans, Cheese, Sour Cream, Guacamole, Lettuce]]",$11.25 
1699,688,1,Veggie Soft Tacos,"[Fresh Tomato Salsa, [Fajita Vegetables, Rice, Black Beans, Pinto Beans, Cheese, Sour Cream, Guacamole, Lettuce]]",$11.25 
1449,588,1,Chicken Bowl,"[Fresh Tomato Salsa, [Fajita Vegetables, Rice, Black Beans, Pinto Beans, Cheese, Sour Cream, Guacamole]]",$11.25 
4278,1706,1,Veggie Burrito,"[Fresh Tomato Salsa, [Fajita Vegetables, Rice, Black Beans, Pinto Beans, Cheese, Sour Cream, Guacamole]]",$11.25 
2368,943,1,Carnitas Bowl,"[Fresh Tomato Salsa, [Fajita Vegetables, Rice, Black Beans, Pinto Beans, Cheese, Sour Cream, Lettuce]]",$9.25 
4392,1752,1,Chicken Bowl,"[Fresh Tomato Salsa, [Fajita Vegetables, Rice, Black Beans, Pinto Beans, Cheese, Sour Cream]]",$8.75 
3275,1312,1,Veggie Bowl,"[Fresh Tomato Salsa, [Fajita Vegetables, Rice, Black Beans, Pinto Beans, Cheese]]",$8.75 
2865,1139,1,Chicken Burrito,"[Fresh Tomato Salsa, [Fajita Vegetables, Rice, Black Beans, Pinto Beans, Guacamole, Lettuce]]",$11.25 
1883,760,1,Chicken Salad Bowl,"[Fresh Tomato Salsa, [Fajita Vegetables, Rice, Black Beans, Pinto Beans, Guacamole, Lettuce]]",$11.25 
903,374,1,Barbacoa Burrito,"[Fresh Tomato Salsa, [Fajita Vegetables, Rice, Black Beans, Sour Cream, Guacamole, Lettuce]]",$11.75 
3675,1472,1,Chicken Bowl,"[Fresh Tomato Salsa, [Fajita Vegetables, Rice, Black Beans, Sour Cream, Guacamole, Lettuce]]",$11.25 
3996,1601,1,Chicken Bowl,"[Fresh Tomato Salsa, [Fajita Vegetables, Rice, Black Beans, Sour Cream, Guacamole, Lettuce]]",$11.25 
1114,461,1,Steak Burrito,"[Fresh Tomato Salsa, [Fajita Vegetables, Rice, Black Beans, Sour Cream, Guacamole, Lettuce]]",$11.75 
1631,658,1,Veggie Burrito,"[Fresh Tomato Salsa, [Fajita Vegetables, Rice, Black Beans, Sour Cream, Guacamole, Lettuce]]",$11.25 
1096,451,1,Steak Bowl,"[Fresh Tomato Salsa, [Fajita Vegetables, Rice, Black Beans, Sour Cream, Guacamole]]",$11.75 
3214,1285,1,Chicken Bowl,"[Fresh Tomato Salsa, [Fajita Vegetables, Rice, Black Beans, Sour Cream, Lettuce]]",$8.75 
4292,1712,1,Chicken Bowl,"[Fresh Tomato Salsa, [Fajita Vegetables, Rice, Black Beans, Sour Cream, Lettuce]]",$8.75 
2392,951,1,Veggie Bowl,"[Fresh Tomato Salsa, [Fajita Vegetables, Rice, Black Beans, Sour Cream, Lettuce]]",$8.75 
319,139,1,Chicken Bowl,"[Fresh Tomato Salsa, [Fajita Vegetables, Rice, Black Beans, Sour Cream]]",$8.75 
944,389,1,Chicken Bowl,"[Fresh Tomato Salsa, [Fajita Vegetables, Rice, Black Beans, Sour Cream]]",$8.75 
1545,628,1,Chicken Bowl,"[Fresh Tomato Salsa, [Fajita Vegetables, Rice, Cheese, Guacamole]]",$11.25 
4259,1699,1,Chicken Bowl,"[Fresh Tomato Salsa, [Fajita Vegetables, Rice, Cheese, Guacamole]]",$11.25 
1698,688,1,Chicken Burrito,"[Fresh Tomato Salsa, [Fajita Vegetables, Rice, Cheese, Guacamole]]",$11.25 
2966,1180,1,Barbacoa Burrito,"[Fresh Tomato Salsa, [Fajita Vegetables, Rice, Cheese, Lettuce]]",$9.25 
2876,1143,1,Chicken Bowl,"[Fresh Tomato Salsa, [Fajita Vegetables, Rice, Cheese, Lettuce]]",$8.75 
4459,1777,1,Steak Bowl,"[Fresh Tomato Salsa, [Fajita Vegetables, Rice, Cheese, Lettuce]]",$9.25 
808,333,1,Steak Burrito,"[Fresh Tomato Salsa, [Fajita Vegetables, Rice, Cheese, Lettuce]]",$9.25 
450,195,1,Barbacoa Burrito,"[Fresh Tomato Salsa, [Fajita Vegetables, Rice, Cheese, Sour Cream, Guacamole, Lettuce]]",$11.75 
1291,526,1,Chicken Bowl,"[Fresh Tomato Salsa, [Fajita Vegetables, Rice, Cheese, Sour Cream, Guacamole, Lettuce]]",$11.25 
1592,645,1,Chicken Bowl,"[Fresh Tomato Salsa, [Fajita Vegetables, Rice, Cheese, Sour Cream, Guacamole, Lettuce]]",$11.25 
2646,1051,1,Chicken Bowl,"[Fresh Tomato Salsa, [Fajita Vegetables, Rice, Cheese, Sour Cream, Guacamole, Lettuce]]",$11.25 
3011,1196,1,Chicken Bowl,"[Fresh Tomato Salsa, [Fajita Vegetables, Rice, Cheese, Sour Cream, Guacamole, Lettuce]]",$11.25 
3068,1222,1,Chicken Bowl,"[Fresh Tomato Salsa, [Fajita Vegetables, Rice, Cheese, Sour Cream, Guacamole, Lettuce]]",$11.25 
3224,1289,1,Chicken Bowl,"[Fresh Tomato Salsa, [Fajita Vegetables, Rice, Cheese, Sour Cream, Guacamole, Lettuce]]",$11.25 
3655,1461,1,Chicken Bowl,"[Fresh Tomato Salsa, [Fajita Vegetables, Rice, Cheese, Sour Cream, Guacamole, Lettuce]]",$11.25 
4111,1647,1,Chicken Bowl,"[Fresh Tomato Salsa, [Fajita Vegetables, Rice, Cheese, Sour Cream, Guacamole, Lettuce]]",$11.25 
4112,1647,1,Chicken Bowl,"[Fresh Tomato Salsa, [Fajita Vegetables, Rice, Cheese, Sour Cream, Guacamole, Lettuce]]",$11.25 
589,242,1,Chicken Burrito,"[Fresh Tomato Salsa, [Fajita Vegetables, Rice, Cheese, Sour Cream, Guacamole, Lettuce]]",$11.25 
4371,1745,1,Chicken Crispy Tacos,"[Fresh Tomato Salsa, [Fajita Vegetables, Rice, Cheese, Sour Cream, Guacamole, Lettuce]]",$11.25 
690,284,1,Steak Bowl,"[Fresh Tomato Salsa, [Fajita Vegetables, Rice, Cheese, Sour Cream, Guacamole, Lettuce]]",$11.75 
2439,969,1,Steak Salad Bowl,"[Fresh Tomato Salsa, [Fajita Vegetables, Rice, Cheese, Sour Cream, Guacamole, Lettuce]]",$11.89 
2939,1168,1,Veggie Bowl,"[Fresh Tomato Salsa, [Fajita Vegetables, Rice, Cheese, Sour Cream, Guacamole, Lettuce]]",$11.25 
4080,1633,1,Veggie Bowl,"[Fresh Tomato Salsa, [Fajita Vegetables, Rice, Cheese, Sour Cream, Guacamole, Lettuce]]",$11.25 
4224,1686,1,Veggie Bowl,"[Fresh Tomato Salsa, [Fajita Vegetables, Rice, Cheese, Sour Cream, Guacamole, Lettuce]]",$11.25 
4336,1731,1,Veggie Bowl,"[Fresh Tomato Salsa, [Fajita Vegetables, Rice, Cheese, Sour Cream, Guacamole, Lettuce]]",$11.25 
4468,1780,1,Veggie Bowl,"[Fresh Tomato Salsa, [Fajita Vegetables, Rice, Cheese, Sour Cream, Guacamole, Lettuce]]",$11.25 
13,7,1,Chicken Bowl,"[Fresh Tomato Salsa, [Fajita Vegetables, Rice, Cheese, Sour Cream, Guacamole]]",$11.25 
490,206,1,Chicken Bowl,"[Fresh Tomato Salsa, [Fajita Vegetables, Rice, Cheese, Sour Cream, Guacamole]]",$11.25 
687,284,1,Chicken Bowl,"[Fresh Tomato Salsa, [Fajita Vegetables, Rice, Cheese, Sour Cream, Guacamole]]",$11.25 
4388,1751,1,Chicken Salad Bowl,"[Fresh Tomato Salsa, [Fajita Vegetables, Rice, Cheese, Sour Cream, Guacamole]]",$11.25 
491,206,1,Steak Bowl,"[Fresh Tomato Salsa, [Fajita Vegetables, Rice, Cheese, Sour Cream, Guacamole]]",$11.75 
933,384,1,Chicken Bowl,"[Fresh Tomato Salsa, [Fajita Vegetables, Rice, Cheese, Sour Cream, Lettuce]]",$8.75 
2837,1127,1,Chicken Bowl,"[Fresh Tomato Salsa, [Fajita Vegetables, Rice, Cheese, Sour Cream, Lettuce]]",$8.75 
3690,1479,1,Chicken Bowl,"[Fresh Tomato Salsa, [Fajita Vegetables, Rice, Cheese, Sour Cream, Lettuce]]",$8.75 
1481,602,1,Chicken Burrito,"[Fresh Tomato Salsa, [Fajita Vegetables, Rice, Cheese, Sour Cream, Lettuce]]",$8.75 
256,111,1,Chicken Salad Bowl,"[Fresh Tomato Salsa, [Fajita Vegetables, Rice, Cheese, Sour Cream, Lettuce]]",$8.75 
419,183,1,Chicken Soft Tacos,"[Fresh Tomato Salsa, [Fajita Vegetables, Rice, Cheese, Sour Cream, Lettuce]]",$8.75 
707,291,1,Steak Burrito,"[Fresh Tomato Salsa, [Fajita Vegetables, Rice, Cheese, Sour Cream, Lettuce]]",$9.25 
4270,1703,1,Steak Burrito,"[Fresh Tomato Salsa, [Fajita Vegetables, Rice, Cheese, Sour Cream, Lettuce]]",$9.25 
342,149,1,Steak Soft Tacos,"[Fresh Tomato Salsa, [Fajita Vegetables, Rice, Cheese, Sour Cream, Lettuce]]",$9.25 
1319,537,1,Veggie Bowl,"[Fresh Tomato Salsa, [Fajita Vegetables, Rice, Cheese, Sour Cream, Lettuce]]",$8.75 
95,42,1,Barbacoa Bowl,"[Fresh Tomato Salsa, [Fajita Vegetables, Rice, Cheese, Sour Cream]]",$9.25 
1032,425,1,Barbacoa Bowl,"[Fresh Tomato Salsa, [Fajita Vegetables, Rice, Cheese, Sour Cream]]",$9.25 
878,363,1,Barbacoa Burrito,"[Fresh Tomato Salsa, [Fajita Vegetables, Rice, Cheese, Sour Cream]]",$9.25 
451,195,1,Chicken Burrito,"[Fresh Tomato Salsa, [Fajita Vegetables, Rice, Cheese, Sour Cream]]",$8.75 
4536,1803,1,Steak Burrito,"[Fresh Tomato Salsa, [Fajita Vegetables, Rice, Cheese]]",$9.25 
1877,759,1,Chicken Bowl,"[Fresh Tomato Salsa, [Fajita Vegetables, Rice, Guacamole, Lettuce]]",$11.25 
2157,869,1,Chicken Bowl,"[Fresh Tomato Salsa, [Fajita Vegetables, Rice, Guacamole, Lettuce]]",$11.25 
2603,1033,1,Chicken Bowl,"[Fresh Tomato Salsa, [Fajita Vegetables, Rice, Guacamole, Lettuce]]",$11.25 
1956,791,1,Chicken Salad Bowl,"[Fresh Tomato Salsa, [Fajita Vegetables, Rice, Guacamole, Lettuce]]",$11.25 
2402,953,1,Steak Bowl,"[Fresh Tomato Salsa, [Fajita Vegetables, Rice, Guacamole]]",$11.75 
1404,571,1,Veggie Bowl,"[Fresh Tomato Salsa, [Fajita Vegetables, Rice, Guacamole]]",$11.25 
4153,1660,1,Veggie Bowl,"[Fresh Tomato Salsa, [Fajita Vegetables, Rice, Guacamole]]",$11.25 
4261,1700,1,Veggie Salad Bowl,"[Fresh Tomato Salsa, [Fajita Vegetables, Rice, Guacamole]]",$11.25 
154,70,2,Chicken Bowl,"[Fresh Tomato Salsa, [Fajita Vegetables, Rice, Lettuce]]",$17.50 
654,271,2,Chicken Bowl,"[Fresh Tomato Salsa, [Fajita Vegetables, Rice, Lettuce]]",$17.50 
976,401,2,Chicken Bowl,"[Fresh Tomato Salsa, [Fajita Vegetables, Rice, Lettuce]]",$17.50 
1106,457,2,Chicken Bowl,"[Fresh Tomato Salsa, [Fajita Vegetables, Rice, Lettuce]]",$17.50 
2264,912,1,Chicken Bowl,"[Fresh Tomato Salsa, [Fajita Vegetables, Rice, Lettuce]]",$8.75 
2282,916,1,Chicken Bowl,"[Fresh Tomato Salsa, [Fajita Vegetables, Rice, Lettuce]]",$8.75 
2701,1072,1,Chicken Bowl,"[Fresh Tomato Salsa, [Fajita Vegetables, Rice, Lettuce]]",$8.75 
3384,1359,1,Chicken Bowl,"[Fresh Tomato Salsa, [Fajita Vegetables, Rice, Lettuce]]",$8.75 
4127,1653,1,Chicken Bowl,"[Fresh Tomato Salsa, [Fajita Vegetables, Rice, Lettuce]]",$8.75 
4217,1683,1,Chicken Bowl,"[Fresh Tomato Salsa, [Fajita Vegetables, Rice, Lettuce]]",$8.75 
1997,806,1,Chicken Bowl,"[Fresh Tomato Salsa, [Fajita Vegetables, Rice, Pinto Beans, Cheese, Guacamole, Lettuce]]",$11.25 
4564,1815,1,Chicken Bowl,"[Fresh Tomato Salsa, [Fajita Vegetables, Rice, Pinto Beans, Cheese, Guacamole, Lettuce]]",$11.25 
391,170,1,Chicken Burrito,"[Fresh Tomato Salsa, [Fajita Vegetables, Rice, Pinto Beans, Cheese, Guacamole, Lettuce]]",$11.25 
983,404,1,Chicken Burrito,"[Fresh Tomato Salsa, [Fajita Vegetables, Rice, Pinto Beans, Cheese, Guacamole, Lettuce]]",$11.25 
2219,894,1,Veggie Burrito,"[Fresh Tomato Salsa, [Fajita Vegetables, Rice, Pinto Beans, Cheese, Guacamole, Lettuce]]",$11.25 
2403,953,1,Chicken Salad Bowl,"[Fresh Tomato Salsa, [Fajita Vegetables, Rice, Pinto Beans, Cheese, Guacamole]]",$11.25 
2605,1033,1,Veggie Burrito,"[Fresh Tomato Salsa, [Fajita Vegetables, Rice, Pinto Beans, Cheese, Lettuce]]",$8.75 
2269,913,1,Veggie Salad Bowl,"[Fresh Tomato Salsa, [Fajita Vegetables, Rice, Pinto Beans, Cheese, Lettuce]]",$8.75 
4482,1786,1,Carnitas Burrito,"[Fresh Tomato Salsa, [Fajita Vegetables, Rice, Pinto Beans, Cheese, Sour Cream, Guacamole, Lettuce]]",$11.75 
2915,1159,1,Chicken Bowl,"[Fresh Tomato Salsa, [Fajita Vegetables, Rice, Pinto Beans, Cheese, Sour Cream, Guacamole, Lettuce]]",$11.25 
3217,1287,1,Chicken Bowl,"[Fresh Tomato Salsa, [Fajita Vegetables, Rice, Pinto Beans, Cheese, Sour Cream, Guacamole, Lettuce]]",$11.25 
3536,1422,1,Chicken Bowl,"[Fresh Tomato Salsa, [Fajita Vegetables, Rice, Pinto Beans, Cheese, Sour Cream, Guacamole, Lettuce]]",$11.25 
3874,1554,1,Chicken Bowl,"[Fresh Tomato Salsa, [Fajita Vegetables, Rice, Pinto Beans, Cheese, Sour Cream, Guacamole, Lettuce]]",$11.25 
4024,1611,1,Chicken Bowl,"[Fresh Tomato Salsa, [Fajita Vegetables, Rice, Pinto Beans, Cheese, Sour Cream, Guacamole, Lettuce]]",$11.25 
2901,1154,1,Chicken Burrito,"[Fresh Tomato Salsa, [Fajita Vegetables, Rice, Pinto Beans, Cheese, Sour Cream, Guacamole, Lettuce]]",$11.25 
4387,1750,1,Steak Bowl,"[Fresh Tomato Salsa, [Fajita Vegetables, Rice, Pinto Beans, Cheese, Sour Cream, Guacamole, Lettuce]]",$11.75 
984,404,1,Carnitas Bowl,"[Fresh Tomato Salsa, [Fajita Vegetables, Rice, Pinto Beans, Cheese, Sour Cream, Lettuce]]",$9.25 
1287,524,1,Carnitas Burrito,"[Fresh Tomato Salsa, [Fajita Vegetables, Rice, Pinto Beans, Cheese, Sour Cream, Lettuce]]",$9.25 
4095,1641,1,Carnitas Soft Tacos,"[Fresh Tomato Salsa, [Fajita Vegetables, Rice, Pinto Beans, Cheese, Sour Cream, Lettuce]]",$9.25 
2484,986,1,Chicken Bowl,"[Fresh Tomato Salsa, [Fajita Vegetables, Rice, Pinto Beans, Cheese, Sour Cream, Lettuce]]",$8.75 
3278,1314,1,Steak Bowl,"[Fresh Tomato Salsa, [Fajita Vegetables, Rice, Pinto Beans, Cheese, Sour Cream, Lettuce]]",$9.25 
3861,1548,2,Steak Burrito,"[Fresh Tomato Salsa, [Fajita Vegetables, Rice, Pinto Beans, Cheese, Sour Cream, Lettuce]]",$18.50 
1845,747,2,Chicken Burrito,"[Fresh Tomato Salsa, [Fajita Vegetables, Rice, Pinto Beans, Cheese, Sour Cream]]",$17.50 
1779,719,1,Steak Bowl,"[Fresh Tomato Salsa, [Fajita Vegetables, Rice, Pinto Beans, Cheese, Sour Cream]]",$9.25 
3514,1413,1,Chicken Bowl,"[Fresh Tomato Salsa, [Fajita Vegetables, Rice, Pinto Beans, Cheese]]",$8.75 
851,351,1,Carnitas Bowl,"[Fresh Tomato Salsa, [Fajita Vegetables, Rice, Pinto Beans, Lettuce]]",$9.25 
2864,1138,1,Chicken Bowl,"[Fresh Tomato Salsa, [Fajita Vegetables, Rice, Sour Cream, Guacamole, Lettuce]]",$11.25 
4110,1646,1,Chicken Bowl,"[Fresh Tomato Salsa, [Fajita Vegetables, Rice, Sour Cream, Guacamole, Lettuce]]",$11.25 
2569,1017,1,Chicken Bowl,"[Fresh Tomato Salsa, [Fajita Vegetables, Rice, Sour Cream, Guacamole]]",$11.25 
3800,1522,1,Chicken Salad Bowl,"[Fresh Tomato Salsa, [Fajita Vegetables, Rice, Sour Cream, Guacamole]]",$11.25 
1588,643,2,Chicken Bowl,"[Fresh Tomato Salsa, [Fajita Vegetables, Rice, Sour Cream, Lettuce]]",$17.50 
2006,809,1,Chicken Bowl,"[Fresh Tomato Salsa, [Fajita Vegetables, Rice, Sour Cream, Lettuce]]",$8.75 
2702,1072,1,Chicken Bowl,"[Fresh Tomato Salsa, [Fajita Vegetables, Rice, Sour Cream, Lettuce]]",$8.75 
4488,1786,1,Chicken Bowl,"[Fresh Tomato Salsa, [Fajita Vegetables, Rice, Sour Cream, Lettuce]]",$8.75 
656,272,1,Chicken Burrito,"[Fresh Tomato Salsa, [Fajita Vegetables, Rice, Sour Cream, Lettuce]]",$8.75 
1054,434,1,Chicken Burrito,"[Fresh Tomato Salsa, [Fajita Vegetables, Rice, Sour Cream, Lettuce]]",$8.75 
1107,457,1,Chicken Burrito,"[Fresh Tomato Salsa, [Fajita Vegetables, Rice, Sour Cream, Lettuce]]",$8.75 
1547,628,1,Chicken Salad Bowl,"[Fresh Tomato Salsa, [Fajita Vegetables, Rice, Sour Cream]]",$8.75 
1043,430,1,Chicken Bowl,"[Fresh Tomato Salsa, [Fajita Vegetables, Rice]]",$8.75 
1060,437,1,Chicken Bowl,"[Fresh Tomato Salsa, [Fajita Vegetables, Rice]]",$8.75 
1163,480,1,Chicken Bowl,"[Fresh Tomato Salsa, [Fajita Vegetables, Rice]]",$8.75 
1226,500,1,Chicken Bowl,"[Fresh Tomato Salsa, [Fajita Vegetables, Rice]]",$8.75 
1281,521,1,Chicken Bowl,"[Fresh Tomato Salsa, [Fajita Vegetables, Rice]]",$8.75 
1478,601,1,Chicken Bowl,"[Fresh Tomato Salsa, [Fajita Vegetables, Rice]]",$8.75 
1579,639,1,Chicken Bowl,"[Fresh Tomato Salsa, [Fajita Vegetables, Rice]]",$8.75 
1686,683,1,Chicken Bowl,"[Fresh Tomato Salsa, [Fajita Vegetables, Rice]]",$8.75 
1829,740,1,Chicken Bowl,"[Fresh Tomato Salsa, [Fajita Vegetables, Rice]]",$8.75 
1852,751,1,Chicken Bowl,"[Fresh Tomato Salsa, [Fajita Vegetables, Rice]]",$8.75 
2099,847,1,Chicken Bowl,"[Fresh Tomato Salsa, [Fajita Vegetables, Rice]]",$8.75 
2128,857,1,Chicken Bowl,"[Fresh Tomato Salsa, [Fajita Vegetables, Rice]]",$8.75 
2240,903,1,Chicken Bowl,"[Fresh Tomato Salsa, [Fajita Vegetables, Rice]]",$8.75 
2540,1008,1,Chicken Bowl,"[Fresh Tomato Salsa, [Fajita Vegetables, Rice]]",$8.75 
3582,1437,1,Chicken Bowl,"[Fresh Tomato Salsa, [Fajita Vegetables, Rice]]",$8.75 
3937,1579,1,Chicken Bowl,"[Fresh Tomato Salsa, [Fajita Vegetables, Rice]]",$8.75 
4214,1682,1,Chicken Bowl,"[Fresh Tomato Salsa, [Fajita Vegetables, Rice]]",$8.75 
1398,569,1,Chicken Burrito,"[Fresh Tomato Salsa, [Fajita Vegetables, Rice]]",$8.75 
4457,1776,1,Chicken Burrito,"[Fresh Tomato Salsa, [Fajita Vegetables, Rice]]",$8.75 
4478,1785,1,Chicken Burrito,"[Fresh Tomato Salsa, [Fajita Vegetables, Rice]]",$8.75 
4543,1806,1,Chicken Burrito,"[Fresh Tomato Salsa, [Fajita Vegetables, Rice]]",$8.75 
4569,1817,1,Chicken Burrito,"[Fresh Tomato Salsa, [Fajita Vegetables, Rice]]",$8.75 
965,396,1,Chicken Burrito,"[Fresh Tomato Salsa, [Fajita Vegetables, Sour Cream, Cheese, Guacamole]]",$11.25 
4307,1718,2,Steak Bowl,"[Fresh Tomato Salsa, [Fajita Vegetables, Sour Cream, Cheese, Lettuce, Guacamole]]",$23.50 
1571,637,1,Steak Salad Bowl,"[Fresh Tomato Salsa, [Fajita Vegetables, Sour Cream, Cheese, Lettuce, Guacamole]]",$11.89 
1756,709,1,Chicken Salad Bowl,"[Fresh Tomato Salsa, [Fajita Vegetables, Sour Cream, Cheese, Lettuce]]",$8.75 
1977,798,1,Chicken Salad Bowl,"[Fresh Tomato Salsa, [Fajita Vegetables, Sour Cream, Cheese, Lettuce]]",$8.75 
1616,653,1,Chicken Burrito,"[Fresh Tomato Salsa, [Guacamole, Cheese, Rice, Sour Cream, Fajita Vegetables, Lettuce]]",$11.25 
3229,1292,1,Chicken Bowl,"[Fresh Tomato Salsa, [Guacamole, Cheese, Rice, Sour Cream, Fajita Vegetables]]",$11.25 
123,54,1,Chicken Bowl,"[Fresh Tomato Salsa, [Guacamole, Cheese, Sour Cream, Fajita Vegetables, Rice]]",$11.25 
2495,991,1,Chicken Bowl,"[Fresh Tomato Salsa, [Guacamole, Cheese, Sour Cream, Fajita Vegetables, Rice]]",$11.25 
3720,1486,1,Chicken Bowl,"[Fresh Tomato Salsa, [Guacamole, Lettuce, Rice, Cheese, Sour Cream, Black Beans]]",$11.25 
1541,627,1,Chicken Burrito,"[Fresh Tomato Salsa, [Guacamole, Lettuce, Sour Cream, Fajita Vegetables, Cheese, Rice]]",$11.25 
3197,1279,1,Steak Burrito,"[Fresh Tomato Salsa, [Guacamole, Lettuce, Sour Cream, Rice]]",$11.75 
4329,1728,1,Chicken Bowl,"[Fresh Tomato Salsa, [Guacamole, Lettuce]]",$11.25 
3484,1400,1,Chicken Bowl,"[Fresh Tomato Salsa, [Guacamole, Sour Cream, Cheese, Rice, Fajita Vegetables]]",$11.25 
4157,1661,1,Chicken Bowl,"[Fresh Tomato Salsa, [Guacamole, Sour Cream, Cheese, Rice, Fajita Vegetables]]",$11.25 
3284,1317,1,Chicken Bowl,"[Fresh Tomato Salsa, [Lettuce, Cheese, Pinto Beans, Rice]]",$8.75 
3283,1317,1,Chicken Bowl,"[Fresh Tomato Salsa, [Lettuce, Fajita Vegetables, Guacamole, Rice, Black Beans]]",$11.25 
1185,487,1,Chicken Burrito,"[Fresh Tomato Salsa, [Lettuce, Guacamole, Rice, Cheese, Fajita Vegetables, Sour Cream]]",$11.25 
2061,831,2,Chicken Burrito,"[Fresh Tomato Salsa, [Lettuce, Rice, Black Beans, Cheese]]",$17.50 
3970,1591,2,Steak Burrito,"[Fresh Tomato Salsa, [Lettuce, Sour Cream, Cheese, Fajita Vegetables, Pinto Beans, Rice]]",$18.50 
606,250,1,Steak Salad Bowl,"[Fresh Tomato Salsa, [Pinto Beans, Cheese, Guacamole, Lettuce]]",$11.89 
2741,1088,1,Chicken Bowl,"[Fresh Tomato Salsa, [Pinto Beans, Cheese, Guacamole]]",$11.25 
3167,1265,2,Chicken Salad Bowl,"[Fresh Tomato Salsa, [Pinto Beans, Cheese, Lettuce]]",$17.50 
3175,1269,1,Chicken Salad Bowl,"[Fresh Tomato Salsa, [Pinto Beans, Cheese, Sour Cream, Guacamole, Fajita Vegetables, Rice, Black Beans, Lettuce]]",$11.25 
2994,1191,1,Steak Burrito,"[Fresh Tomato Salsa, [Pinto Beans, Cheese, Sour Cream, Guacamole]]",$11.75 
3842,1539,1,Steak Burrito,"[Fresh Tomato Salsa, [Pinto Beans, Cheese, Sour Cream, Guacamole]]",$11.75 
2503,995,1,Steak Burrito,"[Fresh Tomato Salsa, [Pinto Beans, Cheese, Sour Cream, Lettuce]]",$9.25 
2107,848,1,Chicken Burrito,"[Fresh Tomato Salsa, [Pinto Beans, Cheese, Sour Cream]]",$8.75 
2783,1105,1,Steak Burrito,"[Fresh Tomato Salsa, [Pinto Beans, Cheese, Sour Cream]]",$9.25 
3188,1275,1,Steak Burrito,"[Fresh Tomato Salsa, [Pinto Beans, Cheese, Sour Cream]]",$9.25 
3841,1539,1,Steak Burrito,"[Fresh Tomato Salsa, [Pinto Beans, Cheese, Sour Cream]]",$9.25 
3399,1364,1,Steak Burrito,"[Fresh Tomato Salsa, [Pinto Beans, Lettuce, Cheese, Rice]]",$9.25 
3411,1368,1,Chicken Salad Bowl,"[Fresh Tomato Salsa, [Pinto Beans, Lettuce]]",$8.75 
4362,1742,1,Chicken Bowl,"[Fresh Tomato Salsa, [Pinto Beans, Rice, Cheese, Lettuce, Guacamole, Sour Cream, Fajita Vegetables]]",$11.25 
4273,1704,1,Chicken Bowl,"[Fresh Tomato Salsa, [Pinto Beans, Rice, Lettuce, Cheese]]",$8.75 
4450,1774,1,Carnitas Crispy Tacos,"[Fresh Tomato Salsa, [Pinto Beans, Sour Cream, Cheese, Lettuce]]",$9.25 
2224,896,1,Chicken Salad Bowl,"[Fresh Tomato Salsa, [Pinto Beans, Sour Cream, Cheese]]",$8.75 
1393,566,1,Carnitas Bowl,"[Fresh Tomato Salsa, [Rice, Black Beans, Cheese, Guacamole, Lettuce]]",$11.75 
4428,1765,1,Carnitas Bowl,"[Fresh Tomato Salsa, [Rice, Black Beans, Cheese, Guacamole, Lettuce]]",$11.75 
1989,804,1,Chicken Bowl,"[Fresh Tomato Salsa, [Rice, Black Beans, Cheese, Guacamole, Lettuce]]",$11.25 
2018,814,1,Chicken Bowl,"[Fresh Tomato Salsa, [Rice, Black Beans, Cheese, Guacamole, Lettuce]]",$11.25 
2716,1078,1,Chicken Bowl,"[Fresh Tomato Salsa, [Rice, Black Beans, Cheese, Guacamole, Lettuce]]",$11.25 
2717,1078,1,Chicken Bowl,"[Fresh Tomato Salsa, [Rice, Black Beans, Cheese, Guacamole, Lettuce]]",$11.25 
3215,1286,1,Chicken Bowl,"[Fresh Tomato Salsa, [Rice, Black Beans, Cheese, Guacamole, Lettuce]]",$11.25 
3639,1455,1,Chicken Bowl,"[Fresh Tomato Salsa, [Rice, Black Beans, Cheese, Guacamole, Lettuce]]",$11.25 
4260,1699,1,Chicken Bowl,"[Fresh Tomato Salsa, [Rice, Black Beans, Cheese, Guacamole, Lettuce]]",$11.25 
4340,1733,1,Chicken Bowl,"[Fresh Tomato Salsa, [Rice, Black Beans, Cheese, Guacamole, Lettuce]]",$11.25 
685,283,1,Chicken Burrito,"[Fresh Tomato Salsa, [Rice, Black Beans, Cheese, Guacamole, Lettuce]]",$11.25 
746,308,1,Chicken Burrito,"[Fresh Tomato Salsa, [Rice, Black Beans, Cheese, Guacamole, Lettuce]]",$11.25 
1046,431,1,Chicken Burrito,"[Fresh Tomato Salsa, [Rice, Black Beans, Cheese, Guacamole, Lettuce]]",$11.25 
2413,957,1,Chicken Burrito,"[Fresh Tomato Salsa, [Rice, Black Beans, Cheese, Guacamole, Lettuce]]",$11.25 
2649,1052,1,Chicken Burrito,"[Fresh Tomato Salsa, [Rice, Black Beans, Cheese, Guacamole, Lettuce]]",$11.25 
3854,1545,1,Chicken Burrito,"[Fresh Tomato Salsa, [Rice, Black Beans, Cheese, Guacamole, Lettuce]]",$11.25 
4263,1701,1,Chicken Burrito,"[Fresh Tomato Salsa, [Rice, Black Beans, Cheese, Guacamole, Lettuce]]",$11.25 
1422,577,1,Chicken Salad Bowl,"[Fresh Tomato Salsa, [Rice, Black Beans, Cheese, Guacamole, Lettuce]]",$11.25 
3002,1193,1,Steak Bowl,"[Fresh Tomato Salsa, [Rice, Black Beans, Cheese, Guacamole, Lettuce]]",$11.75 
4262,1700,1,Steak Burrito,"[Fresh Tomato Salsa, [Rice, Black Beans, Cheese, Guacamole, Lettuce]]",$11.75 
2530,1006,1,Veggie Bowl,"[Fresh Tomato Salsa, [Rice, Black Beans, Cheese, Guacamole, Lettuce]]",$11.25 
1132,468,1,Carnitas Salad Bowl,"[Fresh Tomato Salsa, [Rice, Black Beans, Cheese, Guacamole]]",$11.89 
1206,491,1,Chicken Bowl,"[Fresh Tomato Salsa, [Rice, Black Beans, Cheese, Guacamole]]",$11.25 
2393,951,1,Chicken Burrito,"[Fresh Tomato Salsa, [Rice, Black Beans, Cheese, Guacamole]]",$11.25 
2535,1006,1,Chicken Burrito,"[Fresh Tomato Salsa, [Rice, Black Beans, Cheese, Guacamole]]",$11.25 
3448,1386,1,Steak Bowl,"[Fresh Tomato Salsa, [Rice, Black Beans, Cheese, Guacamole]]",$11.75 
1816,734,1,Steak Salad Bowl,"[Fresh Tomato Salsa, [Rice, Black Beans, Cheese, Guacamole]]",$11.89 
3931,1577,1,Chicken Bowl,"[Fresh Tomato Salsa, [Rice, Black Beans, Cheese, Lettuce, Guacamole]]",$11.25 
3852,1544,1,Chicken Burrito,"[Fresh Tomato Salsa, [Rice, Black Beans, Cheese, Lettuce, Guacamole]]",$11.25 
1347,550,1,Barbacoa Bowl,"[Fresh Tomato Salsa, [Rice, Black Beans, Cheese, Lettuce]]",$9.25 
1670,676,1,Barbacoa Bowl,"[Fresh Tomato Salsa, [Rice, Black Beans, Cheese, Lettuce]]",$9.25 
2323,926,1,Barbacoa Burrito,"[Fresh Tomato Salsa, [Rice, Black Beans, Cheese, Lettuce]]",$9.25 
2268,913,1,Carnitas Bowl,"[Fresh Tomato Salsa, [Rice, Black Beans, Cheese, Lettuce]]",$9.25 
3441,1382,1,Carnitas Burrito,"[Fresh Tomato Salsa, [Rice, Black Beans, Cheese, Lettuce]]",$9.25 
449,195,1,Chicken Bowl,"[Fresh Tomato Salsa, [Rice, Black Beans, Cheese, Lettuce]]",$8.75 
977,402,1,Chicken Bowl,"[Fresh Tomato Salsa, [Rice, Black Beans, Cheese, Lettuce]]",$8.75 
2378,946,1,Chicken Bowl,"[Fresh Tomato Salsa, [Rice, Black Beans, Cheese, Lettuce]]",$8.75 
3929,1577,1,Chicken Bowl,"[Fresh Tomato Salsa, [Rice, Black Beans, Cheese, Lettuce]]",$8.75 
4342,1734,1,Chicken Bowl,"[Fresh Tomato Salsa, [Rice, Black Beans, Cheese, Lettuce]]",$8.75 
608,251,1,Chicken Burrito,"[Fresh Tomato Salsa, [Rice, Black Beans, Cheese, Lettuce]]",$8.75 
858,354,1,Chicken Burrito,"[Fresh Tomato Salsa, [Rice, Black Beans, Cheese, Lettuce]]",$8.75 
1280,521,1,Chicken Burrito,"[Fresh Tomato Salsa, [Rice, Black Beans, Cheese, Lettuce]]",$8.75 
1520,619,1,Chicken Burrito,"[Fresh Tomato Salsa, [Rice, Black Beans, Cheese, Lettuce]]",$8.75 
1869,758,1,Chicken Burrito,"[Fresh Tomato Salsa, [Rice, Black Beans, Cheese, Lettuce]]",$8.75 
2311,926,1,Chicken Burrito,"[Fresh Tomato Salsa, [Rice, Black Beans, Cheese, Lettuce]]",$8.75 
2359,940,1,Chicken Burrito,"[Fresh Tomato Salsa, [Rice, Black Beans, Cheese, Lettuce]]",$8.75 
2526,1005,1,Chicken Burrito,"[Fresh Tomato Salsa, [Rice, Black Beans, Cheese, Lettuce]]",$8.75 
3231,1293,1,Chicken Burrito,"[Fresh Tomato Salsa, [Rice, Black Beans, Cheese, Lettuce]]",$8.75 
3835,1537,1,Chicken Burrito,"[Fresh Tomato Salsa, [Rice, Black Beans, Cheese, Lettuce]]",$8.75 
2965,1179,1,Chicken Crispy Tacos,"[Fresh Tomato Salsa, [Rice, Black Beans, Cheese, Lettuce]]",$8.75 
4190,1673,1,Steak Bowl,"[Fresh Tomato Salsa, [Rice, Black Beans, Cheese, Lettuce]]",$9.25 
3565,1431,1,Steak Burrito,"[Fresh Tomato Salsa, [Rice, Black Beans, Cheese, Lettuce]]",$9.25 
3834,1537,1,Steak Burrito,"[Fresh Tomato Salsa, [Rice, Black Beans, Cheese, Lettuce]]",$9.25 
3274,1312,1,Veggie Burrito,"[Fresh Tomato Salsa, [Rice, Black Beans, Cheese, Lettuce]]",$8.75 
2749,1091,1,Barbacoa Bowl,"[Fresh Tomato Salsa, [Rice, Black Beans, Cheese, Sour Cream, Guacamole, Lettuce]]",$11.75 
3394,1361,1,Barbacoa Bowl,"[Fresh Tomato Salsa, [Rice, Black Beans, Cheese, Sour Cream, Guacamole, Lettuce]]",$11.75 
462,198,1,Carnitas Burrito,"[Fresh Tomato Salsa, [Rice, Black Beans, Cheese, Sour Cream, Guacamole, Lettuce]]",$11.75 
303,132,1,Chicken Bowl,"[Fresh Tomato Salsa, [Rice, Black Beans, Cheese, Sour Cream, Guacamole, Lettuce]]",$11.25 
454,195,1,Chicken Bowl,"[Fresh Tomato Salsa, [Rice, Black Beans, Cheese, Sour Cream, Guacamole, Lettuce]]",$11.25 
483,205,1,Chicken Bowl,"[Fresh Tomato Salsa, [Rice, Black Beans, Cheese, Sour Cream, Guacamole, Lettuce]]",$11.25 
668,277,1,Chicken Bowl,"[Fresh Tomato Salsa, [Rice, Black Beans, Cheese, Sour Cream, Guacamole, Lettuce]]",$11.25 
1484,603,1,Chicken Bowl,"[Fresh Tomato Salsa, [Rice, Black Beans, Cheese, Sour Cream, Guacamole, Lettuce]]",$11.25 
2411,956,1,Chicken Bowl,"[Fresh Tomato Salsa, [Rice, Black Beans, Cheese, Sour Cream, Guacamole, Lettuce]]",$11.25 
3065,1221,1,Chicken Bowl,"[Fresh Tomato Salsa, [Rice, Black Beans, Cheese, Sour Cream, Guacamole, Lettuce]]",$11.25 
3393,1361,1,Chicken Bowl,"[Fresh Tomato Salsa, [Rice, Black Beans, Cheese, Sour Cream, Guacamole, Lettuce]]",$11.25 
3743,1497,1,Chicken Bowl,"[Fresh Tomato Salsa, [Rice, Black Beans, Cheese, Sour Cream, Guacamole, Lettuce]]",$11.25 
4063,1627,1,Chicken Bowl,"[Fresh Tomato Salsa, [Rice, Black Beans, Cheese, Sour Cream, Guacamole, Lettuce]]",$11.25 
4133,1655,1,Chicken Bowl,"[Fresh Tomato Salsa, [Rice, Black Beans, Cheese, Sour Cream, Guacamole, Lettuce]]",$11.25 
4167,1664,1,Chicken Bowl,"[Fresh Tomato Salsa, [Rice, Black Beans, Cheese, Sour Cream, Guacamole, Lettuce]]",$11.25 
4486,1786,1,Chicken Bowl,"[Fresh Tomato Salsa, [Rice, Black Beans, Cheese, Sour Cream, Guacamole, Lettuce]]",$11.25 
4586,1824,1,Chicken Bowl,"[Fresh Tomato Salsa, [Rice, Black Beans, Cheese, Sour Cream, Guacamole, Lettuce]]",$11.25 
330,144,1,Chicken Burrito,"[Fresh Tomato Salsa, [Rice, Black Beans, Cheese, Sour Cream, Guacamole, Lettuce]]",$11.25 
452,195,1,Chicken Burrito,"[Fresh Tomato Salsa, [Rice, Black Beans, Cheese, Sour Cream, Guacamole, Lettuce]]",$11.25 
463,198,1,Chicken Burrito,"[Fresh Tomato Salsa, [Rice, Black Beans, Cheese, Sour Cream, Guacamole, Lettuce]]",$11.25 
482,205,1,Chicken Burrito,"[Fresh Tomato Salsa, [Rice, Black Beans, Cheese, Sour Cream, Guacamole, Lettuce]]",$11.25 
1116,462,1,Chicken Burrito,"[Fresh Tomato Salsa, [Rice, Black Beans, Cheese, Sour Cream, Guacamole, Lettuce]]",$11.25 
1117,462,1,Chicken Burrito,"[Fresh Tomato Salsa, [Rice, Black Beans, Cheese, Sour Cream, Guacamole, Lettuce]]",$11.25 
1654,669,1,Chicken Burrito,"[Fresh Tomato Salsa, [Rice, Black Beans, Cheese, Sour Cream, Guacamole, Lettuce]]",$11.25 
2126,856,1,Chicken Burrito,"[Fresh Tomato Salsa, [Rice, Black Beans, Cheese, Sour Cream, Guacamole, Lettuce]]",$11.25 
2127,856,1,Chicken Burrito,"[Fresh Tomato Salsa, [Rice, Black Beans, Cheese, Sour Cream, Guacamole, Lettuce]]",$11.25 
2572,1019,1,Chicken Burrito,"[Fresh Tomato Salsa, [Rice, Black Beans, Cheese, Sour Cream, Guacamole, Lettuce]]",$11.25 
3752,1501,1,Chicken Burrito,"[Fresh Tomato Salsa, [Rice, Black Beans, Cheese, Sour Cream, Guacamole, Lettuce]]",$11.25 
4146,1659,1,Chicken Burrito,"[Fresh Tomato Salsa, [Rice, Black Beans, Cheese, Sour Cream, Guacamole, Lettuce]]",$11.25 
2197,886,1,Steak Bowl,"[Fresh Tomato Salsa, [Rice, Black Beans, Cheese, Sour Cream, Guacamole, Lettuce]]",$11.75 
2457,975,1,Steak Bowl,"[Fresh Tomato Salsa, [Rice, Black Beans, Cheese, Sour Cream, Guacamole, Lettuce]]",$11.75 
2473,981,1,Steak Bowl,"[Fresh Tomato Salsa, [Rice, Black Beans, Cheese, Sour Cream, Guacamole, Lettuce]]",$11.75 
1199,491,1,Steak Burrito,"[Fresh Tomato Salsa, [Rice, Black Beans, Cheese, Sour Cream, Guacamole, Lettuce]]",$11.75 
1717,691,1,Steak Burrito,"[Fresh Tomato Salsa, [Rice, Black Beans, Cheese, Sour Cream, Guacamole, Lettuce]]",$11.75 
2044,823,1,Steak Burrito,"[Fresh Tomato Salsa, [Rice, Black Beans, Cheese, Sour Cream, Guacamole, Lettuce]]",$11.75 
2438,968,1,Steak Burrito,"[Fresh Tomato Salsa, [Rice, Black Beans, Cheese, Sour Cream, Guacamole, Lettuce]]",$11.75 
3765,1508,1,Steak Burrito,"[Fresh Tomato Salsa, [Rice, Black Beans, Cheese, Sour Cream, Guacamole, Lettuce]]",$11.75 
2903,1155,1,Veggie Bowl,"[Fresh Tomato Salsa, [Rice, Black Beans, Cheese, Sour Cream, Guacamole, Lettuce]]",$11.25 
3735,1492,1,Veggie Bowl,"[Fresh Tomato Salsa, [Rice, Black Beans, Cheese, Sour Cream, Guacamole, Lettuce]]",$11.25 
4265,1701,1,Veggie Bowl,"[Fresh Tomato Salsa, [Rice, Black Beans, Cheese, Sour Cream, Guacamole, Lettuce]]",$11.25 
1643,664,1,Barbacoa Bowl,"[Fresh Tomato Salsa, [Rice, Black Beans, Cheese, Sour Cream, Guacamole]]",$11.75 
1908,770,1,Carnitas Bowl,"[Fresh Tomato Salsa, [Rice, Black Beans, Cheese, Sour Cream, Guacamole]]",$11.75 
379,165,1,Chicken Bowl,"[Fresh Tomato Salsa, [Rice, Black Beans, Cheese, Sour Cream, Guacamole]]",$11.25 
849,350,1,Chicken Bowl,"[Fresh Tomato Salsa, [Rice, Black Beans, Cheese, Sour Cream, Guacamole]]",$11.25 
1711,691,1,Chicken Bowl,"[Fresh Tomato Salsa, [Rice, Black Beans, Cheese, Sour Cream, Guacamole]]",$11.25 
2245,905,1,Chicken Bowl,"[Fresh Tomato Salsa, [Rice, Black Beans, Cheese, Sour Cream, Guacamole]]",$11.25 
2335,930,1,Chicken Bowl,"[Fresh Tomato Salsa, [Rice, Black Beans, Cheese, Sour Cream, Guacamole]]",$11.25 
2428,964,1,Chicken Bowl,"[Fresh Tomato Salsa, [Rice, Black Beans, Cheese, Sour Cream, Guacamole]]",$11.25 
4433,1766,1,Chicken Bowl,"[Fresh Tomato Salsa, [Rice, Black Beans, Cheese, Sour Cream, Guacamole]]",$11.25 
4587,1824,1,Chicken Bowl,"[Fresh Tomato Salsa, [Rice, Black Beans, Cheese, Sour Cream, Guacamole]]",$11.25 
1403,571,1,Chicken Burrito,"[Fresh Tomato Salsa, [Rice, Black Beans, Cheese, Sour Cream, Guacamole]]",$11.25 
1435,582,1,Chicken Burrito,"[Fresh Tomato Salsa, [Rice, Black Beans, Cheese, Sour Cream, Guacamole]]",$11.25 
1728,697,1,Chicken Burrito,"[Fresh Tomato Salsa, [Rice, Black Beans, Cheese, Sour Cream, Guacamole]]",$11.25 
90,40,1,Steak Bowl,"[Fresh Tomato Salsa, [Rice, Black Beans, Cheese, Sour Cream, Guacamole]]",$11.75 
1446,587,1,Steak Bowl,"[Fresh Tomato Salsa, [Rice, Black Beans, Cheese, Sour Cream, Guacamole]]",$11.75 
1566,635,2,Steak Bowl,"[Fresh Tomato Salsa, [Rice, Black Beans, Cheese, Sour Cream, Guacamole]]",$23.50 
2332,929,1,Steak Bowl,"[Fresh Tomato Salsa, [Rice, Black Beans, Cheese, Sour Cream, Guacamole]]",$11.75 
2415,958,1,Steak Bowl,"[Fresh Tomato Salsa, [Rice, Black Beans, Cheese, Sour Cream, Guacamole]]",$11.75 
402,175,1,Steak Burrito,"[Fresh Tomato Salsa, [Rice, Black Beans, Cheese, Sour Cream, Guacamole]]",$11.75 
3352,1344,1,Steak Burrito,"[Fresh Tomato Salsa, [Rice, Black Beans, Cheese, Sour Cream, Guacamole]]",$11.75 
4091,1639,1,Steak Burrito,"[Fresh Tomato Salsa, [Rice, Black Beans, Cheese, Sour Cream, Guacamole]]",$11.75 
832,343,1,Veggie Bowl,"[Fresh Tomato Salsa, [Rice, Black Beans, Cheese, Sour Cream, Guacamole]]",$11.25 
3549,1426,1,Barbacoa Bowl,"[Fresh Tomato Salsa, [Rice, Black Beans, Cheese, Sour Cream, Lettuce]]",$9.25 
1238,505,1,Carnitas Burrito,"[Fresh Tomato Salsa, [Rice, Black Beans, Cheese, Sour Cream, Lettuce]]",$9.25 
4326,1726,1,Carnitas Soft Tacos,"[Fresh Tomato Salsa, [Rice, Black Beans, Cheese, Sour Cream, Lettuce]]",$9.25 
78,34,1,Chicken Bowl,"[Fresh Tomato Salsa, [Rice, Black Beans, Cheese, Sour Cream, Lettuce]]",$8.75 
304,132,1,Chicken Bowl,"[Fresh Tomato Salsa, [Rice, Black Beans, Cheese, Sour Cream, Lettuce]]",$8.75 
488,205,1,Chicken Bowl,"[Fresh Tomato Salsa, [Rice, Black Beans, Cheese, Sour Cream, Lettuce]]",$8.75 
775,320,1,Chicken Bowl,"[Fresh Tomato Salsa, [Rice, Black Beans, Cheese, Sour Cream, Lettuce]]",$8.75 
1204,491,1,Chicken Bowl,"[Fresh Tomato Salsa, [Rice, Black Beans, Cheese, Sour Cream, Lettuce]]",$8.75 
1490,606,1,Chicken Bowl,"[Fresh Tomato Salsa, [Rice, Black Beans, Cheese, Sour Cream, Lettuce]]",$8.75 
1514,616,3,Chicken Bowl,"[Fresh Tomato Salsa, [Rice, Black Beans, Cheese, Sour Cream, Lettuce]]",$26.25 
2309,926,1,Chicken Bowl,"[Fresh Tomato Salsa, [Rice, Black Beans, Cheese, Sour Cream, Lettuce]]",$8.75 
2329,928,1,Chicken Bowl,"[Fresh Tomato Salsa, [Rice, Black Beans, Cheese, Sour Cream, Lettuce]]",$8.75 
2406,954,1,Chicken Bowl,"[Fresh Tomato Salsa, [Rice, Black Beans, Cheese, Sour Cream, Lettuce]]",$8.75 
2808,1115,1,Chicken Bowl,"[Fresh Tomato Salsa, [Rice, Black Beans, Cheese, Sour Cream, Lettuce]]",$8.75 
2982,1187,1,Chicken Bowl,"[Fresh Tomato Salsa, [Rice, Black Beans, Cheese, Sour Cream, Lettuce]]",$8.75 
4283,1708,1,Chicken Bowl,"[Fresh Tomato Salsa, [Rice, Black Beans, Cheese, Sour Cream, Lettuce]]",$8.75 
4436,1768,1,Chicken Bowl,"[Fresh Tomato Salsa, [Rice, Black Beans, Cheese, Sour Cream, Lettuce]]",$8.75 
82,36,1,Chicken Burrito,"[Fresh Tomato Salsa, [Rice, Black Beans, Cheese, Sour Cream, Lettuce]]",$8.75 
823,340,1,Chicken Burrito,"[Fresh Tomato Salsa, [Rice, Black Beans, Cheese, Sour Cream, Lettuce]]",$8.75 
1981,800,2,Chicken Burrito,"[Fresh Tomato Salsa, [Rice, Black Beans, Cheese, Sour Cream, Lettuce]]",$17.50 
2029,817,1,Chicken Burrito,"[Fresh Tomato Salsa, [Rice, Black Beans, Cheese, Sour Cream, Lettuce]]",$8.75 
2051,826,2,Chicken Burrito,"[Fresh Tomato Salsa, [Rice, Black Beans, Cheese, Sour Cream, Lettuce]]",$17.50 
2456,975,1,Chicken Burrito,"[Fresh Tomato Salsa, [Rice, Black Beans, Cheese, Sour Cream, Lettuce]]",$8.75 
2589,1027,2,Chicken Burrito,"[Fresh Tomato Salsa, [Rice, Black Beans, Cheese, Sour Cream, Lettuce]]",$17.50 
2637,1048,2,Chicken Burrito,"[Fresh Tomato Salsa, [Rice, Black Beans, Cheese, Sour Cream, Lettuce]]",$17.50 
2730,1084,1,Chicken Burrito,"[Fresh Tomato Salsa, [Rice, Black Beans, Cheese, Sour Cream, Lettuce]]",$8.75 
3342,1341,1,Chicken Burrito,"[Fresh Tomato Salsa, [Rice, Black Beans, Cheese, Sour Cream, Lettuce]]",$8.75 
3462,1392,1,Chicken Burrito,"[Fresh Tomato Salsa, [Rice, Black Beans, Cheese, Sour Cream, Lettuce]]",$8.75 
3674,1471,2,Chicken Burrito,"[Fresh Tomato Salsa, [Rice, Black Beans, Cheese, Sour Cream, Lettuce]]",$17.50 
3763,1507,1,Chicken Burrito,"[Fresh Tomato Salsa, [Rice, Black Beans, Cheese, Sour Cream, Lettuce]]",$8.75 
3764,1507,1,Chicken Burrito,"[Fresh Tomato Salsa, [Rice, Black Beans, Cheese, Sour Cream, Lettuce]]",$8.75 
4258,1699,1,Chicken Burrito,"[Fresh Tomato Salsa, [Rice, Black Beans, Cheese, Sour Cream, Lettuce]]",$8.75 
4558,1812,1,Chicken Burrito,"[Fresh Tomato Salsa, [Rice, Black Beans, Cheese, Sour Cream, Lettuce]]",$8.75 
4064,1627,1,Chicken Salad Bowl,"[Fresh Tomato Salsa, [Rice, Black Beans, Cheese, Sour Cream, Lettuce]]",$8.75 
4439,1769,1,Chicken Salad Bowl,"[Fresh Tomato Salsa, [Rice, Black Beans, Cheese, Sour Cream, Lettuce]]",$8.75 
559,231,1,Steak Bowl,"[Fresh Tomato Salsa, [Rice, Black Beans, Cheese, Sour Cream, Lettuce]]",$9.25 
2315,926,1,Steak Bowl,"[Fresh Tomato Salsa, [Rice, Black Beans, Cheese, Sour Cream, Lettuce]]",$9.25 
4253,1697,1,Steak Bowl,"[Fresh Tomato Salsa, [Rice, Black Beans, Cheese, Sour Cream, Lettuce]]",$9.25 
3563,1431,1,Steak Burrito,"[Fresh Tomato Salsa, [Rice, Black Beans, Cheese, Sour Cream, Lettuce]]",$9.25 
1644,664,1,Veggie Bowl,"[Fresh Tomato Salsa, [Rice, Black Beans, Cheese, Sour Cream, Lettuce]]",$8.75 
1841,746,1,Veggie Bowl,"[Fresh Tomato Salsa, [Rice, Black Beans, Cheese, Sour Cream, Lettuce]]",$8.75 
4177,1668,1,Veggie Bowl,"[Fresh Tomato Salsa, [Rice, Black Beans, Cheese, Sour Cream, Lettuce]]",$8.75 
4358,1740,1,Barbacoa Burrito,"[Fresh Tomato Salsa, [Rice, Black Beans, Cheese, Sour Cream]]",$9.25 
3356,1346,1,Barbacoa Salad Bowl,"[Fresh Tomato Salsa, [Rice, Black Beans, Cheese, Sour Cream]]",$9.39 
833,343,1,Carnitas Bowl,"[Fresh Tomato Salsa, [Rice, Black Beans, Cheese, Sour Cream]]",$9.25 
282,124,2,Chicken Bowl,"[Fresh Tomato Salsa, [Rice, Black Beans, Cheese, Sour Cream]]",$17.50 
312,135,1,Chicken Bowl,"[Fresh Tomato Salsa, [Rice, Black Beans, Cheese, Sour Cream]]",$8.75 
930,384,1,Chicken Bowl,"[Fresh Tomato Salsa, [Rice, Black Beans, Cheese, Sour Cream]]",$8.75 
1929,781,1,Chicken Bowl,"[Fresh Tomato Salsa, [Rice, Black Beans, Cheese, Sour Cream]]",$8.75 
2361,940,1,Chicken Bowl,"[Fresh Tomato Salsa, [Rice, Black Beans, Cheese, Sour Cream]]",$8.75 
2592,1029,1,Chicken Bowl,"[Fresh Tomato Salsa, [Rice, Black Beans, Cheese, Sour Cream]]",$8.75 
3550,1427,1,Chicken Bowl,"[Fresh Tomato Salsa, [Rice, Black Beans, Cheese, Sour Cream]]",$8.75 
3921,1574,1,Chicken Bowl,"[Fresh Tomato Salsa, [Rice, Black Beans, Cheese, Sour Cream]]",$8.75 
3979,1595,1,Chicken Bowl,"[Fresh Tomato Salsa, [Rice, Black Beans, Cheese, Sour Cream]]",$8.75 
4537,1804,1,Chicken Bowl,"[Fresh Tomato Salsa, [Rice, Black Beans, Cheese, Sour Cream]]",$8.75 
4604,1828,1,Chicken Bowl,"[Fresh Tomato Salsa, [Rice, Black Beans, Cheese, Sour Cream]]",$8.75 
810,334,1,Chicken Burrito,"[Fresh Tomato Salsa, [Rice, Black Beans, Cheese, Sour Cream]]",$8.75 
1443,585,1,Chicken Burrito,"[Fresh Tomato Salsa, [Rice, Black Beans, Cheese, Sour Cream]]",$8.75 
2102,848,1,Chicken Burrito,"[Fresh Tomato Salsa, [Rice, Black Beans, Cheese, Sour Cream]]",$8.75 
2142,862,1,Chicken Burrito,"[Fresh Tomato Salsa, [Rice, Black Beans, Cheese, Sour Cream]]",$8.75 
2302,925,1,Chicken Burrito,"[Fresh Tomato Salsa, [Rice, Black Beans, Cheese, Sour Cream]]",$8.75 
2534,1006,1,Chicken Burrito,"[Fresh Tomato Salsa, [Rice, Black Beans, Cheese, Sour Cream]]",$8.75 
2598,1031,2,Chicken Burrito,"[Fresh Tomato Salsa, [Rice, Black Beans, Cheese, Sour Cream]]",$17.50 
2791,1108,1,Chicken Burrito,"[Fresh Tomato Salsa, [Rice, Black Beans, Cheese, Sour Cream]]",$8.75 
2975,1183,2,Chicken Burrito,"[Fresh Tomato Salsa, [Rice, Black Beans, Cheese, Sour Cream]]",$17.50 
3271,1310,1,Chicken Burrito,"[Fresh Tomato Salsa, [Rice, Black Beans, Cheese, Sour Cream]]",$8.75 
3602,1443,4,Chicken Burrito,"[Fresh Tomato Salsa, [Rice, Black Beans, Cheese, Sour Cream]]",$35.00 
3761,1506,1,Chicken Burrito,"[Fresh Tomato Salsa, [Rice, Black Beans, Cheese, Sour Cream]]",$8.75 
4093,1640,2,Chicken Burrito,"[Fresh Tomato Salsa, [Rice, Black Beans, Cheese, Sour Cream]]",$17.50 
3201,1281,1,Steak Bowl,"[Fresh Tomato Salsa, [Rice, Black Beans, Cheese, Sour Cream]]",$9.25 
967,397,1,Steak Burrito,"[Fresh Tomato Salsa, [Rice, Black Beans, Cheese, Sour Cream]]",$9.25 
3116,1243,1,Steak Burrito,"[Fresh Tomato Salsa, [Rice, Black Beans, Cheese, Sour Cream]]",$9.25 
3603,1443,3,Steak Burrito,"[Fresh Tomato Salsa, [Rice, Black Beans, Cheese, Sour Cream]]",$27.75 
3805,1525,1,Steak Burrito,"[Fresh Tomato Salsa, [Rice, Black Beans, Cheese, Sour Cream]]",$9.25 
3293,1321,1,Veggie Salad Bowl,"[Fresh Tomato Salsa, [Rice, Black Beans, Cheese, Sour Cream]]",$8.75 
3376,1356,1,Barbacoa Bowl,"[Fresh Tomato Salsa, [Rice, Black Beans, Cheese]]",$9.25 
257,111,1,Chicken Bowl,"[Fresh Tomato Salsa, [Rice, Black Beans, Cheese]]",$8.75 
456,196,1,Chicken Bowl,"[Fresh Tomato Salsa, [Rice, Black Beans, Cheese]]",$8.75 
1108,458,1,Chicken Bowl,"[Fresh Tomato Salsa, [Rice, Black Beans, Cheese]]",$8.75 
1512,615,1,Chicken Bowl,"[Fresh Tomato Salsa, [Rice, Black Beans, Cheese]]",$8.75 
1735,700,1,Chicken Bowl,"[Fresh Tomato Salsa, [Rice, Black Beans, Cheese]]",$8.75 
1895,764,1,Chicken Bowl,"[Fresh Tomato Salsa, [Rice, Black Beans, Cheese]]",$8.75 
2003,808,1,Chicken Bowl,"[Fresh Tomato Salsa, [Rice, Black Beans, Cheese]]",$8.75 
2163,873,1,Chicken Bowl,"[Fresh Tomato Salsa, [Rice, Black Beans, Cheese]]",$8.75 
2574,1020,1,Chicken Bowl,"[Fresh Tomato Salsa, [Rice, Black Beans, Cheese]]",$8.75 
2742,1089,1,Chicken Bowl,"[Fresh Tomato Salsa, [Rice, Black Beans, Cheese]]",$8.75 
3728,1489,1,Chicken Bowl,"[Fresh Tomato Salsa, [Rice, Black Beans, Cheese]]",$8.75 
4408,1759,1,Chicken Bowl,"[Fresh Tomato Salsa, [Rice, Black Beans, Cheese]]",$8.75 
4465,1779,1,Chicken Bowl,"[Fresh Tomato Salsa, [Rice, Black Beans, Cheese]]",$8.75 
63,28,1,Chicken Burrito,"[Fresh Tomato Salsa, [Rice, Black Beans, Cheese]]",$8.75 
533,223,1,Chicken Burrito,"[Fresh Tomato Salsa, [Rice, Black Beans, Cheese]]",$8.75 
790,325,1,Chicken Burrito,"[Fresh Tomato Salsa, [Rice, Black Beans, Cheese]]",$8.75 
2696,1071,1,Chicken Burrito,"[Fresh Tomato Salsa, [Rice, Black Beans, Cheese]]",$8.75 
3447,1386,1,Chicken Burrito,"[Fresh Tomato Salsa, [Rice, Black Beans, Cheese]]",$8.75 
3593,1441,1,Chicken Crispy Tacos,"[Fresh Tomato Salsa, [Rice, Black Beans, Cheese]]",$8.75 
2113,850,1,Chicken Salad Bowl,"[Fresh Tomato Salsa, [Rice, Black Beans, Cheese]]",$8.75 
872,360,1,Chicken Soft Tacos,"[Fresh Tomato Salsa, [Rice, Black Beans, Cheese]]",$8.75 
3354,1345,2,Steak Bowl,"[Fresh Tomato Salsa, [Rice, Black Beans, Cheese]]",$18.50 
4232,1690,2,Steak Bowl,"[Fresh Tomato Salsa, [Rice, Black Beans, Cheese]]",$18.50 
2964,1179,1,Steak Burrito,"[Fresh Tomato Salsa, [Rice, Black Beans, Cheese]]",$9.25 
3377,1356,1,Steak Burrito,"[Fresh Tomato Salsa, [Rice, Black Beans, Cheese]]",$9.25 
3760,1505,1,Steak Burrito,"[Fresh Tomato Salsa, [Rice, Black Beans, Cheese]]",$9.25 
4546,1807,1,Steak Burrito,"[Fresh Tomato Salsa, [Rice, Black Beans, Cheese]]",$9.25 
3968,1590,1,Chicken Bowl,"[Fresh Tomato Salsa, [Rice, Black Beans, Fajita Vegetables, Lettuce, Cheese, Sour Cream]]",$8.75 
4487,1786,1,Carnitas Burrito,"[Fresh Tomato Salsa, [Rice, Black Beans, Guacamole, Lettuce]]",$11.75 
2505,995,1,Chicken Bowl,"[Fresh Tomato Salsa, [Rice, Black Beans, Guacamole, Lettuce]]",$11.25 
2748,1091,1,Chicken Bowl,"[Fresh Tomato Salsa, [Rice, Black Beans, Guacamole, Lettuce]]",$11.25 
4367,1744,1,Chicken Bowl,"[Fresh Tomato Salsa, [Rice, Black Beans, Guacamole, Lettuce]]",$11.25 
2677,1064,1,Steak Bowl,"[Fresh Tomato Salsa, [Rice, Black Beans, Guacamole, Lettuce]]",$11.75 
931,384,1,Veggie Burrito,"[Fresh Tomato Salsa, [Rice, Black Beans, Guacamole, Lettuce]]",$11.25 
2958,1176,1,Chicken Bowl,"[Fresh Tomato Salsa, [Rice, Black Beans, Guacamole]]",$11.25 
2987,1189,1,Chicken Bowl,"[Fresh Tomato Salsa, [Rice, Black Beans, Guacamole]]",$11.25 
3347,1342,1,Chicken Burrito,"[Fresh Tomato Salsa, [Rice, Black Beans, Lettuce, Cheese]]",$8.75 
4192,1673,1,Chicken Bowl,"[Fresh Tomato Salsa, [Rice, Black Beans, Lettuce, Guacamole]]",$11.25 
2057,829,1,Chicken Bowl,"[Fresh Tomato Salsa, [Rice, Black Beans, Lettuce]]",$8.75 
2172,877,1,Chicken Bowl,"[Fresh Tomato Salsa, [Rice, Black Beans, Lettuce]]",$8.75 
2308,926,1,Steak Bowl,"[Fresh Tomato Salsa, [Rice, Black Beans, Lettuce]]",$9.25 
4212,1681,1,Chicken Burrito,"[Fresh Tomato Salsa, [Rice, Black Beans, Pinto Beans, Cheese, Guacamole, Lettuce]]",$11.25 
76,34,1,Chicken Bowl,"[Fresh Tomato Salsa, [Rice, Black Beans, Pinto Beans, Cheese, Lettuce]]",$8.75 
3213,1285,1,Chicken Bowl,"[Fresh Tomato Salsa, [Rice, Black Beans, Pinto Beans, Cheese, Lettuce]]",$8.75 
2725,1082,1,Carnitas Bowl,"[Fresh Tomato Salsa, [Rice, Black Beans, Pinto Beans, Cheese, Sour Cream, Guacamole, Lettuce]]",$11.75 
3738,1493,1,Steak Bowl,"[Fresh Tomato Salsa, [Rice, Black Beans, Pinto Beans, Cheese, Sour Cream, Guacamole, Lettuce]]",$11.75 
4470,1781,1,Steak Bowl,"[Fresh Tomato Salsa, [Rice, Black Beans, Pinto Beans, Cheese, Sour Cream, Guacamole, Lettuce]]",$11.75 
4401,1756,1,Chicken Bowl,"[Fresh Tomato Salsa, [Rice, Black Beans, Pinto Beans, Cheese, Sour Cream, Guacamole]]",$11.25 
1357,554,1,Barbacoa Bowl,"[Fresh Tomato Salsa, [Rice, Black Beans, Pinto Beans, Cheese, Sour Cream, Lettuce]]",$9.25 
9,5,1,Steak Burrito,"[Fresh Tomato Salsa, [Rice, Black Beans, Pinto Beans, Cheese, Sour Cream, Lettuce]]",$9.25 
3517,1414,1,Steak Burrito,"[Fresh Tomato Salsa, [Rice, Black Beans, Pinto Beans, Cheese, Sour Cream, Lettuce]]",$9.25 
2083,841,1,Barbacoa Soft Tacos,"[Fresh Tomato Salsa, [Rice, Black Beans, Pinto Beans, Cheese, Sour Cream]]",$9.25 
4196,1675,1,Chicken Bowl,"[Fresh Tomato Salsa, [Rice, Black Beans, Pinto Beans, Cheese, Sour Cream]]",$8.75 
243,106,1,Steak Bowl,"[Fresh Tomato Salsa, [Rice, Black Beans, Pinto Beans, Cheese, Sour Cream]]",$9.25 
4398,1755,1,Chicken Bowl,"[Fresh Tomato Salsa, [Rice, Black Beans, Pinto Beans, Cheese]]",$8.75 
1872,759,1,Chicken Bowl,"[Fresh Tomato Salsa, [Rice, Black Beans, Pinto Beans, Guacamole, Lettuce]]",$11.25 
2183,881,1,Chicken Bowl,"[Fresh Tomato Salsa, [Rice, Black Beans, Sour Cream, Cheese, Guacamole]]",$11.25 
382,166,1,Chicken Burrito,"[Fresh Tomato Salsa, [Rice, Black Beans, Sour Cream, Cheese, Guacamole]]",$11.25 
2198,887,1,Steak Bowl,"[Fresh Tomato Salsa, [Rice, Black Beans, Sour Cream, Cheese, Guacamole]]",$11.75 
4589,1825,1,Chicken Bowl,"[Fresh Tomato Salsa, [Rice, Black Beans, Sour Cream, Cheese, Lettuce, Guacamole]]",$11.25 
1663,673,1,Chicken Burrito,"[Fresh Tomato Salsa, [Rice, Black Beans, Sour Cream, Cheese, Lettuce, Guacamole]]",$11.25 
658,273,1,Steak Burrito,"[Fresh Tomato Salsa, [Rice, Black Beans, Sour Cream, Cheese, Lettuce, Guacamole]]",$11.75 
4617,1833,1,Steak Burrito,"[Fresh Tomato Salsa, [Rice, Black Beans, Sour Cream, Cheese, Lettuce, Guacamole]]",$11.75 
659,273,1,Chicken Burrito,"[Fresh Tomato Salsa, [Rice, Black Beans, Sour Cream, Cheese, Lettuce]]",$8.75 
2447,972,1,Chicken Burrito,"[Fresh Tomato Salsa, [Rice, Black Beans, Sour Cream, Cheese, Lettuce]]",$8.75 
4528,1800,1,Chicken Burrito,"[Fresh Tomato Salsa, [Rice, Black Beans, Sour Cream, Cheese, Lettuce]]",$8.75 
527,220,1,Chicken Bowl,"[Fresh Tomato Salsa, [Rice, Black Beans, Sour Cream, Cheese]]",$8.75 
733,303,1,Chicken Bowl,"[Fresh Tomato Salsa, [Rice, Black Beans, Sour Cream, Cheese]]",$8.75 
4226,1687,1,Chicken Bowl,"[Fresh Tomato Salsa, [Rice, Black Beans, Sour Cream, Cheese]]",$8.75 
2349,936,1,Steak Burrito,"[Fresh Tomato Salsa, [Rice, Black Beans, Sour Cream, Cheese]]",$9.25 
4394,1753,1,Steak Burrito,"[Fresh Tomato Salsa, [Rice, Black Beans, Sour Cream, Cheese]]",$9.25 
2334,930,1,Chicken Bowl,"[Fresh Tomato Salsa, [Rice, Black Beans, Sour Cream, Guacamole, Lettuce]]",$11.25 
2614,1038,1,Chicken Bowl,"[Fresh Tomato Salsa, [Rice, Black Beans, Sour Cream, Guacamole, Lettuce]]",$11.25 
874,361,1,Veggie Burrito,"[Fresh Tomato Salsa, [Rice, Black Beans, Sour Cream, Guacamole]]",$11.25 
2620,1041,1,Barbacoa Bowl,"[Fresh Tomato Salsa, [Rice, Black Beans, Sour Cream, Lettuce]]",$9.25 
856,353,1,Chicken Burrito,"[Fresh Tomato Salsa, [Rice, Black Beans, Sour Cream, Lettuce]]",$8.75 
1239,506,1,Chicken Burrito,"[Fresh Tomato Salsa, [Rice, Black Beans, Sour Cream, Lettuce]]",$8.75 
3971,1592,1,Steak Bowl,"[Fresh Tomato Salsa, [Rice, Black Beans, Sour Cream, Lettuce]]",$9.25 
182,82,1,Chicken Bowl,"[Fresh Tomato Salsa, [Rice, Black Beans, Sour Cream]]",$8.75 
3708,1483,1,Chicken Bowl,"[Fresh Tomato Salsa, [Rice, Black Beans, Sour Cream]]",$8.75 
4444,1771,1,Chicken Bowl,"[Fresh Tomato Salsa, [Rice, Black Beans, Sour Cream]]",$8.75 
612,252,1,Chicken Burrito,"[Fresh Tomato Salsa, [Rice, Black Beans, Sour Cream]]",$8.75 
2778,1103,1,Chicken Burrito,"[Fresh Tomato Salsa, [Rice, Black Beans, Sour Cream]]",$8.75 
1265,514,1,Chicken Bowl,"[Fresh Tomato Salsa, [Rice, Black Beans]]",$8.75 
1550,629,1,Chicken Burrito,"[Fresh Tomato Salsa, [Rice, Black Beans]]",$8.75 
2185,881,1,Chicken Burrito,"[Fresh Tomato Salsa, [Rice, Black Beans]]",$8.75 
2212,891,1,Chicken Burrito,"[Fresh Tomato Salsa, [Rice, Black Beans]]",$8.75 
1017,418,2,Chicken Bowl,"[Fresh Tomato Salsa, [Rice, Cheese, Black Beans]]",$17.50 
3464,1392,1,Chicken Bowl,"[Fresh Tomato Salsa, [Rice, Cheese, Guacamole, Lettuce]]",$11.25 
3255,1304,1,Chicken Burrito,"[Fresh Tomato Salsa, [Rice, Cheese, Guacamole, Lettuce]]",$11.25 
3818,1531,1,Steak Burrito,"[Fresh Tomato Salsa, [Rice, Cheese, Guacamole, Lettuce]]",$11.75 
3295,1322,1,Steak Burrito,"[Fresh Tomato Salsa, [Rice, Cheese, Lettuce, Pinto Beans]]",$9.25 
206,92,1,Chicken Bowl,"[Fresh Tomato Salsa, [Rice, Cheese, Lettuce]]",$8.75 
542,226,1,Chicken Bowl,"[Fresh Tomato Salsa, [Rice, Cheese, Lettuce]]",$8.75 
556,231,1,Chicken Bowl,"[Fresh Tomato Salsa, [Rice, Cheese, Lettuce]]",$8.75 
1536,625,1,Chicken Bowl,"[Fresh Tomato Salsa, [Rice, Cheese, Lettuce]]",$8.75 
1731,698,1,Chicken Bowl,"[Fresh Tomato Salsa, [Rice, Cheese, Lettuce]]",$8.75 
2174,878,1,Chicken Bowl,"[Fresh Tomato Salsa, [Rice, Cheese, Lettuce]]",$8.75 
2336,931,1,Chicken Bowl,"[Fresh Tomato Salsa, [Rice, Cheese, Lettuce]]",$8.75 
2630,1045,1,Chicken Bowl,"[Fresh Tomato Salsa, [Rice, Cheese, Lettuce]]",$8.75 
2794,1110,1,Chicken Bowl,"[Fresh Tomato Salsa, [Rice, Cheese, Lettuce]]",$8.75 
3034,1207,1,Chicken Bowl,"[Fresh Tomato Salsa, [Rice, Cheese, Lettuce]]",$8.75 
3305,1325,1,Chicken Bowl,"[Fresh Tomato Salsa, [Rice, Cheese, Lettuce]]",$8.75 
3943,1581,1,Chicken Bowl,"[Fresh Tomato Salsa, [Rice, Cheese, Lettuce]]",$8.75 
4105,1644,1,Chicken Bowl,"[Fresh Tomato Salsa, [Rice, Cheese, Lettuce]]",$8.75 
487,205,1,Chicken Burrito,"[Fresh Tomato Salsa, [Rice, Cheese, Lettuce]]",$8.75 
1842,746,1,Chicken Burrito,"[Fresh Tomato Salsa, [Rice, Cheese, Lettuce]]",$8.75 
2320,926,1,Chicken Burrito,"[Fresh Tomato Salsa, [Rice, Cheese, Lettuce]]",$8.75 
2345,935,1,Chicken Burrito,"[Fresh Tomato Salsa, [Rice, Cheese, Lettuce]]",$8.75 
2832,1125,1,Chicken Burrito,"[Fresh Tomato Salsa, [Rice, Cheese, Lettuce]]",$8.75 
2833,1125,1,Chicken Burrito,"[Fresh Tomato Salsa, [Rice, Cheese, Lettuce]]",$8.75 
3697,1482,1,Chicken Burrito,"[Fresh Tomato Salsa, [Rice, Cheese, Lettuce]]",$8.75 
3769,1510,1,Chicken Burrito,"[Fresh Tomato Salsa, [Rice, Cheese, Lettuce]]",$8.75 
830,343,1,Chicken Crispy Tacos,"[Fresh Tomato Salsa, [Rice, Cheese, Lettuce]]",$8.75 
2030,818,1,Steak Bowl,"[Fresh Tomato Salsa, [Rice, Cheese, Lettuce]]",$9.25 
4304,1717,1,Steak Bowl,"[Fresh Tomato Salsa, [Rice, Cheese, Lettuce]]",$9.25 
1691,685,1,Steak Burrito,"[Fresh Tomato Salsa, [Rice, Cheese, Lettuce]]",$9.25 
266,116,1,Steak Soft Tacos,"[Fresh Tomato Salsa, [Rice, Cheese, Lettuce]]",$9.25 
3647,1458,1,Chicken Bowl,"[Fresh Tomato Salsa, [Rice, Cheese, Sour Cream, Guacamole, Fajita Vegetables]]",$11.25 
3547,1426,1,Barbacoa Bowl,"[Fresh Tomato Salsa, [Rice, Cheese, Sour Cream, Guacamole, Lettuce]]",$11.75 
4475,1784,1,Carnitas Bowl,"[Fresh Tomato Salsa, [Rice, Cheese, Sour Cream, Guacamole, Lettuce]]",$11.75 
1603,649,1,Chicken Bowl,"[Fresh Tomato Salsa, [Rice, Cheese, Sour Cream, Guacamole, Lettuce]]",$11.25 
2532,1006,1,Chicken Burrito,"[Fresh Tomato Salsa, [Rice, Cheese, Sour Cream, Guacamole, Lettuce]]",$11.25 
3371,1353,1,Chicken Burrito,"[Fresh Tomato Salsa, [Rice, Cheese, Sour Cream, Guacamole, Lettuce]]",$11.25 
2196,886,1,Steak Bowl,"[Fresh Tomato Salsa, [Rice, Cheese, Sour Cream, Guacamole, Lettuce]]",$11.75 
1683,682,1,Chicken Bowl,"[Fresh Tomato Salsa, [Rice, Cheese, Sour Cream, Guacamole]]",$11.25 
3207,1283,1,Chicken Bowl,"[Fresh Tomato Salsa, [Rice, Cheese, Sour Cream, Guacamole]]",$11.25 
4187,1672,1,Chicken Bowl,"[Fresh Tomato Salsa, [Rice, Cheese, Sour Cream, Guacamole]]",$11.25 
4506,1792,1,Chicken Bowl,"[Fresh Tomato Salsa, [Rice, Cheese, Sour Cream, Guacamole]]",$11.25 
4576,1820,1,Chicken Bowl,"[Fresh Tomato Salsa, [Rice, Cheese, Sour Cream, Guacamole]]",$11.25 
2414,957,1,Chicken Burrito,"[Fresh Tomato Salsa, [Rice, Cheese, Sour Cream, Guacamole]]",$11.25 
2468,979,1,Chicken Burrito,"[Fresh Tomato Salsa, [Rice, Cheese, Sour Cream, Guacamole]]",$11.25 
2648,1052,1,Chicken Burrito,"[Fresh Tomato Salsa, [Rice, Cheese, Sour Cream, Guacamole]]",$11.25 
2615,1038,1,Chicken Salad Bowl,"[Fresh Tomato Salsa, [Rice, Cheese, Sour Cream, Guacamole]]",$11.25 
2635,1047,1,Steak Bowl,"[Fresh Tomato Salsa, [Rice, Cheese, Sour Cream, Guacamole]]",$11.75 
3142,1253,1,Steak Bowl,"[Fresh Tomato Salsa, [Rice, Cheese, Sour Cream, Guacamole]]",$11.75 
3313,1328,1,Steak Burrito,"[Fresh Tomato Salsa, [Rice, Cheese, Sour Cream, Guacamole]]",$11.75 
421,184,1,Carnitas Burrito,"[Fresh Tomato Salsa, [Rice, Cheese, Sour Cream, Lettuce]]",$9.25 
1023,421,1,Chicken Bowl,"[Fresh Tomato Salsa, [Rice, Cheese, Sour Cream, Lettuce]]",$8.75 
1034,426,1,Chicken Bowl,"[Fresh Tomato Salsa, [Rice, Cheese, Sour Cream, Lettuce]]",$8.75 
1112,460,1,Chicken Bowl,"[Fresh Tomato Salsa, [Rice, Cheese, Sour Cream, Lettuce]]",$8.75 
1332,544,1,Chicken Bowl,"[Fresh Tomato Salsa, [Rice, Cheese, Sour Cream, Lettuce]]",$8.75 
1504,611,1,Chicken Bowl,"[Fresh Tomato Salsa, [Rice, Cheese, Sour Cream, Lettuce]]",$8.75 
1543,628,1,Chicken Bowl,"[Fresh Tomato Salsa, [Rice, Cheese, Sour Cream, Lettuce]]",$8.75 
2313,926,1,Chicken Bowl,"[Fresh Tomato Salsa, [Rice, Cheese, Sour Cream, Lettuce]]",$8.75 
2396,952,1,Chicken Bowl,"[Fresh Tomato Salsa, [Rice, Cheese, Sour Cream, Lettuce]]",$8.75 
2590,1028,1,Chicken Bowl,"[Fresh Tomato Salsa, [Rice, Cheese, Sour Cream, Lettuce]]",$8.75 
2809,1115,1,Chicken Bowl,"[Fresh Tomato Salsa, [Rice, Cheese, Sour Cream, Lettuce]]",$8.75 
3326,1332,1,Chicken Bowl,"[Fresh Tomato Salsa, [Rice, Cheese, Sour Cream, Lettuce]]",$8.75 
3423,1374,2,Chicken Bowl,"[Fresh Tomato Salsa, [Rice, Cheese, Sour Cream, Lettuce]]",$17.50 
4369,1745,1,Chicken Bowl,"[Fresh Tomato Salsa, [Rice, Cheese, Sour Cream, Lettuce]]",$8.75 
448,195,1,Chicken Burrito,"[Fresh Tomato Salsa, [Rice, Cheese, Sour Cream, Lettuce]]",$8.75 
1331,544,1,Chicken Burrito,"[Fresh Tomato Salsa, [Rice, Cheese, Sour Cream, Lettuce]]",$8.75 
2200,888,1,Chicken Burrito,"[Fresh Tomato Salsa, [Rice, Cheese, Sour Cream, Lettuce]]",$8.75 
3097,1235,1,Chicken Burrito,"[Fresh Tomato Salsa, [Rice, Cheese, Sour Cream, Lettuce]]",$8.75 
3828,1534,1,Chicken Burrito,"[Fresh Tomato Salsa, [Rice, Cheese, Sour Cream, Lettuce]]",$8.75 
3829,1534,1,Chicken Burrito,"[Fresh Tomato Salsa, [Rice, Cheese, Sour Cream, Lettuce]]",$8.75 
3881,1556,1,Chicken Burrito,"[Fresh Tomato Salsa, [Rice, Cheese, Sour Cream, Lettuce]]",$8.75 
3969,1590,1,Chicken Burrito,"[Fresh Tomato Salsa, [Rice, Cheese, Sour Cream, Lettuce]]",$8.75 
4269,1703,1,Chicken Burrito,"[Fresh Tomato Salsa, [Rice, Cheese, Sour Cream, Lettuce]]",$8.75 
4280,1707,1,Chicken Burrito,"[Fresh Tomato Salsa, [Rice, Cheese, Sour Cream, Lettuce]]",$8.75 
3372,1353,1,Chicken Crispy Tacos,"[Fresh Tomato Salsa, [Rice, Cheese, Sour Cream, Lettuce]]",$8.75 
757,312,1,Steak Bowl,"[Fresh Tomato Salsa, [Rice, Cheese, Sour Cream, Lettuce]]",$9.25 
2531,1006,1,Steak Bowl,"[Fresh Tomato Salsa, [Rice, Cheese, Sour Cream, Lettuce]]",$9.25 
2842,1129,1,Steak Crispy Tacos,"[Fresh Tomato Salsa, [Rice, Cheese, Sour Cream, Lettuce]]",$9.25 
3946,1582,1,Steak Crispy Tacos,"[Fresh Tomato Salsa, [Rice, Cheese, Sour Cream, Lettuce]]",$9.25 
1866,756,1,Barbacoa Crispy Tacos,"[Fresh Tomato Salsa, [Rice, Cheese, Sour Cream]]",$9.25 
1865,756,1,Carnitas Salad Bowl,"[Fresh Tomato Salsa, [Rice, Cheese, Sour Cream]]",$9.39 
193,86,1,Chicken Bowl,"[Fresh Tomato Salsa, [Rice, Cheese, Sour Cream]]",$8.75 
284,124,1,Chicken Bowl,"[Fresh Tomato Salsa, [Rice, Cheese, Sour Cream]]",$8.75 
371,161,1,Chicken Bowl,"[Fresh Tomato Salsa, [Rice, Cheese, Sour Cream]]",$8.75 
900,372,1,Chicken Bowl,"[Fresh Tomato Salsa, [Rice, Cheese, Sour Cream]]",$8.75 
2747,1091,1,Chicken Bowl,"[Fresh Tomato Salsa, [Rice, Cheese, Sour Cream]]",$8.75 
2896,1152,1,Chicken Bowl,"[Fresh Tomato Salsa, [Rice, Cheese, Sour Cream]]",$8.75 
3587,1439,1,Chicken Bowl,"[Fresh Tomato Salsa, [Rice, Cheese, Sour Cream]]",$8.75 
3863,1549,1,Chicken Bowl,"[Fresh Tomato Salsa, [Rice, Cheese, Sour Cream]]",$8.75 
3893,1560,1,Chicken Bowl,"[Fresh Tomato Salsa, [Rice, Cheese, Sour Cream]]",$8.75 
4099,1643,1,Chicken Bowl,"[Fresh Tomato Salsa, [Rice, Cheese, Sour Cream]]",$8.75 
289,126,1,Chicken Burrito,"[Fresh Tomato Salsa, [Rice, Cheese, Sour Cream]]",$8.75 
372,161,1,Chicken Burrito,"[Fresh Tomato Salsa, [Rice, Cheese, Sour Cream]]",$8.75 
3644,1457,1,Chicken Burrito,"[Fresh Tomato Salsa, [Rice, Cheese, Sour Cream]]",$8.75 
3956,1586,1,Chicken Burrito,"[Fresh Tomato Salsa, [Rice, Cheese, Sour Cream]]",$8.75 
4281,1707,1,Chicken Burrito,"[Fresh Tomato Salsa, [Rice, Cheese, Sour Cream]]",$8.75 
4290,1711,1,Chicken Soft Tacos,"[Fresh Tomato Salsa, [Rice, Cheese, Sour Cream]]",$8.75 
4514,1795,1,Chicken Soft Tacos,"[Fresh Tomato Salsa, [Rice, Cheese, Sour Cream]]",$8.75 
4615,1832,1,Chicken Soft Tacos,"[Fresh Tomato Salsa, [Rice, Cheese, Sour Cream]]",$8.75 
500,209,1,Steak Bowl,"[Fresh Tomato Salsa, [Rice, Cheese, Sour Cream]]",$9.25 
638,264,2,Steak Burrito,"[Fresh Tomato Salsa, [Rice, Cheese, Sour Cream]]",$18.50 
2836,1127,1,Steak Burrito,"[Fresh Tomato Salsa, [Rice, Cheese, Sour Cream]]",$9.25 
1187,488,1,Barbacoa Burrito,"[Fresh Tomato Salsa, [Rice, Cheese]]",$9.25 
3456,1390,1,Chicken Bowl,"[Fresh Tomato Salsa, [Rice, Cheese]]",$8.75 
1050,432,1,Chicken Burrito,"[Fresh Tomato Salsa, [Rice, Cheese]]",$8.75 
2287,918,1,Chicken Soft Tacos,"[Fresh Tomato Salsa, [Rice, Cheese]]",$8.75 
2319,926,1,Steak Bowl,"[Fresh Tomato Salsa, [Rice, Cheese]]",$9.25 
3984,1597,1,Steak Bowl,"[Fresh Tomato Salsa, [Rice, Cheese]]",$9.25 
3419,1372,1,Steak Burrito,"[Fresh Tomato Salsa, [Rice, Cheese]]",$9.25 
3963,1588,1,Steak Burrito,"[Fresh Tomato Salsa, [Rice, Cheese]]",$9.25 
1917,774,1,Carnitas Bowl,"[Fresh Tomato Salsa, [Rice, Fajita Vegetables, Black Beans, Cheese, Lettuce, Guacamole]]",$11.75 
2194,885,1,Carnitas Bowl,"[Fresh Tomato Salsa, [Rice, Fajita Vegetables, Black Beans, Cheese, Lettuce, Guacamole]]",$11.75 
2913,1158,1,Carnitas Bowl,"[Fresh Tomato Salsa, [Rice, Fajita Vegetables, Black Beans, Cheese, Lettuce, Guacamole]]",$11.75 
3930,1577,1,Chicken Bowl,"[Fresh Tomato Salsa, [Rice, Fajita Vegetables, Black Beans, Cheese, Lettuce]]",$8.75 
1040,428,1,Steak Bowl,"[Fresh Tomato Salsa, [Rice, Fajita Vegetables, Black Beans, Guacamole]]",$11.75 
2914,1158,1,Carnitas Bowl,"[Fresh Tomato Salsa, [Rice, Fajita Vegetables, Black Beans, Lettuce, Guacamole]]",$11.75 
1695,687,1,Veggie Burrito,"[Fresh Tomato Salsa, [Rice, Fajita Vegetables, Black Beans, Lettuce, Guacamole]]",$11.25 
1959,792,1,Veggie Burrito,"[Fresh Tomato Salsa, [Rice, Fajita Vegetables, Black Beans, Lettuce, Guacamole]]",$11.25 
4423,1764,2,Chicken Bowl,"[Fresh Tomato Salsa, [Rice, Fajita Vegetables, Black Beans, Sour Cream, Cheese, Lettuce, Guacamole]]",$22.50 
3525,1417,1,Carnitas Bowl,"[Fresh Tomato Salsa, [Rice, Fajita Vegetables, Black Beans, Sour Cream, Cheese, Lettuce]]",$9.25 
3489,1402,1,Chicken Bowl,"[Fresh Tomato Salsa, [Rice, Fajita Vegetables, Black Beans, Sour Cream, Cheese, Lettuce]]",$8.75 
1453,590,1,Steak Burrito,"[Fresh Tomato Salsa, [Rice, Fajita Vegetables, Black Beans, Sour Cream, Cheese, Lettuce]]",$9.25 
4198,1676,1,Steak Burrito,"[Fresh Tomato Salsa, [Rice, Fajita Vegetables, Black Beans, Sour Cream, Cheese]]",$9.25 
2253,907,1,Barbacoa Bowl,"[Fresh Tomato Salsa, [Rice, Fajita Vegetables, Black Beans, Sour Cream]]",$9.25 
2777,1102,1,Chicken Bowl,"[Fresh Tomato Salsa, [Rice, Fajita Vegetables, Black Beans]]",$8.75 
1596,647,1,Chicken Bowl,"[Fresh Tomato Salsa, [Rice, Fajita Vegetables, Cheese, Lettuce, Guacamole]]",$11.25 
2516,999,1,Steak Burrito,"[Fresh Tomato Salsa, [Rice, Fajita Vegetables, Cheese, Lettuce]]",$9.25 
4116,1648,1,Chicken Crispy Tacos,"[Fresh Tomato Salsa, [Rice, Fajita Vegetables, Cheese]]",$8.75 
2695,1070,1,Chicken Soft Tacos,"[Fresh Tomato Salsa, [Rice, Fajita Vegetables, Cheese]]",$8.75 
4308,1718,1,Steak Bowl,"[Fresh Tomato Salsa, [Rice, Fajita Vegetables, Cheese]]",$9.25 
1806,731,1,Chicken Salad Bowl,"[Fresh Tomato Salsa, [Rice, Fajita Vegetables, Pinto Beans, Black Beans, Lettuce, Guacamole]]",$11.25 
1899,766,1,Chicken Salad Bowl,"[Fresh Tomato Salsa, [Rice, Fajita Vegetables, Pinto Beans, Black Beans, Lettuce, Guacamole]]",$11.25 
2111,850,1,Chicken Salad Bowl,"[Fresh Tomato Salsa, [Rice, Fajita Vegetables, Pinto Beans, Black Beans, Lettuce, Guacamole]]",$11.25 
1229,501,1,Barbacoa Salad Bowl,"[Fresh Tomato Salsa, [Rice, Fajita Vegetables, Pinto Beans, Black Beans, Sour Cream, Cheese, Lettuce, Guacamole]]",$11.89 
2625,1043,1,Steak Burrito,"[Fresh Tomato Salsa, [Rice, Fajita Vegetables, Pinto Beans, Cheese, Guacamole]]",$11.75 
3915,1571,1,Chicken Bowl,"[Fresh Tomato Salsa, [Rice, Fajita Vegetables, Pinto Beans, Cheese, Lettuce, Guacamole]]",$11.25 
2195,885,1,Steak Burrito,"[Fresh Tomato Salsa, [Rice, Fajita Vegetables, Pinto Beans, Cheese, Lettuce, Guacamole]]",$11.75 
1454,590,1,Veggie Bowl,"[Fresh Tomato Salsa, [Rice, Fajita Vegetables, Pinto Beans, Cheese]]",$8.75 
994,408,1,Chicken Bowl,"[Fresh Tomato Salsa, [Rice, Fajita Vegetables, Pinto Beans, Sour Cream, Cheese, Lettuce, Guacamole]]",$11.25 
138,62,1,Chicken Bowl,"[Fresh Tomato Salsa, [Rice, Fajita Vegetables, Sour Cream, Cheese, Guacamole]]",$11.25 
1629,657,1,Chicken Bowl,"[Fresh Tomato Salsa, [Rice, Fajita Vegetables, Sour Cream, Cheese, Guacamole]]",$11.25 
1783,721,1,Chicken Bowl,"[Fresh Tomato Salsa, [Rice, Fajita Vegetables, Sour Cream, Cheese, Guacamole]]",$11.25 
3444,1384,1,Chicken Bowl,"[Fresh Tomato Salsa, [Rice, Fajita Vegetables, Sour Cream, Cheese, Guacamole]]",$11.25 
1251,509,1,Chicken Burrito,"[Fresh Tomato Salsa, [Rice, Fajita Vegetables, Sour Cream, Cheese, Guacamole]]",$11.25 
3049,1214,1,Chicken Burrito,"[Fresh Tomato Salsa, [Rice, Fajita Vegetables, Sour Cream, Cheese, Guacamole]]",$11.25 
1081,446,1,Steak Bowl,"[Fresh Tomato Salsa, [Rice, Fajita Vegetables, Sour Cream, Cheese, Guacamole]]",$11.75 
1159,478,1,Steak Salad Bowl,"[Fresh Tomato Salsa, [Rice, Fajita Vegetables, Sour Cream, Cheese, Lettuce, Guacamole]]",$11.89 
1138,470,1,Chicken Burrito,"[Fresh Tomato Salsa, [Rice, Fajita Vegetables, Sour Cream, Cheese, Lettuce]]",$8.75 
1088,449,1,Chicken Bowl,"[Fresh Tomato Salsa, [Rice, Fajita Vegetables]]",$8.75 
1367,559,1,Chicken Bowl,"[Fresh Tomato Salsa, [Rice, Fajita Vegetables]]",$8.75 
1887,762,1,Chicken Bowl,"[Fresh Tomato Salsa, [Rice, Fajita Vegetables]]",$8.75 
2354,938,1,Chicken Bowl,"[Fresh Tomato Salsa, [Rice, Fajita Vegetables]]",$8.75 
3262,1306,1,Chicken Bowl,"[Fresh Tomato Salsa, [Rice, Fajita Vegetables]]",$8.75 
3302,1324,1,Chicken Bowl,"[Fresh Tomato Salsa, [Rice, Fajita Vegetables]]",$8.75 
3328,1333,1,Chicken Bowl,"[Fresh Tomato Salsa, [Rice, Fajita Vegetables]]",$8.75 
3722,1487,1,Chicken Bowl,"[Fresh Tomato Salsa, [Rice, Fajita Vegetables]]",$8.75 
1606,650,1,Chicken Burrito,"[Fresh Tomato Salsa, [Rice, Fajita Vegetables]]",$8.75 
3296,1322,1,Chicken Burrito,"[Fresh Tomato Salsa, [Rice, Guacamole, Cheese, Sour Cream]]",$11.25 
3400,1364,1,Chicken Burrito,"[Fresh Tomato Salsa, [Rice, Guacamole, Cheese, Sour Cream]]",$11.25 
1552,630,1,Chicken Bowl,"[Fresh Tomato Salsa, [Rice, Guacamole, Lettuce]]",$11.25 
844,347,1,Chicken Bowl,"[Fresh Tomato Salsa, [Rice, Guacamole]]",$11.25 
4085,1636,1,Chicken Salad Bowl,"[Fresh Tomato Salsa, [Rice, Guacamole]]",$11.25 
4349,1737,1,Chicken Salad Bowl,"[Fresh Tomato Salsa, [Rice, Guacamole]]",$11.25 
496,207,1,Veggie Salad Bowl,"[Fresh Tomato Salsa, [Rice, Lettuce, Guacamole, Fajita Vegetables, Cheese, Sour Cream, Black Beans]]",$11.25 
1407,573,1,Chicken Bowl,"[Fresh Tomato Salsa, [Rice, Lettuce]]",$8.75 
2312,926,1,Chicken Bowl,"[Fresh Tomato Salsa, [Rice, Lettuce]]",$8.75 
3315,1329,1,Chicken Salad Bowl,"[Fresh Tomato Salsa, [Rice, Lettuce]]",$8.75 
3451,1388,1,Chicken Bowl,"[Fresh Tomato Salsa, [Rice, Pinto Beans, Cheese, Guacamole, Lettuce]]",$11.25 
2612,1037,1,Chicken Burrito,"[Fresh Tomato Salsa, [Rice, Pinto Beans, Cheese, Guacamole, Lettuce]]",$11.25 
3629,1453,1,Chicken Burrito,"[Fresh Tomato Salsa, [Rice, Pinto Beans, Cheese, Guacamole, Lettuce]]",$11.25 
1618,654,1,Steak Bowl,"[Fresh Tomato Salsa, [Rice, Pinto Beans, Cheese, Guacamole, Lettuce]]",$11.75 
404,176,1,Steak Burrito,"[Fresh Tomato Salsa, [Rice, Pinto Beans, Cheese, Guacamole, Lettuce]]",$11.75 
1713,691,1,Steak Burrito,"[Fresh Tomato Salsa, [Rice, Pinto Beans, Cheese, Guacamole, Lettuce]]",$11.75 
1954,791,1,Steak Burrito,"[Fresh Tomato Salsa, [Rice, Pinto Beans, Cheese, Guacamole, Lettuce]]",$11.75 
2398,953,1,Barbacoa Burrito,"[Fresh Tomato Salsa, [Rice, Pinto Beans, Cheese, Lettuce]]",$9.25 
2786,1106,1,Barbacoa Burrito,"[Fresh Tomato Salsa, [Rice, Pinto Beans, Cheese, Lettuce]]",$9.25 
1825,738,1,Barbacoa Salad Bowl,"[Fresh Tomato Salsa, [Rice, Pinto Beans, Cheese, Lettuce]]",$9.39 
1873,759,1,Carnitas Bowl,"[Fresh Tomato Salsa, [Rice, Pinto Beans, Cheese, Lettuce]]",$9.25 
3421,1373,1,Carnitas Burrito,"[Fresh Tomato Salsa, [Rice, Pinto Beans, Cheese, Lettuce]]",$9.25 
3039,1209,1,Chicken Bowl,"[Fresh Tomato Salsa, [Rice, Pinto Beans, Cheese, Lettuce]]",$8.75 
4048,1620,1,Chicken Bowl,"[Fresh Tomato Salsa, [Rice, Pinto Beans, Cheese, Lettuce]]",$8.75 
4435,1767,2,Chicken Bowl,"[Fresh Tomato Salsa, [Rice, Pinto Beans, Cheese, Lettuce]]",$17.50 
3129,1248,1,Steak Burrito,"[Fresh Tomato Salsa, [Rice, Pinto Beans, Cheese, Lettuce]]",$9.25 
4483,1786,1,Chicken Bowl,"[Fresh Tomato Salsa, [Rice, Pinto Beans, Cheese, Sour Cream, Guacamole, Lettuce]]",$11.25 
1208,493,1,Chicken Burrito,"[Fresh Tomato Salsa, [Rice, Pinto Beans, Cheese, Sour Cream, Guacamole, Lettuce]]",$11.25 
3964,1588,1,Chicken Burrito,"[Fresh Tomato Salsa, [Rice, Pinto Beans, Cheese, Sour Cream, Guacamole, Lettuce]]",$11.25 
43,20,1,Steak Burrito,"[Fresh Tomato Salsa, [Rice, Pinto Beans, Cheese, Sour Cream, Guacamole, Lettuce]]",$11.75 
2900,1154,1,Steak Burrito,"[Fresh Tomato Salsa, [Rice, Pinto Beans, Cheese, Sour Cream, Guacamole, Lettuce]]",$11.75 
4299,1715,1,Steak Burrito,"[Fresh Tomato Salsa, [Rice, Pinto Beans, Cheese, Sour Cream, Guacamole, Lettuce]]",$11.75 
4384,1749,1,Steak Burrito,"[Fresh Tomato Salsa, [Rice, Pinto Beans, Cheese, Sour Cream, Guacamole, Lettuce]]",$11.75 
1505,612,1,Steak Salad Bowl,"[Fresh Tomato Salsa, [Rice, Pinto Beans, Cheese, Sour Cream, Guacamole, Lettuce]]",$11.89 
3256,1304,1,Chicken Burrito,"[Fresh Tomato Salsa, [Rice, Pinto Beans, Cheese, Sour Cream, Guacamole]]",$11.25 
1861,754,1,Steak Burrito,"[Fresh Tomato Salsa, [Rice, Pinto Beans, Cheese, Sour Cream, Guacamole]]",$11.75 
4138,1656,1,Steak Burrito,"[Fresh Tomato Salsa, [Rice, Pinto Beans, Cheese, Sour Cream, Guacamole]]",$11.75 
81,36,1,Barbacoa Burrito,"[Fresh Tomato Salsa, [Rice, Pinto Beans, Cheese, Sour Cream, Lettuce]]",$9.25 
756,312,1,Barbacoa Burrito,"[Fresh Tomato Salsa, [Rice, Pinto Beans, Cheese, Sour Cream, Lettuce]]",$9.25 
637,263,1,Chicken Bowl,"[Fresh Tomato Salsa, [Rice, Pinto Beans, Cheese, Sour Cream, Lettuce]]",$8.75 
2292,921,1,Chicken Bowl,"[Fresh Tomato Salsa, [Rice, Pinto Beans, Cheese, Sour Cream, Lettuce]]",$8.75 
2342,934,1,Chicken Bowl,"[Fresh Tomato Salsa, [Rice, Pinto Beans, Cheese, Sour Cream, Lettuce]]",$8.75 
3435,1380,1,Chicken Burrito,"[Fresh Tomato Salsa, [Rice, Pinto Beans, Cheese, Sour Cream, Lettuce]]",$8.75 
4072,1630,1,Chicken Burrito,"[Fresh Tomato Salsa, [Rice, Pinto Beans, Cheese, Sour Cream, Lettuce]]",$8.75 
4403,1757,1,Chicken Burrito,"[Fresh Tomato Salsa, [Rice, Pinto Beans, Cheese, Sour Cream, Lettuce]]",$8.75 
2976,1184,1,Steak Bowl,"[Fresh Tomato Salsa, [Rice, Pinto Beans, Cheese, Sour Cream, Lettuce]]",$9.25 
2977,1184,1,Steak Bowl,"[Fresh Tomato Salsa, [Rice, Pinto Beans, Cheese, Sour Cream, Lettuce]]",$9.25 
4082,1634,2,Steak Bowl,"[Fresh Tomato Salsa, [Rice, Pinto Beans, Cheese, Sour Cream, Lettuce]]",$18.50 
3757,1504,1,Carnitas Burrito,"[Fresh Tomato Salsa, [Rice, Pinto Beans, Cheese, Sour Cream]]",$9.25 
4249,1696,1,Carnitas Burrito,"[Fresh Tomato Salsa, [Rice, Pinto Beans, Cheese, Sour Cream]]",$9.25 
4421,1763,1,Carnitas Burrito,"[Fresh Tomato Salsa, [Rice, Pinto Beans, Cheese, Sour Cream]]",$9.25 
242,106,1,Chicken Burrito,"[Fresh Tomato Salsa, [Rice, Pinto Beans, Cheese, Sour Cream]]",$8.75 
636,263,1,Chicken Burrito,"[Fresh Tomato Salsa, [Rice, Pinto Beans, Cheese, Sour Cream]]",$8.75 
3955,1586,1,Chicken Burrito,"[Fresh Tomato Salsa, [Rice, Pinto Beans, Cheese, Sour Cream]]",$8.75 
3670,1469,1,Steak Burrito,"[Fresh Tomato Salsa, [Rice, Pinto Beans, Cheese, Sour Cream]]",$9.25 
4108,1645,1,Steak Burrito,"[Fresh Tomato Salsa, [Rice, Pinto Beans, Cheese, Sour Cream]]",$9.25 
4331,1729,1,Steak Burrito,"[Fresh Tomato Salsa, [Rice, Pinto Beans, Cheese, Sour Cream]]",$9.25 
4431,1766,1,Steak Burrito,"[Fresh Tomato Salsa, [Rice, Pinto Beans, Cheese, Sour Cream]]",$9.25 
586,240,1,Barbacoa Burrito,"[Fresh Tomato Salsa, [Rice, Pinto Beans, Cheese]]",$9.25 
959,394,1,Carnitas Burrito,"[Fresh Tomato Salsa, [Rice, Pinto Beans, Cheese]]",$9.25 
2270,913,1,Carnitas Burrito,"[Fresh Tomato Salsa, [Rice, Pinto Beans, Cheese]]",$9.25 
2437,968,1,Chicken Bowl,"[Fresh Tomato Salsa, [Rice, Pinto Beans, Cheese]]",$8.75 
2775,1102,1,Chicken Burrito,"[Fresh Tomato Salsa, [Rice, Pinto Beans, Cheese]]",$8.75 
2566,1016,1,Steak Bowl,"[Fresh Tomato Salsa, [Rice, Pinto Beans, Cheese]]",$9.25 
2726,1082,1,Steak Bowl,"[Fresh Tomato Salsa, [Rice, Pinto Beans, Cheese]]",$9.25 
1323,540,1,Steak Burrito,"[Fresh Tomato Salsa, [Rice, Pinto Beans, Cheese]]",$9.25 
761,314,1,Veggie Burrito,"[Fresh Tomato Salsa, [Rice, Pinto Beans, Cheese]]",$8.75 
1459,592,1,Veggie Burrito,"[Fresh Tomato Salsa, [Rice, Pinto Beans, Cheese]]",$8.75 
2096,846,1,Veggie Burrito,"[Fresh Tomato Salsa, [Rice, Pinto Beans, Cheese]]",$8.75 
2685,1067,1,Veggie Burrito,"[Fresh Tomato Salsa, [Rice, Pinto Beans, Cheese]]",$8.75 
3351,1343,1,Veggie Burrito,"[Fresh Tomato Salsa, [Rice, Pinto Beans, Cheese]]",$8.75 
4519,1797,1,Veggie Burrito,"[Fresh Tomato Salsa, [Rice, Pinto Beans, Cheese]]",$8.75 
1202,491,1,Barbacoa Burrito,"[Fresh Tomato Salsa, [Rice, Pinto Beans, Guacamole, Lettuce]]",$11.75 
1715,691,1,Steak Burrito,"[Fresh Tomato Salsa, [Rice, Pinto Beans, Guacamole, Lettuce]]",$11.75 
3959,1586,1,Chicken Burrito,"[Fresh Tomato Salsa, [Rice, Pinto Beans, Lettuce]]",$8.75 
3974,1592,1,Chicken Salad Bowl,"[Fresh Tomato Salsa, [Rice, Pinto Beans, Lettuce]]",$8.75 
4495,1788,1,Chicken Bowl,"[Fresh Tomato Salsa, [Rice, Pinto Beans, Sour Cream, Cheese, Lettuce, Guacamole]]",$11.25 
4427,1764,2,Steak Bowl,"[Fresh Tomato Salsa, [Rice, Pinto Beans, Sour Cream, Cheese, Lettuce, Guacamole]]",$23.50 
604,249,1,Chicken Bowl,"[Fresh Tomato Salsa, [Rice, Pinto Beans, Sour Cream, Cheese, Lettuce]]",$8.75 
2173,877,1,Chicken Bowl,"[Fresh Tomato Salsa, [Rice, Pinto Beans, Sour Cream, Cheese, Lettuce]]",$8.75 
3285,1318,1,Chicken Bowl,"[Fresh Tomato Salsa, [Rice, Pinto Beans, Sour Cream, Cheese, Lettuce]]",$8.75 
3830,1535,1,Chicken Bowl,"[Fresh Tomato Salsa, [Rice, Pinto Beans, Sour Cream, Cheese, Lettuce]]",$8.75 
88,39,1,Carnitas Burrito,"[Fresh Tomato Salsa, [Rice, Pinto Beans, Sour Cream, Cheese]]",$9.25 
239,104,1,Carnitas Burrito,"[Fresh Tomato Salsa, [Rice, Pinto Beans, Sour Cream, Cheese]]",$9.25 
373,162,1,Carnitas Burrito,"[Fresh Tomato Salsa, [Rice, Pinto Beans, Sour Cream, Cheese]]",$9.25 
652,270,1,Carnitas Burrito,"[Fresh Tomato Salsa, [Rice, Pinto Beans, Sour Cream, Cheese]]",$9.25 
2947,1171,1,Chicken Burrito,"[Fresh Tomato Salsa, [Rice, Sour Cream, Cheese, Guacamole]]",$11.25 
3130,1248,1,Chicken Burrito,"[Fresh Tomato Salsa, [Rice, Sour Cream, Cheese, Guacamole]]",$11.25 
4114,1648,1,Chicken Burrito,"[Fresh Tomato Salsa, [Rice, Sour Cream, Cheese, Guacamole]]",$11.25 
3528,1418,1,Chicken Burrito,"[Fresh Tomato Salsa, [Rice, Sour Cream, Cheese, Lettuce, Guacamole]]",$11.25 
3858,1547,1,Chicken Burrito,"[Fresh Tomato Salsa, [Rice, Sour Cream, Cheese, Lettuce, Guacamole]]",$11.25 
4447,1772,1,Chicken Burrito,"[Fresh Tomato Salsa, [Rice, Sour Cream, Cheese, Lettuce, Guacamole]]",$11.25 
3856,1546,1,Steak Bowl,"[Fresh Tomato Salsa, [Rice, Sour Cream, Cheese, Lettuce, Guacamole]]",$11.75 
4610,1830,1,Steak Burrito,"[Fresh Tomato Salsa, [Rice, Sour Cream, Cheese, Lettuce, Guacamole]]",$11.75 
4618,1833,1,Steak Burrito,"[Fresh Tomato Salsa, [Rice, Sour Cream, Cheese, Lettuce, Guacamole]]",$11.75 
1004,412,1,Chicken Bowl,"[Fresh Tomato Salsa, [Rice, Sour Cream, Cheese, Lettuce]]",$8.75 
3453,1389,1,Chicken Burrito,"[Fresh Tomato Salsa, [Rice, Sour Cream, Cheese, Lettuce]]",$8.75 
1278,520,1,Chicken Soft Tacos,"[Fresh Tomato Salsa, [Rice, Sour Cream, Cheese, Lettuce]]",$8.75 
2388,949,1,Chicken Burrito,"[Fresh Tomato Salsa, [Rice, Sour Cream, Cheese]]",$8.75 
570,234,1,Steak Soft Tacos,"[Fresh Tomato Salsa, [Rice, Sour Cream, Cheese]]",$9.25 
4504,1791,1,Carnitas Bowl,"[Fresh Tomato Salsa, [Rice, Sour Cream, Guacamole, Lettuce]]",$11.75 
1469,597,1,Steak Burrito,"[Fresh Tomato Salsa, [Rice, Sour Cream, Guacamole, Lettuce]]",$11.75 
1517,618,1,Steak Burrito,"[Fresh Tomato Salsa, [Rice, Sour Cream, Guacamole, Lettuce]]",$11.75 
1521,620,1,Steak Burrito,"[Fresh Tomato Salsa, [Rice, Sour Cream, Guacamole, Lettuce]]",$11.75 
1635,660,1,Steak Burrito,"[Fresh Tomato Salsa, [Rice, Sour Cream, Guacamole, Lettuce]]",$11.75 
1773,716,1,Steak Burrito,"[Fresh Tomato Salsa, [Rice, Sour Cream, Guacamole, Lettuce]]",$11.75 
1429,578,2,Chicken Bowl,"[Fresh Tomato Salsa, [Rice, Sour Cream, Guacamole]]",$22.50 
2690,1069,1,Chicken Burrito,"[Fresh Tomato Salsa, [Rice, Sour Cream, Guacamole]]",$11.25 
1388,564,1,Steak Burrito,"[Fresh Tomato Salsa, [Rice, Sour Cream, Guacamole]]",$11.75 
1939,785,1,Steak Burrito,"[Fresh Tomato Salsa, [Rice, Sour Cream, Lettuce, Guacamole]]",$11.75 
2304,926,1,Steak Burrito,"[Fresh Tomato Salsa, [Rice, Sour Cream, Lettuce]]",$9.25 
2692,1070,1,Chicken Burrito,"[Fresh Tomato Salsa, [Sour Cream, Cheese, Guacamole, Rice]]",$11.25 
966,396,1,Chicken Soft Tacos,"[Fresh Tomato Salsa, [Sour Cream, Cheese, Guacamole]]",$11.25 
1249,509,1,Chicken Soft Tacos,"[Fresh Tomato Salsa, [Sour Cream, Cheese, Guacamole]]",$11.25 
4162,1662,1,Chicken Soft Tacos,"[Fresh Tomato Salsa, [Sour Cream, Cheese, Guacamole]]",$11.25 
2184,881,1,Chicken Burrito,"[Fresh Tomato Salsa, [Sour Cream, Cheese, Lettuce, Guacamole]]",$11.25 
2629,1044,1,Steak Crispy Tacos,"[Fresh Tomato Salsa, [Sour Cream, Cheese, Lettuce, Guacamole]]",$11.75 
2144,864,1,Steak Soft Tacos,"[Fresh Tomato Salsa, [Sour Cream, Cheese, Lettuce, Guacamole]]",$11.75 
2879,1144,1,Steak Soft Tacos,"[Fresh Tomato Salsa, [Sour Cream, Cheese, Lettuce, Guacamole]]",$11.75 
693,286,1,Chicken Salad Bowl,"[Fresh Tomato Salsa, [Sour Cream, Cheese, Lettuce]]",$8.75 
3236,1295,2,Chicken Burrito,"[Fresh Tomato Salsa, [Sour Cream, Cheese, Pinto Beans, Rice]]",$17.50 
3919,1573,1,Chicken Burrito,"[Fresh Tomato Salsa, [Sour Cream, Cheese, Rice, Black Beans]]",$8.75 
1903,768,2,Barbacoa Crispy Tacos,"[Fresh Tomato Salsa, [Sour Cream, Cheese, Rice]]",$18.50 
1730,698,1,Chicken Bowl,"[Fresh Tomato Salsa, [Sour Cream, Cheese]]",$8.75 
494,207,1,Steak Soft Tacos,"[Fresh Tomato Salsa, [Sour Cream, Cheese]]",$9.25 
2606,1034,1,Chicken Bowl,"[Fresh Tomato Salsa, [Sour Cream, Fajita Vegetables, Rice, Guacamole, Cheese]]",$11.25 
2984,1188,1,Chicken Bowl,"[Fresh Tomato Salsa, [Sour Cream, Fajita Vegetables, Rice, Guacamole, Cheese]]",$11.25 
2065,833,1,Chicken Bowl,"[Fresh Tomato Salsa, [Sour Cream, Guacamole, Lettuce]]",$11.25 
3009,1196,1,Chicken Bowl,"[Fresh Tomato Salsa, [Sour Cream, Guacamole, Lettuce]]",$11.25 
1689,684,1,Steak Burrito,"[Fresh Tomato Salsa, [Sour Cream, Guacamole, Rice, Lettuce]]",$11.75 
1963,793,1,Carnitas Soft Tacos,"[Fresh Tomato Salsa, [Sour Cream, Guacamole]]",$11.75 
534,223,2,Steak Burrito,"[Fresh Tomato Salsa, [Sour Cream, Lettuce, Cheese, Rice]]",$18.50 
1515,617,1,Chicken Bowl,"[Fresh Tomato Salsa, [Sour Cream, Lettuce, Rice, Cheese]]",$8.75 
3950,1584,1,Steak Crispy Tacos,"[Fresh Tomato Salsa, [Sour Cream, Lettuce, Rice, Cheese]]",$9.25 
763,315,1,Barbacoa Crispy Tacos,"[Fresh Tomato Salsa, [Sour Cream, Lettuce]]",$9.25 
453,195,1,Carnitas Soft Tacos,"[Fresh Tomato Salsa, [Sour Cream, Lettuce]]",$9.25 
426,185,2,Chicken Soft Tacos,"[Fresh Tomato Salsa, [Sour Cream, Lettuce]]",$17.50 
2529,1006,1,Chicken Soft Tacos,"[Fresh Tomato Salsa, [Sour Cream, Lettuce]]",$8.75 
2894,1151,1,Steak Burrito,"[Fresh Tomato Salsa, [Sour Cream, Rice, Guacamole, Lettuce]]",$11.75 
2070,835,1,Chicken Bowl,"[Fresh Tomato Salsa, Cheese]",$8.75 
2497,992,1,Chicken Bowl,"[Fresh Tomato Salsa, Cheese]",$8.75 
3885,1558,1,Chicken Bowl,"[Fresh Tomato Salsa, Cheese]",$8.75 
486,205,1,Chicken Burrito,"[Fresh Tomato Salsa, Cheese]",$8.75 
61,28,1,Steak Soft Tacos,"[Fresh Tomato Salsa, Cheese]",$9.25 
2422,962,1,Chicken Crispy Tacos,"[Fresh Tomato Salsa, Fajita Vegetables]",$8.75 
315,137,2,Chicken Salad Bowl,"[Fresh Tomato Salsa, Fajita Vegetables]",$17.50 
568,234,1,Chicken Salad Bowl,"[Fresh Tomato Salsa, Fajita Vegetables]",$8.75 
585,240,1,Chicken Salad Bowl,"[Fresh Tomato Salsa, Fajita Vegetables]",$8.75 
485,205,1,Barbacoa Crispy Tacos,"[Fresh Tomato Salsa, Guacamole]",$11.75 
3546,1426,1,Barbacoa Salad Bowl,"[Fresh Tomato Salsa, Guacamole]",$11.89 
1744,704,1,Steak Bowl,"[Fresh Tomato Salsa, Guacamole]",$11.75 
2231,899,1,Steak Crispy Tacos,"[Fresh Tomato Salsa, Guacamole]",$11.75 
3710,1483,1,Steak Soft Tacos,"[Fresh Tomato Salsa, Guacamole]",$11.75 
946,389,1,Chicken Crispy Tacos,"[Fresh Tomato Salsa, Lettuce]",$8.75 
1460,592,1,Chicken Salad Bowl,"[Fresh Tomato Salsa, Lettuce]",$8.75 
4520,1797,1,Chicken Salad Bowl,"[Fresh Tomato Salsa, Lettuce]",$8.75 
3406,1367,1,Steak Crispy Tacos,"[Fresh Tomato Salsa, Lettuce]",$9.25 
607,250,1,Steak Salad Bowl,"[Fresh Tomato Salsa, Lettuce]",$9.39 
4481,1786,1,Chicken Bowl,"[Fresh Tomato Salsa, Rice]",$8.75 
1049,432,1,Chicken Burrito,"[Fresh Tomato Salsa, Rice]",$8.75 
1166,481,2,Chicken Burrito,"[Fresh Tomato Salsa, Rice]",$17.50 
1434,581,2,Chicken Burrito,"[Fresh Tomato Salsa, Rice]",$17.50 
1565,635,1,Chicken Burrito,"[Fresh Tomato Salsa, Rice]",$8.75 
2045,823,2,Chicken Burrito,"[Fresh Tomato Salsa, Rice]",$17.50 
2286,918,1,Chicken Burrito,"[Fresh Tomato Salsa, Rice]",$8.75 
3636,1454,3,Chicken Burrito,"[Fresh Tomato Salsa, Rice]",$26.25 
4148,1660,2,Chicken Burrito,"[Fresh Tomato Salsa, Rice]",$17.50 
4179,1669,1,Chicken Burrito,"[Fresh Tomato Salsa, Rice]",$8.75 
3638,1454,1,Chicken Crispy Tacos,"[Fresh Tomato Salsa, Rice]",$8.75 
3635,1454,1,Chicken Soft Tacos,"[Fresh Tomato Salsa, Rice]",$8.75 
3637,1454,1,Chicken Soft Tacos,"[Fresh Tomato Salsa, Rice]",$8.75 
1725,696,1,Steak Bowl,"[Fresh Tomato Salsa, Rice]",$9.25 
1890,763,1,Steak Bowl,"[Fresh Tomato Salsa, Rice]",$9.25 
2275,915,1,Steak Bowl,"[Fresh Tomato Salsa, Rice]",$9.25 
354,153,2,Chicken Soft Tacos,"[Fresh Tomato Salsa, Sour Cream]",$17.50 
92,40,1,Steak Crispy Tacos,"[Fresh Tomato Salsa, Sour Cream]",$9.25 
2732,1085,1,Steak Soft Tacos,"[Fresh Tomato Salsa, Sour Cream]",$9.25 
1014,416,1,Chicken Bowl,[Fresh Tomato Salsa],$8.75 
2260,910,1,Chicken Bowl,[Fresh Tomato Salsa],$8.75 
3311,1327,1,Chicken Bowl,[Fresh Tomato Salsa],$8.75 
724,299,1,Chicken Burrito,[Fresh Tomato Salsa],$8.75 
3634,1454,3,Chicken Burrito,[Fresh Tomato Salsa],$26.25 
3310,1327,1,Chicken Salad Bowl,[Fresh Tomato Salsa],$8.75 
4012,1606,1,Chicken Salad Bowl,[Fresh Tomato Salsa],$8.75 
1560,634,1,Chicken Soft Tacos,[Fresh Tomato Salsa],$8.75 
2214,892,1,Steak Bowl,[Fresh Tomato Salsa],$9.25 
3503,1407,1,Steak Crispy Tacos,[Fresh Tomato Salsa],$9.25 
4130,1654,1,Steak Soft Tacos,[Fresh Tomato Salsa],$9.25 
24,12,1,Izze,[Grapefruit],$3.39 
360,155,1,Izze,[Grapefruit],$3.39 
430,186,1,Izze,[Grapefruit],$3.39 
580,237,1,Izze,[Grapefruit],$3.39 
4510,1793,1,Barbacoa Bowl,[Guacamole],$11.49 
3141,1253,1,6 Pack Soft Drink,[Lemonade],$6.49 
4535,1803,1,6 Pack Soft Drink,[Lemonade],$6.49 
346,149,1,Canned Soft Drink,[Lemonade],$1.25 
505,212,1,Canned Soft Drink,[Lemonade],$1.25 
670,277,1,Canned Soft Drink,[Lemonade],$1.25 
704,289,1,Canned Soft Drink,[Lemonade],$1.25 
709,291,1,Canned Soft Drink,[Lemonade],$1.25 
785,323,1,Canned Soft Drink,[Lemonade],$1.25 
917,379,3,Canned Soft Drink,[Lemonade],$3.75 
938,387,1,Canned Soft Drink,[Lemonade],$1.25 
1243,507,1,Canned Soft Drink,[Lemonade],$1.25 
1245,507,1,Canned Soft Drink,[Lemonade],$1.25 
1377,561,2,Canned Soft Drink,[Lemonade],$2.50 
1509,613,1,Canned Soft Drink,[Lemonade],$1.25 
1561,634,1,Canned Soft Drink,[Lemonade],$1.25 
1619,654,1,Canned Soft Drink,[Lemonade],$1.25 
1674,677,1,Canned Soft Drink,[Lemonade],$1.25 
1737,700,1,Canned Soft Drink,[Lemonade],$1.25 
1894,764,1,Canned Soft Drink,[Lemonade],$1.25 
2213,892,1,Canned Soft Drink,[Lemonade],$1.25 
2265,912,1,Canned Soft Drink,[Lemonade],$1.25 
2642,1050,1,Canned Soft Drink,[Lemonade],$1.25 
3386,1359,1,Canned Soft Drink,[Lemonade],$1.25 
3721,1486,1,Canned Soft Drink,[Lemonade],$1.25 
3899,1563,1,Canned Soft Drink,[Lemonade],$1.25 
4023,1610,1,Canned Soft Drink,[Lemonade],$1.25 
4103,1644,1,Canned Soft Drink,[Lemonade],$1.25 
4122,1651,1,Canned Soft Drink,[Lemonade],$1.25 
4139,1656,1,Canned Soft Drink,[Lemonade],$1.25 
4376,1746,1,Canned Soft Drink,[Lemonade],$1.25 
4462,1778,1,Canned Soft Drink,[Lemonade],$1.25 
4463,1778,1,Canned Soft Drink,[Lemonade],$1.25 
4494,1787,1,Canned Soft Drink,[Lemonade],$1.25 
51,23,2,Canned Soda,[Mountain Dew],$2.18 
228,100,1,Canned Soda,[Mountain Dew],$1.09 
246,108,1,Canned Soda,[Mountain Dew],$1.09 
248,108,1,Canned Soda,[Mountain Dew],$1.09 
261,113,1,Canned Soda,[Mountain Dew],$1.09 
378,164,1,Canned Soda,[Mountain Dew],$1.09 
807,332,1,Canned Soda,[Mountain Dew],$1.09 
909,376,2,Canned Soda,[Mountain Dew],$2.18 
1057,435,1,Canned Soda,[Mountain Dew],$1.09 
1511,614,1,Canned Soda,[Mountain Dew],$1.09 
2206,889,1,Canned Soda,[Mountain Dew],$1.09 
2584,1025,1,Canned Soda,[Mountain Dew],$1.09 
3221,1288,1,Canned Soda,[Mountain Dew],$1.09 
3866,1550,2,Canned Soda,[Mountain Dew],$2.18 
3897,1562,1,Canned Soda,[Mountain Dew],$1.09 
721,298,1,6 Pack Soft Drink,[Nestea],$6.49 
3614,1448,1,6 Pack Soft Drink,[Nestea],$6.49 
610,251,1,Canned Soft Drink,[Nestea],$1.25 
783,322,1,Canned Soft Drink,[Nestea],$1.25 
1492,606,1,Canned Soft Drink,[Nestea],$1.25 
2246,905,1,Canned Soft Drink,[Nestea],$1.25 
2331,928,1,Canned Soft Drink,[Nestea],$1.25 
2347,935,1,Canned Soft Drink,[Nestea],$1.25 
2639,1049,1,Canned Soft Drink,[Nestea],$1.25 
2724,1081,1,Canned Soft Drink,[Nestea],$1.25 
3307,1325,1,Canned Soft Drink,[Nestea],$1.25 
3366,1350,1,Canned Soft Drink,[Nestea],$1.25 
3387,1359,1,Canned Soft Drink,[Nestea],$1.25 
3802,1523,1,Canned Soft Drink,[Nestea],$1.25 
3945,1581,1,Canned Soft Drink,[Nestea],$1.25 
3986,1597,1,Canned Soft Drink,[Nestea],$1.25 
3993,1599,1,Canned Soft Drink,[Nestea],$1.25 
4143,1657,1,Canned Soft Drink,[Nestea],$1.25 
4286,1709,1,Canned Soft Drink,[Nestea],$1.25 
4597,1826,1,Canned Soft Drink,[Nestea],$1.25 
205,91,1,Nantucket Nectar,[Peach Orange],$3.39 
1585,641,1,Nantucket Nectar,[Peach Orange],$3.39 
2379,947,2,Nantucket Nectar,[Peach Orange],$6.78 
2838,1128,1,Nantucket Nectar,[Peach Orange],$3.39 
2949,1172,1,Nantucket Nectar,[Peach Orange],$3.39 
3318,1330,1,Nantucket Nectar,[Peach Orange],$3.39 
3845,1541,1,Nantucket Nectar,[Peach Orange],$3.39 
4078,1632,1,Nantucket Nectar,[Peach Orange],$3.39 
105,46,1,Nantucket Nectar,[Pineapple Orange Banana],$3.39 
601,247,2,Nantucket Nectar,[Pineapple Orange Banana],$6.78 
1626,656,1,Nantucket Nectar,[Pineapple Orange Banana],$3.39 
2162,872,1,Nantucket Nectar,[Pineapple Orange Banana],$3.39 
2653,1053,1,Nantucket Nectar,[Pineapple Orange Banana],$3.39 
3368,1351,1,Nantucket Nectar,[Pineapple Orange Banana],$3.39 
3570,1433,1,Nantucket Nectar,[Pineapple Orange Banana],$3.39 
4019,1609,1,Nantucket Nectar,[Pineapple Orange Banana],$3.39 
22,11,1,Nantucket Nectar,[Pomegranate Cherry],$3.39 
436,189,1,Nantucket Nectar,[Pomegranate Cherry],$3.39 
925,381,1,Nantucket Nectar,[Pomegranate Cherry],$3.39 
1356,553,1,Nantucket Nectar,[Pomegranate Cherry],$3.39 
2430,965,1,Nantucket Nectar,[Pomegranate Cherry],$3.39 
4267,1702,1,Steak Bowl,"[Rice, Tomatillo-Red Chili Salsa (Hot)]",$8.99 
4268,1702,1,Steak Burrito,"[Rice, Tomatillo-Red Chili Salsa (Hot)]",$8.99 
3824,1533,1,Chicken Burrito,[Rice],$8.19 
3989,1598,1,Chicken Salad,"[Roasted Chili Corn (Medium), [Lettuce, Black Beans, Cheese]]",$8.19 
3990,1598,1,Chicken Burrito,"[Roasted Chili Corn (Medium), [Lettuce, Black Beans, Rice, Sour Cream, Cheese]]",$8.19 
728,301,1,Steak Burrito,"[Roasted Chili Corn (Medium), [Sour Cream, Cheese]]",$8.69 
369,160,1,Steak Burrito,"[Roasted Chili Corn Salsa (Medium), [Black Beans, Cheese, Sour Cream, Lettuce]]",$8.99 
548,228,1,Chicken Bowl,"[Roasted Chili Corn Salsa (Medium), [Black Beans, Fajita Veggies, Cheese, Guacamole, Lettuce]]",$10.98 
3574,1434,1,Chicken Burrito,"[Roasted Chili Corn Salsa (Medium), [Black Beans, Fajita Veggies, Cheese, Sour Cream, Guacamole]]",$10.98 
2851,1132,1,Veggie Soft Tacos,"[Roasted Chili Corn Salsa (Medium), [Black Beans, Fajita Veggies, Cheese, Sour Cream, Lettuce]]",$8.49 
3619,1449,1,Carnitas Burrito,"[Roasted Chili Corn Salsa (Medium), [Black Beans, Lettuce]]",$8.99 
2357,939,1,Chicken Bowl,"[Roasted Chili Corn Salsa (Medium), [Black Beans, Rice, Cheese, Guacamole, Lettuce]]",$10.98 
2501,994,1,Chicken Burrito,"[Roasted Chili Corn Salsa (Medium), [Black Beans, Rice, Cheese, Guacamole, Lettuce]]",$10.98 
1001,411,1,Chicken Bowl,"[Roasted Chili Corn Salsa (Medium), [Black Beans, Rice, Cheese, Sour Cream, Lettuce]]",$8.49 
2148,866,1,Chicken Bowl,"[Roasted Chili Corn Salsa (Medium), [Black Beans, Rice, Cheese, Sour Cream, Lettuce]]",$8.49 
273,119,1,Chicken Burrito,"[Roasted Chili Corn Salsa (Medium), [Black Beans, Rice, Cheese, Sour Cream, Lettuce]]",$8.49 
1827,739,1,Chicken Burrito,"[Roasted Chili Corn Salsa (Medium), [Black Beans, Rice, Cheese, Sour Cream, Lettuce]]",$8.49 
2909,1156,1,Steak Burrito,"[Roasted Chili Corn Salsa (Medium), [Black Beans, Rice, Cheese, Sour Cream, Lettuce]]",$8.99 
3847,1541,1,Veggie Burrito,"[Roasted Chili Corn Salsa (Medium), [Black Beans, Rice, Cheese, Sour Cream, Lettuce]]",$8.49 
2996,1192,1,Veggie Salad,"[Roasted Chili Corn Salsa (Medium), [Black Beans, Rice, Cheese, Sour Cream, Lettuce]]",$8.49 
981,403,1,Barbacoa Burrito,"[Roasted Chili Corn Salsa (Medium), [Black Beans, Rice, Cheese, Sour Cream]]",$8.99 
2182,880,1,Chicken Burrito,"[Roasted Chili Corn Salsa (Medium), [Black Beans, Rice, Cheese, Sour Cream]]",$8.49 
3375,1355,2,Chicken Burrito,"[Roasted Chili Corn Salsa (Medium), [Black Beans, Rice, Cheese, Sour Cream]]",$16.98 
3577,1434,1,Chicken Burrito,"[Roasted Chili Corn Salsa (Medium), [Black Beans, Rice, Cheese, Sour Cream]]",$8.49 
3714,1484,1,Chicken Burrito,"[Roasted Chili Corn Salsa (Medium), [Black Beans, Rice, Cheese, Sour Cream]]",$8.49 
3473,1396,1,Steak Soft Tacos,"[Roasted Chili Corn Salsa (Medium), [Black Beans, Rice, Cheese, Sour Cream]]",$8.99 
3308,1326,1,Carnitas Soft Tacos,"[Roasted Chili Corn Salsa (Medium), [Black Beans, Rice, Cheese]]",$8.99 
3099,1236,1,Chicken Crispy Tacos,"[Roasted Chili Corn Salsa (Medium), [Black Beans, Rice, Cheese]]",$8.49 
910,377,2,Steak Bowl,"[Roasted Chili Corn Salsa (Medium), [Black Beans, Rice, Cheese]]",$17.98 
911,377,1,Steak Burrito,"[Roasted Chili Corn Salsa (Medium), [Black Beans, Rice, Cheese]]",$8.99 
1531,623,1,Barbacoa Burrito,"[Roasted Chili Corn Salsa (Medium), [Black Beans, Rice, Fajita Veggies, Cheese, Lettuce]]",$8.99 
176,79,1,Chicken Bowl,"[Roasted Chili Corn Salsa (Medium), [Black Beans, Rice, Fajita Veggies, Cheese, Sour Cream, Guacamole, Lettuce]]",$10.98 
52,24,1,Chicken Burrito,"[Roasted Chili Corn Salsa (Medium), [Black Beans, Rice, Fajita Veggies, Cheese, Sour Cream, Guacamole, Lettuce]]",$10.98 
672,278,1,Chicken Burrito,"[Roasted Chili Corn Salsa (Medium), [Black Beans, Rice, Fajita Veggies, Cheese, Sour Cream, Guacamole, Lettuce]]",$10.98 
250,109,1,Chicken Salad,"[Roasted Chili Corn Salsa (Medium), [Black Beans, Rice, Fajita Veggies, Cheese, Sour Cream, Guacamole, Lettuce]]",$10.98 
1261,512,1,Veggie Burrito,"[Roasted Chili Corn Salsa (Medium), [Black Beans, Rice, Fajita Veggies, Cheese, Sour Cream, Guacamole, Lettuce]]",$10.98 
1933,783,1,Steak Bowl,"[Roasted Chili Corn Salsa (Medium), [Black Beans, Rice, Fajita Veggies, Cheese, Sour Cream, Lettuce]]",$8.99 
2181,880,1,Steak Bowl,"[Roasted Chili Corn Salsa (Medium), [Black Beans, Rice, Fajita Veggies, Cheese, Sour Cream, Lettuce]]",$8.99 
2849,1132,1,Veggie Burrito,"[Roasted Chili Corn Salsa (Medium), [Black Beans, Rice, Fajita Veggies, Cheese, Sour Cream, Lettuce]]",$8.49 
3265,1307,1,Chicken Bowl,"[Roasted Chili Corn Salsa (Medium), [Black Beans, Rice, Fajita Veggies, Cheese, Sour Cream]]",$8.49 
3586,1438,1,Chicken Bowl,"[Roasted Chili Corn Salsa (Medium), [Black Beans, Rice, Fajita Veggies, Cheese, Sour Cream]]",$8.49 
4075,1631,1,Chicken Bowl,"[Roasted Chili Corn Salsa (Medium), [Black Beans, Rice, Fajita Veggies, Cheese, Sour Cream]]",$8.49 
2839,1128,1,Steak Burrito,"[Roasted Chili Corn Salsa (Medium), [Black Beans, Rice, Fajita Veggies, Cheese, Sour Cream]]",$8.99 
3925,1575,1,Steak Bowl,"[Roasted Chili Corn Salsa (Medium), [Black Beans, Rice, Fajita Veggies]]",$8.99 
996,409,1,Chicken Bowl,"[Roasted Chili Corn Salsa (Medium), [Black Beans, Rice, Sour Cream, Guacamole]]",$10.98 
264,115,1,Steak Burrito,"[Roasted Chili Corn Salsa (Medium), [Black Beans, Rice]]",$8.99 
2908,1156,1,Chicken Crispy Tacos,"[Roasted Chili Corn Salsa (Medium), [Cheese, Sour Cream, Lettuce]]",$8.49 
3472,1396,1,Chicken Crispy Tacos,"[Roasted Chili Corn Salsa (Medium), [Cheese, Sour Cream, Lettuce]]",$8.49 
2048,824,1,Chicken Soft Tacos,"[Roasted Chili Corn Salsa (Medium), [Cheese, Sour Cream]]",$8.49 
190,85,1,Steak Burrito,"[Roasted Chili Corn Salsa (Medium), [Fajita Veggies, Cheese, Lettuce, Sour Cream, Rice]]",$8.99 
3395,1362,1,Chicken Bowl,"[Roasted Chili Corn Salsa (Medium), [Pinto Beans, Black Beans, Rice, Cheese, Sour Cream, Guacamole]]",$10.98 
3811,1528,1,Chicken Bowl,"[Roasted Chili Corn Salsa (Medium), [Pinto Beans, Black Beans, Rice, Fajita Veggies, Cheese, Lettuce]]",$8.49 
323,141,1,Chicken Burrito,"[Roasted Chili Corn Salsa (Medium), [Pinto Beans, Black Beans, Rice, Fajita Veggies, Cheese, Sour Cream, Lettuce]]",$8.49 
2824,1121,1,Steak Burrito,"[Roasted Chili Corn Salsa (Medium), [Pinto Beans, Black Beans, Rice, Fajita Veggies, Lettuce]]",$8.99 
3103,1238,1,Carnitas Bowl,"[Roasted Chili Corn Salsa (Medium), [Pinto Beans, Rice, Cheese, Guacamole, Lettuce]]",$11.48 
2478,983,1,Chicken Bowl,"[Roasted Chili Corn Salsa (Medium), [Pinto Beans, Rice, Cheese, Sour Cream, Lettuce]]",$8.49 
396,172,1,Chicken Burrito,"[Roasted Chili Corn Salsa (Medium), [Pinto Beans, Rice, Cheese, Sour Cream, Lettuce]]",$8.49 
3649,1459,1,Steak Burrito,"[Roasted Chili Corn Salsa (Medium), [Pinto Beans, Rice, Fajita Veggies, Cheese, Lettuce]]",$8.99 
163,74,1,Carnitas Bowl,"[Roasted Chili Corn Salsa (Medium), [Pinto Beans, Rice, Fajita Veggies, Cheese, Sour Cream, Guacamole, Lettuce]]",$11.48 
26,13,1,Chicken Bowl,"[Roasted Chili Corn Salsa (Medium), [Pinto Beans, Rice, Fajita Veggies, Cheese, Sour Cream, Lettuce]]",$8.49 
1918,775,1,Chicken Burrito,"[Roasted Chili Corn Salsa (Medium), [Pinto Beans, Rice, Fajita Veggies, Sour Cream, Lettuce]]",$8.49 
1042,429,1,Steak Bowl,"[Roasted Chili Corn Salsa (Medium), [Pinto Beans, Rice, Guacamole]]",$11.48 
106,47,1,Steak Burrito,"[Roasted Chili Corn Salsa (Medium), [Rice, Black Beans, Fajita Veggies, Sour Cream]]",$8.99 
125,55,1,Steak Burrito,"[Roasted Chili Corn Salsa (Medium), [Rice, Black Beans, Fajita Veggies, Sour Cream]]",$8.99 
4050,1621,1,Steak Bowl,"[Roasted Chili Corn Salsa (Medium), [Rice, Black Beans, Fajita Veggies]]",$8.99 
2923,1162,1,Steak Bowl,"[Roasted Chili Corn Salsa (Medium), [Rice, Black Beans, Pinto Beans, Fajita Veggies, Lettuce]]",$8.99 
4000,1602,1,Steak Burrito,"[Roasted Chili Corn Salsa (Medium), [Rice, Black Beans, Pinto Beans, Fajita Veggies, Lettuce]]",$8.99 
134,59,1,Chicken Burrito,"[Roasted Chili Corn Salsa (Medium), [Rice, Black Beans, Sour Cream, Guacamole]]",$10.98 
649,269,1,Steak Burrito,"[Roasted Chili Corn Salsa (Medium), [Rice, Black Beans, Sour Cream, Guacamole]]",$11.48 
806,332,1,Steak Burrito,"[Roasted Chili Corn Salsa (Medium), [Rice, Black Beans, Sour Cream, Lettuce]]",$8.99 
260,113,1,Steak Bowl,"[Roasted Chili Corn Salsa (Medium), [Rice, Black Beans, Sour Cream]]",$8.99 
306,133,1,Steak Bowl,"[Roasted Chili Corn Salsa (Medium), [Rice, Black Beans, Sour Cream]]",$8.99 
69,31,1,Steak Burrito,"[Roasted Chili Corn Salsa (Medium), [Rice, Black Beans, Sour Cream]]",$8.99 
196,87,1,Steak Burrito,"[Roasted Chili Corn Salsa (Medium), [Rice, Black Beans, Sour Cream]]",$8.99 
227,100,1,Steak Burrito,"[Roasted Chili Corn Salsa (Medium), [Rice, Black Beans, Sour Cream]]",$8.99 
377,164,1,Steak Burrito,"[Roasted Chili Corn Salsa (Medium), [Rice, Black Beans, Sour Cream]]",$8.99 
645,267,1,Steak Burrito,"[Roasted Chili Corn Salsa (Medium), [Rice, Black Beans, Sour Cream]]",$8.99 
1651,667,1,Chicken Bowl,"[Roasted Chili Corn Salsa (Medium), [Rice, Cheese, Lettuce]]",$8.49 
1856,752,1,Chicken Bowl,"[Roasted Chili Corn Salsa (Medium), [Rice, Cheese, Lettuce]]",$8.49 
189,84,1,Chicken Burrito,"[Roasted Chili Corn Salsa (Medium), [Rice, Cheese, Lettuce]]",$8.49 
1328,542,1,Chicken Burrito,"[Roasted Chili Corn Salsa (Medium), [Rice, Cheese, Lettuce]]",$8.49 
1327,542,1,Steak Crispy Tacos,"[Roasted Chili Corn Salsa (Medium), [Rice, Cheese, Lettuce]]",$8.99 
2926,1164,1,Carnitas Bowl,"[Roasted Chili Corn Salsa (Medium), [Rice, Cheese, Sour Cream, Lettuce]]",$8.99 
188,84,1,Chicken Burrito,"[Roasted Chili Corn Salsa (Medium), [Rice, Cheese, Sour Cream, Lettuce]]",$8.49 
3666,1467,1,Steak Bowl,"[Roasted Chili Corn Salsa (Medium), [Rice, Cheese, Sour Cream, Lettuce]]",$8.99 
1211,494,1,Chicken Burrito,"[Roasted Chili Corn Salsa (Medium), [Rice, Cheese, Sour Cream]]",$8.49 
1000,411,1,Chicken Bowl,"[Roasted Chili Corn Salsa (Medium), [Rice, Cheese]]",$8.49 
1405,572,1,Chicken Bowl,"[Roasted Chili Corn Salsa (Medium), [Rice, Cheese]]",$8.49 
1475,599,1,Steak Bowl,"[Roasted Chili Corn Salsa (Medium), [Rice, Cheese]]",$8.99 
245,108,1,Steak Burrito,"[Roasted Chili Corn Salsa (Medium), [Rice, Fajita Veggies, Cheese, Lettuce]]",$8.99 
244,107,1,Chicken Burrito,"[Roasted Chili Corn Salsa (Medium), [Rice, Fajita Veggies, Cheese, Sour Cream, Guacamole, Lettuce]]",$10.98 
3865,1550,1,Steak Bowl,"[Roasted Chili Corn Salsa (Medium), [Rice, Fajita Veggies, Cheese, Sour Cream, Guacamole, Lettuce]]",$11.48 
2660,1056,1,Barbacoa Burrito,"[Roasted Chili Corn Salsa (Medium), [Rice, Fajita Veggies, Cheese, Sour Cream, Lettuce]]",$8.99 
3008,1195,1,Barbacoa Burrito,"[Roasted Chili Corn Salsa (Medium), [Rice, Fajita Veggies, Cheese, Sour Cream, Lettuce]]",$8.99 
2952,1173,1,Chicken Bowl,"[Roasted Chili Corn Salsa (Medium), [Rice, Fajita Veggies, Cheese, Sour Cream, Lettuce]]",$8.49 
3053,1216,1,Chicken Bowl,"[Roasted Chili Corn Salsa (Medium), [Rice, Fajita Veggies, Cheese, Sour Cream, Lettuce]]",$8.49 
2300,924,1,Chicken Burrito,"[Roasted Chili Corn Salsa (Medium), [Rice, Fajita Veggies, Cheese, Sour Cream, Lettuce]]",$8.49 
2821,1120,1,Chicken Burrito,"[Roasted Chili Corn Salsa (Medium), [Rice, Fajita Veggies, Cheese, Sour Cream, Lettuce]]",$8.49 
3267,1308,1,Chicken Burrito,"[Roasted Chili Corn Salsa (Medium), [Rice, Fajita Veggies, Cheese, Sour Cream, Lettuce]]",$8.49 
3904,1565,1,Chicken Burrito,"[Roasted Chili Corn Salsa (Medium), [Rice, Fajita Veggies, Cheese, Sour Cream, Lettuce]]",$8.49 
50,23,1,Steak Burrito,"[Roasted Chili Corn Salsa (Medium), [Rice, Fajita Veggies, Cheese, Sour Cream, Lettuce]]",$8.99 
907,376,1,Steak Burrito,"[Roasted Chili Corn Salsa (Medium), [Rice, Fajita Veggies, Cheese, Sour Cream, Lettuce]]",$8.99 
908,376,1,Steak Burrito,"[Roasted Chili Corn Salsa (Medium), [Rice, Fajita Veggies, Cheese, Sour Cream, Lettuce]]",$8.99 
2052,827,1,Steak Burrito,"[Roasted Chili Corn Salsa (Medium), [Rice, Fajita Veggies, Cheese, Sour Cream, Lettuce]]",$8.99 
2659,1056,1,Steak Burrito,"[Roasted Chili Corn Salsa (Medium), [Rice, Fajita Veggies, Cheese, Sour Cream, Lettuce]]",$8.99 
2822,1120,1,Steak Burrito,"[Roasted Chili Corn Salsa (Medium), [Rice, Fajita Veggies, Cheese, Sour Cream, Lettuce]]",$8.99 
2366,942,1,Chicken Burrito,"[Roasted Chili Corn Salsa (Medium), [Rice, Fajita Veggies, Cheese, Sour Cream]]",$8.49 
2997,1192,1,Steak Burrito,"[Roasted Chili Corn Salsa (Medium), [Rice, Fajita Veggies, Cheese, Sour Cream]]",$8.99 
1741,703,1,Chicken Bowl,"[Roasted Chili Corn Salsa (Medium), [Rice, Fajita Veggies, Cheese]]",$8.49 
316,138,1,Chicken Burrito,"[Roasted Chili Corn Salsa (Medium), [Rice, Fajita Veggies, Cheese]]",$8.49 
398,173,1,Chicken Burrito,"[Roasted Chili Corn Salsa (Medium), [Rice, Fajita Veggies, Cheese]]",$8.49 
446,194,1,Chicken Burrito,"[Roasted Chili Corn Salsa (Medium), [Rice, Fajita Veggies, Cheese]]",$8.49 
862,356,1,Steak Burrito,"[Roasted Chili Corn Salsa (Medium), [Rice, Fajita Veggies, Sour Cream, Guacamole, Lettuce]]",$11.48 
3220,1288,1,Chicken Bowl,"[Roasted Chili Corn Salsa (Medium), [Rice, Fajita Veggies, Sour Cream]]",$8.49 
2233,900,1,Carnitas Bowl,"[Roasted Chili Corn Salsa (Medium), [Rice, Guacamole, Lettuce]]",$11.48 
3193,1277,1,Steak Burrito,"[Roasted Chili Corn Salsa (Medium), [Rice, Pinto Beans, Cheese, Lettuce]]",$8.99 
3627,1452,1,Steak Burrito,"[Roasted Chili Corn Salsa (Medium), [Rice, Pinto Beans, Lettuce]]",$8.99 
863,356,1,Steak Burrito,"[Roasted Chili Corn Salsa (Medium), [Rice, Sour Cream, Lettuce]]",$8.99 
3689,1478,2,Chicken Burrito,"[Roasted Chili Corn Salsa (Medium), [Sour Cream, Cheese, Black Beans, Rice]]",$16.98 
3180,1271,1,Chicken Bowl,"[Roasted Chili Corn Salsa (Medium), Cheese]",$8.49 
1496,608,1,Chicken Soft Tacos,"[Roasted Chili Corn Salsa (Medium), Cheese]",$8.49 
3181,1271,1,Steak Burrito,"[Roasted Chili Corn Salsa (Medium), Lettuce]",$8.99 
175,78,1,Steak Soft Tacos,"[Roasted Chili Corn Salsa (Medium), Lettuce]",$8.99 
325,142,1,Steak Burrito,"[Roasted Chili Corn Salsa (Medium), Rice]",$8.99 
2509,996,1,Chicken Soft Tacos,"[Roasted Chili Corn Salsa, [Black Beans, Cheese, Guacamole, Lettuce]]",$11.25 
3440,1382,1,Chicken Bowl,"[Roasted Chili Corn Salsa, [Black Beans, Cheese, Guacamole]]",$11.25 
4205,1679,1,Chicken Salad Bowl,"[Roasted Chili Corn Salsa, [Black Beans, Cheese, Lettuce]]",$8.75 
1558,633,1,Steak Burrito,"[Roasted Chili Corn Salsa, [Black Beans, Cheese, Lettuce]]",$9.25 
1586,642,1,Steak Burrito,"[Roasted Chili Corn Salsa, [Black Beans, Cheese, Lettuce]]",$9.25 
1231,502,1,Steak Burrito,"[Roasted Chili Corn Salsa, [Black Beans, Cheese, Sour Cream, Guacamole, Lettuce]]",$11.75 
831,343,1,Veggie Bowl,"[Roasted Chili Corn Salsa, [Black Beans, Cheese, Sour Cream, Guacamole]]",$11.25 
3712,1483,1,Chicken Salad Bowl,"[Roasted Chili Corn Salsa, [Black Beans, Cheese, Sour Cream, Lettuce]]",$8.75 
3707,1483,1,Steak Bowl,"[Roasted Chili Corn Salsa, [Black Beans, Cheese, Sour Cream, Lettuce]]",$9.25 
3301,1323,1,Barbacoa Burrito,"[Roasted Chili Corn Salsa, [Black Beans, Cheese, Sour Cream]]",$9.25 
641,265,1,Chicken Soft Tacos,"[Roasted Chili Corn Salsa, [Black Beans, Cheese, Sour Cream]]",$8.75 
4366,1743,1,Steak Bowl,"[Roasted Chili Corn Salsa, [Black Beans, Cheese, Sour Cream]]",$9.25 
999,410,1,Chicken Soft Tacos,"[Roasted Chili Corn Salsa, [Black Beans, Lettuce]]",$8.75 
2868,1140,1,Steak Bowl,"[Roasted Chili Corn Salsa, [Black Beans, Pinto Beans, Cheese, Sour Cream]]",$9.25 
4553,1810,1,Chicken Bowl,"[Roasted Chili Corn Salsa, [Black Beans, Sour Cream, Cheese, Guacamole]]",$11.25 
526,220,1,Chicken Salad Bowl,"[Roasted Chili Corn Salsa, [Black Beans, Sour Cream, Cheese, Lettuce]]",$8.75 
2883,1145,1,Chicken Salad Bowl,"[Roasted Chili Corn Salsa, [Black Beans, Sour Cream, Cheese, Lettuce]]",$8.75 
2250,907,1,Steak Soft Tacos,"[Roasted Chili Corn Salsa, [Black Beans, Sour Cream, Lettuce]]",$9.25 
2118,853,1,Steak Burrito,"[Roasted Chili Corn Salsa, [Cheese, Black Beans, Lettuce]]",$9.25 
2714,1077,1,Steak Burrito,"[Roasted Chili Corn Salsa, [Cheese, Black Beans, Lettuce]]",$9.25 
2563,1015,1,Chicken Salad Bowl,"[Roasted Chili Corn Salsa, [Cheese, Guacamole, Lettuce]]",$11.25 
2295,922,1,Chicken Bowl,"[Roasted Chili Corn Salsa, [Cheese, Lettuce, Fajita Vegetables, Rice]]",$8.75 
2399,953,1,Barbacoa Bowl,"[Roasted Chili Corn Salsa, [Cheese, Lettuce]]",$9.25 
1587,642,1,Carnitas Soft Tacos,"[Roasted Chili Corn Salsa, [Cheese, Lettuce]]",$9.25 
1772,715,1,Carnitas Soft Tacos,"[Roasted Chili Corn Salsa, [Cheese, Lettuce]]",$9.25 
2715,1077,1,Carnitas Soft Tacos,"[Roasted Chili Corn Salsa, [Cheese, Lettuce]]",$9.25 
4599,1827,1,Chicken Bowl,"[Roasted Chili Corn Salsa, [Cheese, Lettuce]]",$8.75 
2728,1083,1,Chicken Salad Bowl,"[Roasted Chili Corn Salsa, [Cheese, Lettuce]]",$8.75 
36,18,1,Chicken Soft Tacos,"[Roasted Chili Corn Salsa, [Cheese, Lettuce]]",$8.75 
865,358,1,Carnitas Burrito,"[Roasted Chili Corn Salsa, [Cheese, Rice, Guacamole]]",$11.75 
2434,966,1,Barbacoa Soft Tacos,"[Roasted Chili Corn Salsa, [Cheese, Sour Cream, Guacamole]]",$11.75 
3078,1226,1,Chicken Crispy Tacos,"[Roasted Chili Corn Salsa, [Cheese, Sour Cream, Lettuce]]",$8.75 
918,379,1,Steak Crispy Tacos,"[Roasted Chili Corn Salsa, [Cheese, Sour Cream, Lettuce]]",$9.25 
3077,1226,1,Chicken Crispy Tacos,"[Roasted Chili Corn Salsa, [Cheese, Sour Cream]]",$8.75 
3701,1483,1,Steak Bowl,"[Roasted Chili Corn Salsa, [Fajita Vegetables, Black Beans, Cheese, Sour Cream, Guacamole, Lettuce]]",$11.75 
4271,1703,1,Barbacoa Soft Tacos,"[Roasted Chili Corn Salsa, [Fajita Vegetables, Black Beans, Cheese, Sour Cream, Lettuce]]",$9.25 
829,343,1,Barbacoa Crispy Tacos,"[Roasted Chili Corn Salsa, [Fajita Vegetables, Black Beans, Cheese]]",$9.25 
1708,691,1,Chicken Salad Bowl,"[Roasted Chili Corn Salsa, [Fajita Vegetables, Black Beans, Guacamole, Lettuce]]",$11.25 
1299,529,1,Chicken Bowl,"[Roasted Chili Corn Salsa, [Fajita Vegetables, Black Beans, Guacamole]]",$11.25 
2190,883,1,Chicken Bowl,"[Roasted Chili Corn Salsa, [Fajita Vegetables, Black Beans, Pinto Beans, Cheese, Lettuce]]",$8.75 
2384,948,1,Veggie Soft Tacos,"[Roasted Chili Corn Salsa, [Fajita Vegetables, Black Beans, Pinto Beans, Cheese, Lettuce]]",$8.75 
727,300,1,Steak Burrito,"[Roasted Chili Corn Salsa, [Fajita Vegetables, Black Beans, Sour Cream, Guacamole, Lettuce]]",$11.75 
1582,640,1,Steak Burrito,"[Roasted Chili Corn Salsa, [Fajita Vegetables, Black Beans, Sour Cream, Lettuce, Guacamole]]",$11.75 
1570,637,1,Chicken Bowl,"[Roasted Chili Corn Salsa, [Fajita Vegetables, Cheese, Lettuce]]",$8.75 
4419,1762,1,Steak Salad Bowl,"[Roasted Chili Corn Salsa, [Fajita Vegetables, Cheese, Lettuce]]",$9.39 
1363,557,1,Veggie Bowl,"[Roasted Chili Corn Salsa, [Fajita Vegetables, Cheese, Sour Cream, Guacamole, Lettuce]]",$11.25 
4297,1714,1,Steak Soft Tacos,"[Roasted Chili Corn Salsa, [Fajita Vegetables, Cheese, Sour Cream, Lettuce]]",$9.25 
3290,1320,1,Chicken Soft Tacos,"[Roasted Chili Corn Salsa, [Fajita Vegetables, Cheese]]",$8.75 
4547,1807,1,Steak Salad Bowl,"[Roasted Chili Corn Salsa, [Fajita Vegetables, Cheese]]",$9.39 
1554,631,1,Chicken Bowl,"[Roasted Chili Corn Salsa, [Fajita Vegetables, Lettuce, Black Beans]]",$8.75 
4161,1662,1,Chicken Burrito,"[Roasted Chili Corn Salsa, [Fajita Vegetables, Pinto Beans, Sour Cream, Cheese]]",$8.75 
877,362,1,Chicken Bowl,"[Roasted Chili Corn Salsa, [Fajita Vegetables, Pinto Beans, Sour Cream, Guacamole]]",$11.25 
2956,1176,1,Chicken Bowl,"[Roasted Chili Corn Salsa, [Fajita Vegetables, Rice, Black Beans, Cheese, Guacamole, Lettuce]]",$11.25 
4033,1614,1,Steak Burrito,"[Roasted Chili Corn Salsa, [Fajita Vegetables, Rice, Black Beans, Cheese, Guacamole, Lettuce]]",$11.75 
2795,1110,1,Veggie Bowl,"[Roasted Chili Corn Salsa, [Fajita Vegetables, Rice, Black Beans, Cheese, Guacamole, Lettuce]]",$11.25 
4294,1713,1,Chicken Bowl,"[Roasted Chili Corn Salsa, [Fajita Vegetables, Rice, Black Beans, Cheese, Guacamole]]",$11.25 
905,375,1,Steak Bowl,"[Roasted Chili Corn Salsa, [Fajita Vegetables, Rice, Black Beans, Cheese, Guacamole]]",$11.75 
794,326,1,Chicken Bowl,"[Roasted Chili Corn Salsa, [Fajita Vegetables, Rice, Black Beans, Cheese, Lettuce]]",$8.75 
2912,1157,1,Chicken Crispy Tacos,"[Roasted Chili Corn Salsa, [Fajita Vegetables, Rice, Black Beans, Cheese, Lettuce]]",$8.75 
2034,818,1,Veggie Bowl,"[Roasted Chili Corn Salsa, [Fajita Vegetables, Rice, Black Beans, Cheese, Lettuce]]",$8.75 
3412,1369,1,Veggie Bowl,"[Roasted Chili Corn Salsa, [Fajita Vegetables, Rice, Black Beans, Cheese, Lettuce]]",$8.75 
4315,1721,1,Veggie Bowl,"[Roasted Chili Corn Salsa, [Fajita Vegetables, Rice, Black Beans, Cheese, Lettuce]]",$8.75 
39,19,1,Barbacoa Bowl,"[Roasted Chili Corn Salsa, [Fajita Vegetables, Rice, Black Beans, Cheese, Sour Cream, Guacamole, Lettuce]]",$11.75 
58,27,1,Barbacoa Bowl,"[Roasted Chili Corn Salsa, [Fajita Vegetables, Rice, Black Beans, Cheese, Sour Cream, Guacamole, Lettuce]]",$11.75 
506,212,2,Carnitas Bowl,"[Roasted Chili Corn Salsa, [Fajita Vegetables, Rice, Black Beans, Cheese, Sour Cream, Guacamole, Lettuce]]",$23.50 
3480,1398,3,Carnitas Bowl,"[Roasted Chili Corn Salsa, [Fajita Vegetables, Rice, Black Beans, Cheese, Sour Cream, Guacamole, Lettuce]]",$35.25 
2610,1035,1,Carnitas Salad Bowl,"[Roasted Chili Corn Salsa, [Fajita Vegetables, Rice, Black Beans, Cheese, Sour Cream, Guacamole, Lettuce]]",$11.89 
209,93,1,Chicken Bowl,"[Roasted Chili Corn Salsa, [Fajita Vegetables, Rice, Black Beans, Cheese, Sour Cream, Guacamole, Lettuce]]",$11.25 
765,316,1,Chicken Bowl,"[Roasted Chili Corn Salsa, [Fajita Vegetables, Rice, Black Beans, Cheese, Sour Cream, Guacamole, Lettuce]]",$11.25 
3298,1323,1,Chicken Bowl,"[Roasted Chili Corn Salsa, [Fajita Vegetables, Rice, Black Beans, Cheese, Sour Cream, Guacamole, Lettuce]]",$11.25 
1595,646,1,Chicken Burrito,"[Roasted Chili Corn Salsa, [Fajita Vegetables, Rice, Black Beans, Cheese, Sour Cream, Guacamole, Lettuce]]",$11.25 
2721,1080,1,Chicken Burrito,"[Roasted Chili Corn Salsa, [Fajita Vegetables, Rice, Black Beans, Cheese, Sour Cream, Guacamole, Lettuce]]",$11.25 
3238,1296,1,Steak Bowl,"[Roasted Chili Corn Salsa, [Fajita Vegetables, Rice, Black Beans, Cheese, Sour Cream, Guacamole, Lettuce]]",$11.75 
3808,1526,1,Steak Bowl,"[Roasted Chili Corn Salsa, [Fajita Vegetables, Rice, Black Beans, Cheese, Sour Cream, Guacamole, Lettuce]]",$11.75 
1765,712,1,Steak Burrito,"[Roasted Chili Corn Salsa, [Fajita Vegetables, Rice, Black Beans, Cheese, Sour Cream, Guacamole, Lettuce]]",$11.75 
1311,534,1,Steak Salad Bowl,"[Roasted Chili Corn Salsa, [Fajita Vegetables, Rice, Black Beans, Cheese, Sour Cream, Guacamole, Lettuce]]",$11.89 
479,205,1,Veggie Burrito,"[Roasted Chili Corn Salsa, [Fajita Vegetables, Rice, Black Beans, Cheese, Sour Cream, Guacamole, Lettuce]]",$11.25 
3542,1424,1,Veggie Burrito,"[Roasted Chili Corn Salsa, [Fajita Vegetables, Rice, Black Beans, Cheese, Sour Cream, Guacamole, Lettuce]]",$11.25 
1310,534,1,Chicken Burrito,"[Roasted Chili Corn Salsa, [Fajita Vegetables, Rice, Black Beans, Cheese, Sour Cream, Guacamole]]",$11.25 
2644,1051,1,Steak Bowl,"[Roasted Chili Corn Salsa, [Fajita Vegetables, Rice, Black Beans, Cheese, Sour Cream, Guacamole]]",$11.75 
1127,466,1,Carnitas Burrito,"[Roasted Chili Corn Salsa, [Fajita Vegetables, Rice, Black Beans, Cheese, Sour Cream, Lettuce]]",$9.25 
2698,1071,1,Chicken Burrito,"[Roasted Chili Corn Salsa, [Fajita Vegetables, Rice, Black Beans, Cheese, Sour Cream, Lettuce]]",$8.75 
1482,602,1,Steak Bowl,"[Roasted Chili Corn Salsa, [Fajita Vegetables, Rice, Black Beans, Cheese, Sour Cream, Lettuce]]",$9.25 
3703,1483,1,Steak Bowl,"[Roasted Chili Corn Salsa, [Fajita Vegetables, Rice, Black Beans, Cheese, Sour Cream, Lettuce]]",$9.25 
4241,1693,1,Steak Salad Bowl,"[Roasted Chili Corn Salsa, [Fajita Vegetables, Rice, Black Beans, Cheese, Sour Cream, Lettuce]]",$9.39 
287,125,1,Veggie Bowl,"[Roasted Chili Corn Salsa, [Fajita Vegetables, Rice, Black Beans, Cheese, Sour Cream, Lettuce]]",$8.75 
2027,817,1,Carnitas Bowl,"[Roasted Chili Corn Salsa, [Fajita Vegetables, Rice, Black Beans, Cheese, Sour Cream]]",$9.25 
948,389,1,Chicken Bowl,"[Roasted Chili Corn Salsa, [Fajita Vegetables, Rice, Black Beans, Cheese, Sour Cream]]",$8.75 
3465,1393,1,Chicken Burrito,"[Roasted Chili Corn Salsa, [Fajita Vegetables, Rice, Black Beans, Cheese, Sour Cream]]",$8.75 
11,6,1,Chicken Crispy Tacos,"[Roasted Chili Corn Salsa, [Fajita Vegetables, Rice, Black Beans, Cheese, Sour Cream]]",$8.75 
2028,817,1,Veggie Bowl,"[Roasted Chili Corn Salsa, [Fajita Vegetables, Rice, Black Beans, Cheese, Sour Cream]]",$8.75 
4374,1746,1,Carnitas Bowl,"[Roasted Chili Corn Salsa, [Fajita Vegetables, Rice, Black Beans, Cheese]]",$9.25 
1183,486,1,Chicken Bowl,"[Roasted Chili Corn Salsa, [Fajita Vegetables, Rice, Black Beans, Cheese]]",$8.75 
726,300,1,Chicken Burrito,"[Roasted Chili Corn Salsa, [Fajita Vegetables, Rice, Black Beans, Cheese]]",$8.75 
1769,714,1,Steak Burrito,"[Roasted Chili Corn Salsa, [Fajita Vegetables, Rice, Black Beans, Cheese]]",$9.25 
4327,1727,1,Steak Burrito,"[Roasted Chili Corn Salsa, [Fajita Vegetables, Rice, Black Beans, Cheese]]",$9.25 
290,126,1,Chicken Bowl,"[Roasted Chili Corn Salsa, [Fajita Vegetables, Rice, Black Beans, Guacamole, Lettuce]]",$11.25 
3082,1228,1,Veggie Bowl,"[Roasted Chili Corn Salsa, [Fajita Vegetables, Rice, Black Beans, Guacamole, Lettuce]]",$11.25 
501,210,1,Chicken Bowl,"[Roasted Chili Corn Salsa, [Fajita Vegetables, Rice, Black Beans, Guacamole]]",$11.25 
3680,1474,1,Chicken Bowl,"[Roasted Chili Corn Salsa, [Fajita Vegetables, Rice, Black Beans, Guacamole]]",$11.25 
1712,691,1,Chicken Burrito,"[Roasted Chili Corn Salsa, [Fajita Vegetables, Rice, Black Beans, Guacamole]]",$11.25 
1352,552,1,Chicken Salad Bowl,"[Roasted Chili Corn Salsa, [Fajita Vegetables, Rice, Black Beans, Guacamole]]",$11.25 
4313,1720,1,Steak Salad Bowl,"[Roasted Chili Corn Salsa, [Fajita Vegetables, Rice, Black Beans, Guacamole]]",$11.89 
530,222,1,Veggie Bowl,"[Roasted Chili Corn Salsa, [Fajita Vegetables, Rice, Black Beans, Guacamole]]",$11.25 
555,231,1,Veggie Bowl,"[Roasted Chili Corn Salsa, [Fajita Vegetables, Rice, Black Beans, Guacamole]]",$11.25 
1297,529,1,Veggie Bowl,"[Roasted Chili Corn Salsa, [Fajita Vegetables, Rice, Black Beans, Guacamole]]",$11.25 
2187,882,1,Chicken Bowl,"[Roasted Chili Corn Salsa, [Fajita Vegetables, Rice, Black Beans, Lettuce]]",$8.75 
2683,1066,1,Veggie Salad Bowl,"[Roasted Chili Corn Salsa, [Fajita Vegetables, Rice, Black Beans, Lettuce]]",$8.75 
1523,621,1,Chicken Bowl,"[Roasted Chili Corn Salsa, [Fajita Vegetables, Rice, Black Beans, Pinto Beans, Cheese, Guacamole, Lettuce]]",$11.25 
3466,1393,1,Chicken Burrito,"[Roasted Chili Corn Salsa, [Fajita Vegetables, Rice, Black Beans, Pinto Beans, Cheese, Lettuce]]",$8.75 
211,93,1,Chicken Bowl,"[Roasted Chili Corn Salsa, [Fajita Vegetables, Rice, Black Beans, Pinto Beans, Cheese, Sour Cream, Guacamole, Lettuce]]",$11.25 
2369,943,1,Steak Burrito,"[Roasted Chili Corn Salsa, [Fajita Vegetables, Rice, Black Beans, Pinto Beans, Cheese, Sour Cream, Guacamole, Lettuce]]",$11.75 
2093,844,1,Chicken Burrito,"[Roasted Chili Corn Salsa, [Fajita Vegetables, Rice, Black Beans, Pinto Beans, Cheese, Sour Cream, Lettuce]]",$8.75 
2084,841,1,Veggie Burrito,"[Roasted Chili Corn Salsa, [Fajita Vegetables, Rice, Black Beans, Pinto Beans, Cheese, Sour Cream, Lettuce]]",$8.75 
2727,1082,1,Chicken Burrito,"[Roasted Chili Corn Salsa, [Fajita Vegetables, Rice, Black Beans, Pinto Beans, Guacamole, Lettuce]]",$11.25 
1738,701,1,Chicken Salad Bowl,"[Roasted Chili Corn Salsa, [Fajita Vegetables, Rice, Black Beans, Pinto Beans, Guacamole, Lettuce]]",$11.25 
2565,1016,1,Veggie Bowl,"[Roasted Chili Corn Salsa, [Fajita Vegetables, Rice, Black Beans, Pinto Beans, Sour Cream, Guacamole, Lettuce]]",$11.25 
4319,1723,1,Veggie Burrito,"[Roasted Chili Corn Salsa, [Fajita Vegetables, Rice, Black Beans, Sour Cream, Guacamole, Lettuce]]",$11.25 
742,306,1,Barbacoa Burrito,"[Roasted Chili Corn Salsa, [Fajita Vegetables, Rice, Black Beans, Sour Cream, Guacamole]]",$11.75 
3827,1534,1,Barbacoa Burrito,"[Roasted Chili Corn Salsa, [Fajita Vegetables, Rice, Black Beans, Sour Cream, Guacamole]]",$11.75 
4209,1679,1,Chicken Bowl,"[Roasted Chili Corn Salsa, [Fajita Vegetables, Rice, Black Beans, Sour Cream, Lettuce]]",$8.75 
3493,1403,1,Steak Salad Bowl,"[Roasted Chili Corn Salsa, [Fajita Vegetables, Rice, Cheese, Guacamole, Lettuce]]",$11.89 
4530,1801,1,Chicken Burrito,"[Roasted Chili Corn Salsa, [Fajita Vegetables, Rice, Cheese, Lettuce]]",$8.75 
1621,654,1,Chicken Salad Bowl,"[Roasted Chili Corn Salsa, [Fajita Vegetables, Rice, Cheese, Lettuce]]",$8.75 
1380,561,1,Chicken Soft Tacos,"[Roasted Chili Corn Salsa, [Fajita Vegetables, Rice, Cheese, Lettuce]]",$8.75 
679,281,1,Steak Bowl,"[Roasted Chili Corn Salsa, [Fajita Vegetables, Rice, Cheese, Lettuce]]",$9.25 
335,146,1,Steak Burrito,"[Roasted Chili Corn Salsa, [Fajita Vegetables, Rice, Cheese, Lettuce]]",$9.25 
576,236,1,Steak Burrito,"[Roasted Chili Corn Salsa, [Fajita Vegetables, Rice, Cheese, Lettuce]]",$9.25 
3391,1360,1,Barbacoa Burrito,"[Roasted Chili Corn Salsa, [Fajita Vegetables, Rice, Cheese, Sour Cream, Guacamole, Lettuce]]",$11.75 
915,379,1,Chicken Bowl,"[Roasted Chili Corn Salsa, [Fajita Vegetables, Rice, Cheese, Sour Cream, Guacamole, Lettuce]]",$11.25 
4364,1742,1,Steak Bowl,"[Roasted Chili Corn Salsa, [Fajita Vegetables, Rice, Cheese, Sour Cream, Guacamole, Lettuce]]",$11.75 
914,379,1,Steak Burrito,"[Roasted Chili Corn Salsa, [Fajita Vegetables, Rice, Cheese, Sour Cream, Guacamole, Lettuce]]",$11.75 
3390,1360,1,Steak Burrito,"[Roasted Chili Corn Salsa, [Fajita Vegetables, Rice, Cheese, Sour Cream, Guacamole, Lettuce]]",$11.75 
192,86,1,Veggie Bowl,"[Roasted Chili Corn Salsa, [Fajita Vegetables, Rice, Cheese, Sour Cream, Guacamole, Lettuce]]",$11.25 
4147,1659,1,Carnitas Soft Tacos,"[Roasted Chili Corn Salsa, [Fajita Vegetables, Rice, Cheese, Sour Cream, Guacamole]]",$11.75 
2400,953,1,Barbacoa Burrito,"[Roasted Chili Corn Salsa, [Fajita Vegetables, Rice, Cheese, Sour Cream, Lettuce]]",$9.25 
2305,926,1,Chicken Bowl,"[Roasted Chili Corn Salsa, [Fajita Vegetables, Rice, Cheese, Sour Cream, Lettuce]]",$8.75 
2307,926,1,Chicken Bowl,"[Roasted Chili Corn Salsa, [Fajita Vegetables, Rice, Cheese, Sour Cream, Lettuce]]",$8.75 
2318,926,1,Chicken Bowl,"[Roasted Chili Corn Salsa, [Fajita Vegetables, Rice, Cheese, Sour Cream, Lettuce]]",$8.75 
4096,1642,1,Chicken Bowl,"[Roasted Chili Corn Salsa, [Fajita Vegetables, Rice, Cheese, Sour Cream, Lettuce]]",$8.75 
4555,1811,1,Chicken Bowl,"[Roasted Chili Corn Salsa, [Fajita Vegetables, Rice, Cheese, Sour Cream, Lettuce]]",$8.75 
440,191,1,Chicken Soft Tacos,"[Roasted Chili Corn Salsa, [Fajita Vegetables, Rice, Cheese, Sour Cream, Lettuce]]",$8.75 
630,259,1,Chicken Soft Tacos,"[Roasted Chili Corn Salsa, [Fajita Vegetables, Rice, Cheese, Sour Cream, Lettuce]]",$8.75 
4118,1649,1,Chicken Soft Tacos,"[Roasted Chili Corn Salsa, [Fajita Vegetables, Rice, Cheese, Sour Cream, Lettuce]]",$8.75 
108,48,1,Steak Burrito,"[Roasted Chili Corn Salsa, [Fajita Vegetables, Rice, Cheese, Sour Cream, Lettuce]]",$9.25 
4562,1814,1,Carnitas Bowl,"[Roasted Chili Corn Salsa, [Fajita Vegetables, Rice, Cheese, Sour Cream]]",$9.25 
2306,926,1,Chicken Bowl,"[Roasted Chili Corn Salsa, [Fajita Vegetables, Rice, Cheese, Sour Cream]]",$8.75 
2863,1138,1,Chicken Salad Bowl,"[Roasted Chili Corn Salsa, [Fajita Vegetables, Rice, Guacamole, Lettuce]]",$11.25 
3025,1203,1,Barbacoa Bowl,"[Roasted Chili Corn Salsa, [Fajita Vegetables, Rice, Guacamole]]",$11.75 
285,125,1,Steak Bowl,"[Roasted Chili Corn Salsa, [Fajita Vegetables, Rice, Lettuce]]",$9.25 
1716,691,1,Chicken Bowl,"[Roasted Chili Corn Salsa, [Fajita Vegetables, Rice, Pinto Beans, Cheese, Guacamole, Lettuce]]",$11.25 
2955,1176,1,Chicken Bowl,"[Roasted Chili Corn Salsa, [Fajita Vegetables, Rice, Pinto Beans, Cheese, Lettuce]]",$8.75 
2557,1013,1,Carnitas Bowl,"[Roasted Chili Corn Salsa, [Fajita Vegetables, Rice, Pinto Beans, Cheese, Sour Cream, Guacamole, Lettuce]]",$11.75 
3749,1499,1,Carnitas Salad Bowl,"[Roasted Chili Corn Salsa, [Fajita Vegetables, Rice, Pinto Beans, Cheese, Sour Cream, Guacamole, Lettuce]]",$11.89 
2020,814,1,Chicken Bowl,"[Roasted Chili Corn Salsa, [Fajita Vegetables, Rice, Pinto Beans, Cheese, Sour Cream, Guacamole, Lettuce]]",$11.25 
3120,1244,1,Steak Salad Bowl,"[Roasted Chili Corn Salsa, [Fajita Vegetables, Rice, Pinto Beans, Cheese, Sour Cream, Guacamole, Lettuce]]",$11.89 
3345,1341,1,Barbacoa Burrito,"[Roasted Chili Corn Salsa, [Fajita Vegetables, Rice, Pinto Beans, Cheese, Sour Cream, Lettuce]]",$9.25 
1172,482,1,Chicken Bowl,"[Roasted Chili Corn Salsa, [Fajita Vegetables, Rice, Pinto Beans, Cheese, Sour Cream, Lettuce]]",$8.75 
2483,986,1,Chicken Bowl,"[Roasted Chili Corn Salsa, [Fajita Vegetables, Rice, Pinto Beans, Cheese, Sour Cream, Lettuce]]",$8.75 
2684,1066,1,Chicken Bowl,"[Roasted Chili Corn Salsa, [Fajita Vegetables, Rice, Pinto Beans, Cheese, Sour Cream, Lettuce]]",$8.75 
4060,1626,1,Chicken Bowl,"[Roasted Chili Corn Salsa, [Fajita Vegetables, Rice, Pinto Beans, Cheese, Sour Cream, Lettuce]]",$8.75 
793,326,1,Chicken Burrito,"[Roasted Chili Corn Salsa, [Fajita Vegetables, Rice, Pinto Beans, Cheese, Sour Cream, Lettuce]]",$8.75 
3774,1511,1,Chicken Burrito,"[Roasted Chili Corn Salsa, [Fajita Vegetables, Rice, Pinto Beans, Cheese, Sour Cream, Lettuce]]",$8.75 
1601,649,1,Chicken Salad Bowl,"[Roasted Chili Corn Salsa, [Fajita Vegetables, Rice, Pinto Beans, Cheese, Sour Cream, Lettuce]]",$8.75 
3091,1231,1,Steak Bowl,"[Roasted Chili Corn Salsa, [Fajita Vegetables, Rice, Pinto Beans, Cheese, Sour Cream, Lettuce]]",$9.25 
4418,1762,1,Steak Burrito,"[Roasted Chili Corn Salsa, [Fajita Vegetables, Rice, Pinto Beans, Cheese, Sour Cream]]",$9.25 
1424,577,1,Chicken Burrito,"[Roasted Chili Corn Salsa, [Fajita Vegetables, Rice, Pinto Beans, Guacamole, Lettuce]]",$11.25 
2217,893,1,Chicken Burrito,"[Roasted Chili Corn Salsa, [Fajita Vegetables, Rice, Sour Cream, Guacamole, Lettuce]]",$11.25 
2792,1109,1,Chicken Burrito,"[Roasted Chili Corn Salsa, [Fajita Vegetables, Rice, Sour Cream, Guacamole, Lettuce]]",$11.25 
3388,1360,1,Chicken Burrito,"[Roasted Chili Corn Salsa, [Fajita Vegetables, Rice, Sour Cream, Guacamole, Lettuce]]",$11.25 
4355,1739,1,Barbacoa Burrito,"[Roasted Chili Corn Salsa, [Fajita Vegetables, Rice, Sour Cream, Guacamole]]",$11.75 
1957,791,1,Chicken Burrito,"[Roasted Chili Corn Salsa, [Fajita Vegetables, Rice, Sour Cream, Guacamole]]",$11.25 
1442,585,1,Chicken Bowl,"[Roasted Chili Corn Salsa, [Fajita Vegetables, Rice, Sour Cream, Lettuce]]",$8.75 
3346,1341,1,Chicken Bowl,"[Roasted Chili Corn Salsa, [Fajita Vegetables, Rice]]",$8.75 
2420,961,1,Chicken Burrito,"[Roasted Chili Corn Salsa, [Fajita Vegetables, Rice]]",$8.75 
2745,1090,1,Chicken Burrito,"[Roasted Chili Corn Salsa, [Fajita Vegetables, Rice]]",$8.75 
1471,598,1,Chicken Salad Bowl,"[Roasted Chili Corn Salsa, [Fajita Vegetables, Rice]]",$8.75 
574,235,1,Barbacoa Burrito,"[Roasted Chili Corn Salsa, [Fajita Vegetables, Sour Cream, Cheese, Lettuce, Guacamole]]",$11.75 
3324,1331,1,Chicken Crispy Tacos,"[Roasted Chili Corn Salsa, [Fajita Vegetables, Sour Cream, Cheese, Lettuce, Guacamole]]",$11.25 
4346,1735,1,Chicken Crispy Tacos,"[Roasted Chili Corn Salsa, [Fajita Vegetables, Sour Cream, Cheese, Lettuce, Guacamole]]",$11.25 
3439,1381,1,Steak Crispy Tacos,"[Roasted Chili Corn Salsa, [Fajita Vegetables, Sour Cream, Cheese, Lettuce, Guacamole]]",$11.75 
3606,1444,1,Steak Crispy Tacos,"[Roasted Chili Corn Salsa, [Fajita Vegetables, Sour Cream, Cheese, Lettuce, Guacamole]]",$11.75 
3778,1512,1,Steak Crispy Tacos,"[Roasted Chili Corn Salsa, [Fajita Vegetables, Sour Cream, Cheese, Lettuce, Guacamole]]",$11.75 
4014,1607,1,Steak Crispy Tacos,"[Roasted Chili Corn Salsa, [Fajita Vegetables, Sour Cream, Cheese, Lettuce, Guacamole]]",$11.75 
4554,1810,1,Steak Crispy Tacos,"[Roasted Chili Corn Salsa, [Fajita Vegetables, Sour Cream, Cheese, Lettuce, Guacamole]]",$11.75 
572,235,1,Steak Burrito,"[Roasted Chili Corn Salsa, [Fajita Vegetables, Sour Cream, Lettuce, Guacamole]]",$11.75 
3692,1480,1,Chicken Burrito,"[Roasted Chili Corn Salsa, [Guacamole, Lettuce, Rice, Fajita Vegetables, Sour Cream]]",$11.25 
4521,1798,1,Chicken Burrito,"[Roasted Chili Corn Salsa, [Guacamole, Lettuce, Rice, Fajita Vegetables, Sour Cream]]",$11.25 
2486,987,1,Chicken Burrito,"[Roasted Chili Corn Salsa, [Guacamole, Sour Cream, Rice, Fajita Vegetables, Lettuce]]",$11.25 
1771,715,1,Steak Burrito,"[Roasted Chili Corn Salsa, [Lettuce, Black Beans, Cheese]]",$9.25 
2119,853,1,Carnitas Soft Tacos,"[Roasted Chili Corn Salsa, [Lettuce, Cheese]]",$9.25 
2551,1011,1,Carnitas Soft Tacos,"[Roasted Chili Corn Salsa, [Lettuce, Sour Cream, Cheese, Rice]]",$9.25 
3706,1483,1,Chicken Salad Bowl,"[Roasted Chili Corn Salsa, [Pinto Beans, Cheese, Sour Cream, Lettuce]]",$8.75 
4566,1816,1,Chicken Burrito,"[Roasted Chili Corn Salsa, [Pinto Beans, Cheese, Sour Cream]]",$8.75 
2892,1150,1,Steak Bowl,"[Roasted Chili Corn Salsa, [Pinto Beans, Rice, Cheese, Sour Cream, Guacamole]]",$11.75 
3872,1553,1,Steak Burrito,"[Roasted Chili Corn Salsa, [Pinto Beans, Rice, Guacamole, Sour Cream, Cheese]]",$11.75 
4594,1825,1,Barbacoa Bowl,"[Roasted Chili Corn Salsa, [Pinto Beans, Sour Cream, Cheese, Lettuce, Guacamole]]",$11.75 
334,146,1,Barbacoa Burrito,"[Roasted Chili Corn Salsa, [Rice, Black Beans, Cheese, Guacamole, Lettuce]]",$11.75 
3839,1538,1,Chicken Bowl,"[Roasted Chili Corn Salsa, [Rice, Black Beans, Cheese, Guacamole, Lettuce]]",$11.25 
4303,1716,1,Steak Bowl,"[Roasted Chili Corn Salsa, [Rice, Black Beans, Cheese, Guacamole, Lettuce]]",$11.75 
4449,1773,1,Steak Bowl,"[Roasted Chili Corn Salsa, [Rice, Black Beans, Cheese, Guacamole, Lettuce]]",$11.75 
1198,491,1,Chicken Bowl,"[Roasted Chili Corn Salsa, [Rice, Black Beans, Cheese, Guacamole]]",$11.25 
2460,976,1,Chicken Bowl,"[Roasted Chili Corn Salsa, [Rice, Black Beans, Cheese, Guacamole]]",$11.25 
2510,997,2,Chicken Bowl,"[Roasted Chili Corn Salsa, [Rice, Black Beans, Cheese, Guacamole]]",$22.50 
3459,1391,1,Chicken Bowl,"[Roasted Chili Corn Salsa, [Rice, Black Beans, Cheese, Guacamole]]",$11.25 
375,163,1,Barbacoa Burrito,"[Roasted Chili Corn Salsa, [Rice, Black Beans, Cheese, Lettuce, Guacamole]]",$11.75 
1401,570,1,Chicken Bowl,"[Roasted Chili Corn Salsa, [Rice, Black Beans, Cheese, Lettuce, Guacamole]]",$11.25 
4590,1825,1,Chicken Bowl,"[Roasted Chili Corn Salsa, [Rice, Black Beans, Cheese, Lettuce, Guacamole]]",$11.25 
400,174,1,Chicken Burrito,"[Roasted Chili Corn Salsa, [Rice, Black Beans, Cheese, Lettuce, Guacamole]]",$11.25 
787,324,1,Chicken Burrito,"[Roasted Chili Corn Salsa, [Rice, Black Beans, Cheese, Lettuce, Guacamole]]",$11.25 
1121,464,1,Chicken Burrito,"[Roasted Chili Corn Salsa, [Rice, Black Beans, Cheese, Lettuce, Guacamole]]",$11.25 
969,398,1,Chicken Soft Tacos,"[Roasted Chili Corn Salsa, [Rice, Black Beans, Cheese, Lettuce, Guacamole]]",$11.25 
1906,770,1,Chicken Bowl,"[Roasted Chili Corn Salsa, [Rice, Black Beans, Cheese, Lettuce]]",$8.75 
3463,1392,1,Chicken Burrito,"[Roasted Chili Corn Salsa, [Rice, Black Beans, Cheese, Lettuce]]",$8.75 
1924,778,1,Steak Bowl,"[Roasted Chili Corn Salsa, [Rice, Black Beans, Cheese, Lettuce]]",$9.25 
3083,1228,1,Steak Bowl,"[Roasted Chili Corn Salsa, [Rice, Black Beans, Cheese, Lettuce]]",$9.25 
3597,1442,1,Steak Soft Tacos,"[Roasted Chili Corn Salsa, [Rice, Black Beans, Cheese, Lettuce]]",$9.25 
3211,1284,1,Barbacoa Soft Tacos,"[Roasted Chili Corn Salsa, [Rice, Black Beans, Cheese, Sour Cream, Guacamole, Lettuce]]",$11.75 
42,20,1,Chicken Bowl,"[Roasted Chili Corn Salsa, [Rice, Black Beans, Cheese, Sour Cream, Guacamole, Lettuce]]",$11.25 
583,239,1,Chicken Bowl,"[Roasted Chili Corn Salsa, [Rice, Black Beans, Cheese, Sour Cream, Guacamole, Lettuce]]",$11.25 
3709,1483,1,Chicken Bowl,"[Roasted Chili Corn Salsa, [Rice, Black Beans, Cheese, Sour Cream, Guacamole, Lettuce]]",$11.25 
3801,1523,1,Chicken Bowl,"[Roasted Chili Corn Salsa, [Rice, Black Beans, Cheese, Sour Cream, Guacamole, Lettuce]]",$11.25 
1233,503,1,Chicken Burrito,"[Roasted Chili Corn Salsa, [Rice, Black Beans, Cheese, Sour Cream, Guacamole, Lettuce]]",$11.25 
899,372,1,Steak Bowl,"[Roasted Chili Corn Salsa, [Rice, Black Beans, Cheese, Sour Cream, Guacamole, Lettuce]]",$11.75 
3081,1228,1,Steak Bowl,"[Roasted Chili Corn Salsa, [Rice, Black Beans, Cheese, Sour Cream, Guacamole, Lettuce]]",$11.75 
3713,1483,1,Steak Bowl,"[Roasted Chili Corn Salsa, [Rice, Black Beans, Cheese, Sour Cream, Guacamole, Lettuce]]",$11.75 
3704,1483,1,Steak Burrito,"[Roasted Chili Corn Salsa, [Rice, Black Beans, Cheese, Sour Cream, Guacamole, Lettuce]]",$11.75 
210,93,1,Veggie Bowl,"[Roasted Chili Corn Salsa, [Rice, Black Beans, Cheese, Sour Cream, Guacamole, Lettuce]]",$11.25 
1875,759,1,Veggie Bowl,"[Roasted Chili Corn Salsa, [Rice, Black Beans, Cheese, Sour Cream, Guacamole, Lettuce]]",$11.25 
2280,916,1,Veggie Burrito,"[Roasted Chili Corn Salsa, [Rice, Black Beans, Cheese, Sour Cream, Guacamole, Lettuce]]",$11.25 
4134,1655,1,Veggie Burrito,"[Roasted Chili Corn Salsa, [Rice, Black Beans, Cheese, Sour Cream, Guacamole, Lettuce]]",$11.25 
4471,1782,1,Veggie Burrito,"[Roasted Chili Corn Salsa, [Rice, Black Beans, Cheese, Sour Cream, Guacamole, Lettuce]]",$11.25 
1205,491,1,Chicken Bowl,"[Roasted Chili Corn Salsa, [Rice, Black Beans, Cheese, Sour Cream, Guacamole]]",$11.25 
901,373,1,Veggie Bowl,"[Roasted Chili Corn Salsa, [Rice, Black Beans, Cheese, Sour Cream, Guacamole]]",$11.25 
2123,855,1,Veggie Bowl,"[Roasted Chili Corn Salsa, [Rice, Black Beans, Cheese, Sour Cream, Guacamole]]",$11.25 
2517,1000,1,Barbacoa Bowl,"[Roasted Chili Corn Salsa, [Rice, Black Beans, Cheese, Sour Cream, Lettuce]]",$9.25 
4135,1655,1,Barbacoa Bowl,"[Roasted Chili Corn Salsa, [Rice, Black Beans, Cheese, Sour Cream, Lettuce]]",$9.25 
2131,858,1,Barbacoa Burrito,"[Roasted Chili Corn Salsa, [Rice, Black Beans, Cheese, Sour Cream, Lettuce]]",$9.25 
2733,1085,1,Carnitas Bowl,"[Roasted Chili Corn Salsa, [Rice, Black Beans, Cheese, Sour Cream, Lettuce]]",$9.25 
722,298,1,Chicken Bowl,"[Roasted Chili Corn Salsa, [Rice, Black Beans, Cheese, Sour Cream, Lettuce]]",$8.75 
1298,529,1,Chicken Bowl,"[Roasted Chili Corn Salsa, [Rice, Black Beans, Cheese, Sour Cream, Lettuce]]",$8.75 
1780,720,1,Chicken Bowl,"[Roasted Chili Corn Salsa, [Rice, Black Beans, Cheese, Sour Cream, Lettuce]]",$8.75 
2035,818,1,Chicken Bowl,"[Roasted Chili Corn Salsa, [Rice, Black Beans, Cheese, Sour Cream, Lettuce]]",$8.75 
2266,912,1,Chicken Bowl,"[Roasted Chili Corn Salsa, [Rice, Black Beans, Cheese, Sour Cream, Lettuce]]",$8.75 
2407,954,1,Chicken Bowl,"[Roasted Chili Corn Salsa, [Rice, Black Beans, Cheese, Sour Cream, Lettuce]]",$8.75 
3700,1483,1,Chicken Bowl,"[Roasted Chili Corn Salsa, [Rice, Black Beans, Cheese, Sour Cream, Lettuce]]",$8.75 
3848,1542,1,Chicken Bowl,"[Roasted Chili Corn Salsa, [Rice, Black Beans, Cheese, Sour Cream, Lettuce]]",$8.75 
4011,1606,1,Chicken Bowl,"[Roasted Chili Corn Salsa, [Rice, Black Beans, Cheese, Sour Cream, Lettuce]]",$8.75 
4532,1802,1,Chicken Bowl,"[Roasted Chili Corn Salsa, [Rice, Black Beans, Cheese, Sour Cream, Lettuce]]",$8.75 
423,184,1,Chicken Burrito,"[Roasted Chili Corn Salsa, [Rice, Black Beans, Cheese, Sour Cream, Lettuce]]",$8.75 
2316,926,1,Chicken Burrito,"[Roasted Chili Corn Salsa, [Rice, Black Beans, Cheese, Sour Cream, Lettuce]]",$8.75 
4373,1746,1,Chicken Burrito,"[Roasted Chili Corn Salsa, [Rice, Black Beans, Cheese, Sour Cream, Lettuce]]",$8.75 
207,92,1,Steak Bowl,"[Roasted Chili Corn Salsa, [Rice, Black Beans, Cheese, Sour Cream, Lettuce]]",$9.25 
286,125,1,Steak Bowl,"[Roasted Chili Corn Salsa, [Rice, Black Beans, Cheese, Sour Cream, Lettuce]]",$9.25 
4094,1641,1,Steak Burrito,"[Roasted Chili Corn Salsa, [Rice, Black Beans, Cheese, Sour Cream, Lettuce]]",$9.25 
2326,926,1,Veggie Bowl,"[Roasted Chili Corn Salsa, [Rice, Black Beans, Cheese, Sour Cream, Lettuce]]",$8.75 
4002,1603,1,Barbacoa Burrito,"[Roasted Chili Corn Salsa, [Rice, Black Beans, Cheese, Sour Cream]]",$9.25 
4500,1789,1,Carnitas Bowl,"[Roasted Chili Corn Salsa, [Rice, Black Beans, Cheese, Sour Cream]]",$9.25 
220,97,1,Chicken Bowl,"[Roasted Chili Corn Salsa, [Rice, Black Beans, Cheese, Sour Cream]]",$8.75 
12,6,1,Chicken Soft Tacos,"[Roasted Chili Corn Salsa, [Rice, Black Beans, Cheese, Sour Cream]]",$8.75 
1623,655,1,Steak Bowl,"[Roasted Chili Corn Salsa, [Rice, Black Beans, Cheese, Sour Cream]]",$9.25 
1867,757,1,Steak Bowl,"[Roasted Chili Corn Salsa, [Rice, Black Beans, Cheese, Sour Cream]]",$9.25 
4003,1603,1,Steak Burrito,"[Roasted Chili Corn Salsa, [Rice, Black Beans, Cheese, Sour Cream]]",$9.25 
1411,574,1,Chicken Bowl,"[Roasted Chili Corn Salsa, [Rice, Black Beans, Cheese]]",$8.75 
1759,710,1,Chicken Bowl,"[Roasted Chili Corn Salsa, [Rice, Black Beans, Cheese]]",$8.75 
3343,1341,1,Chicken Bowl,"[Roasted Chili Corn Salsa, [Rice, Black Beans, Cheese]]",$8.75 
2261,911,1,Chicken Burrito,"[Roasted Chili Corn Salsa, [Rice, Black Beans, Cheese]]",$8.75 
4171,1665,1,Chicken Burrito,"[Roasted Chili Corn Salsa, [Rice, Black Beans, Cheese]]",$8.75 
4524,1799,1,Chicken Burrito,"[Roasted Chili Corn Salsa, [Rice, Black Beans, Cheese]]",$8.75 
3454,1389,1,Steak Burrito,"[Roasted Chili Corn Salsa, [Rice, Black Beans, Cheese]]",$9.25 
4058,1625,1,Chicken Bowl,"[Roasted Chili Corn Salsa, [Rice, Black Beans, Guacamole, Lettuce]]",$11.25 
2228,898,1,Chicken Bowl,"[Roasted Chili Corn Salsa, [Rice, Black Beans, Guacamole]]",$11.25 
4351,1737,1,Chicken Bowl,"[Roasted Chili Corn Salsa, [Rice, Black Beans, Guacamole]]",$11.25 
3961,1587,1,Chicken Burrito,"[Roasted Chili Corn Salsa, [Rice, Black Beans, Guacamole]]",$11.25 
4350,1737,1,Chicken Burrito,"[Roasted Chili Corn Salsa, [Rice, Black Beans, Guacamole]]",$11.25 
1039,428,1,Steak Bowl,"[Roasted Chili Corn Salsa, [Rice, Black Beans, Lettuce, Guacamole]]",$11.75 
1901,767,1,Steak Bowl,"[Roasted Chili Corn Salsa, [Rice, Black Beans, Lettuce, Guacamole]]",$11.75 
3344,1341,1,Chicken Burrito,"[Roasted Chili Corn Salsa, [Rice, Black Beans, Lettuce]]",$8.75 
1844,746,1,Chicken Crispy Tacos,"[Roasted Chili Corn Salsa, [Rice, Black Beans, Lettuce]]",$8.75 
2031,818,1,Chicken Salad Bowl,"[Roasted Chili Corn Salsa, [Rice, Black Beans, Lettuce]]",$8.75 
4168,1664,1,Carnitas Bowl,"[Roasted Chili Corn Salsa, [Rice, Black Beans, Pinto Beans, Cheese, Sour Cream, Lettuce]]",$9.25 
3098,1235,1,Steak Salad Bowl,"[Roasted Chili Corn Salsa, [Rice, Black Beans, Pinto Beans, Cheese, Sour Cream, Lettuce]]",$9.39 
2628,1044,1,Chicken Bowl,"[Roasted Chili Corn Salsa, [Rice, Black Beans, Sour Cream, Cheese, Guacamole]]",$11.25 
2811,1116,1,Chicken Bowl,"[Roasted Chili Corn Salsa, [Rice, Black Beans, Sour Cream, Cheese, Guacamole]]",$11.25 
3239,1297,1,Chicken Bowl,"[Roasted Chili Corn Salsa, [Rice, Black Beans, Sour Cream, Cheese, Guacamole]]",$11.25 
3323,1331,1,Chicken Bowl,"[Roasted Chili Corn Salsa, [Rice, Black Beans, Sour Cream, Cheese, Guacamole]]",$11.25 
3438,1381,1,Chicken Bowl,"[Roasted Chili Corn Salsa, [Rice, Black Beans, Sour Cream, Cheese, Guacamole]]",$11.25 
3777,1512,1,Chicken Bowl,"[Roasted Chili Corn Salsa, [Rice, Black Beans, Sour Cream, Cheese, Guacamole]]",$11.25 
4013,1607,1,Chicken Bowl,"[Roasted Chili Corn Salsa, [Rice, Black Beans, Sour Cream, Cheese, Guacamole]]",$11.25 
3249,1301,1,Chicken Bowl,"[Roasted Chili Corn Salsa, [Rice, Black Beans, Sour Cream, Cheese, Lettuce, Guacamole]]",$11.25 
1493,607,1,Chicken Burrito,"[Roasted Chili Corn Salsa, [Rice, Black Beans, Sour Cream, Cheese, Lettuce]]",$8.75 
3316,1329,1,Chicken Burrito,"[Roasted Chili Corn Salsa, [Rice, Black Beans, Sour Cream, Cheese, Lettuce]]",$8.75 
4020,1610,1,Chicken Burrito,"[Roasted Chili Corn Salsa, [Rice, Black Beans, Sour Cream, Cheese, Lettuce]]",$8.75 
1911,772,1,Steak Burrito,"[Roasted Chili Corn Salsa, [Rice, Black Beans, Sour Cream, Cheese, Lettuce]]",$9.25 
854,352,1,Barbacoa Burrito,"[Roasted Chili Corn Salsa, [Rice, Black Beans, Sour Cream, Cheese]]",$9.25 
4041,1617,1,Carnitas Burrito,"[Roasted Chili Corn Salsa, [Rice, Black Beans, Sour Cream, Cheese]]",$9.25 
1221,498,1,Chicken Bowl,"[Roasted Chili Corn Salsa, [Rice, Black Beans, Sour Cream, Guacamole]]",$11.25 
3467,1394,1,Chicken Bowl,"[Roasted Chili Corn Salsa, [Rice, Black Beans, Sour Cream, Guacamole]]",$11.25 
3652,1460,1,Chicken Bowl,"[Roasted Chili Corn Salsa, [Rice, Black Beans, Sour Cream, Guacamole]]",$11.25 
503,211,1,Steak Burrito,"[Roasted Chili Corn Salsa, [Rice, Black Beans, Sour Cream, Lettuce, Guacamole]]",$11.75 
3289,1320,1,Chicken Burrito,"[Roasted Chili Corn Salsa, [Rice, Black Beans, Sour Cream, Lettuce]]",$8.75 
512,215,1,Veggie Bowl,"[Roasted Chili Corn Salsa, [Rice, Black Beans, Sour Cream, Lettuce]]",$8.75 
1385,563,1,Chicken Bowl,"[Roasted Chili Corn Salsa, [Rice, Black Beans, Sour Cream]]",$8.75 
2317,926,1,Steak Bowl,"[Roasted Chili Corn Salsa, [Rice, Black Beans, Sour Cream]]",$9.25 
997,410,1,Chicken Burrito,"[Roasted Chili Corn Salsa, [Rice, Black Beans]]",$8.75 
1549,629,1,Chicken Burrito,"[Roasted Chili Corn Salsa, [Rice, Black Beans]]",$8.75 
2882,1145,1,Chicken Burrito,"[Roasted Chili Corn Salsa, [Rice, Black Beans]]",$8.75 
2122,855,1,Steak Burrito,"[Roasted Chili Corn Salsa, [Rice, Cheese, Guacamole, Lettuce]]",$11.75 
767,317,1,Carnitas Burrito,"[Roasted Chili Corn Salsa, [Rice, Cheese, Guacamole]]",$11.75 
768,317,1,Chicken Crispy Tacos,"[Roasted Chili Corn Salsa, [Rice, Cheese, Guacamole]]",$11.25 
866,358,1,Chicken Crispy Tacos,"[Roasted Chili Corn Salsa, [Rice, Cheese, Guacamole]]",$11.25 
683,282,1,Steak Burrito,"[Roasted Chili Corn Salsa, [Rice, Cheese, Guacamole]]",$11.75 
2787,1106,1,Barbacoa Crispy Tacos,"[Roasted Chili Corn Salsa, [Rice, Cheese, Lettuce, Guacamole]]",$11.75 
79,35,1,Chicken Soft Tacos,"[Roasted Chili Corn Salsa, [Rice, Cheese, Lettuce, Guacamole]]",$11.25 
474,203,1,Chicken Soft Tacos,"[Roasted Chili Corn Salsa, [Rice, Cheese, Lettuce, Guacamole]]",$11.25 
504,211,1,Chicken Soft Tacos,"[Roasted Chili Corn Salsa, [Rice, Cheese, Lettuce, Guacamole]]",$11.25 
883,365,1,Chicken Soft Tacos,"[Roasted Chili Corn Salsa, [Rice, Cheese, Lettuce, Guacamole]]",$11.25 
1476,600,1,Chicken Soft Tacos,"[Roasted Chili Corn Salsa, [Rice, Cheese, Lettuce, Guacamole]]",$11.25 
749,309,1,Steak Salad Bowl,"[Roasted Chili Corn Salsa, [Rice, Cheese, Lettuce, Guacamole]]",$11.89 
592,244,1,Barbacoa Bowl,"[Roasted Chili Corn Salsa, [Rice, Cheese, Lettuce]]",$9.25 
255,110,1,Barbacoa Crispy Tacos,"[Roasted Chili Corn Salsa, [Rice, Cheese, Lettuce]]",$9.25 
625,258,1,Chicken Bowl,"[Roasted Chili Corn Salsa, [Rice, Cheese, Lettuce]]",$8.75 
1156,478,1,Chicken Bowl,"[Roasted Chili Corn Salsa, [Rice, Cheese, Lettuce]]",$8.75 
4574,1819,1,Chicken Bowl,"[Roasted Chili Corn Salsa, [Rice, Cheese, Lettuce]]",$8.75 
1438,583,1,Chicken Soft Tacos,"[Roasted Chili Corn Salsa, [Rice, Cheese, Lettuce]]",$8.75 
2931,1166,1,Chicken Bowl,"[Roasted Chili Corn Salsa, [Rice, Cheese, Sour Cream, Guacamole, Lettuce]]",$11.25 
2941,1169,1,Steak Bowl,"[Roasted Chili Corn Salsa, [Rice, Cheese, Sour Cream, Guacamole, Lettuce]]",$11.75 
2720,1080,1,Steak Burrito,"[Roasted Chili Corn Salsa, [Rice, Cheese, Sour Cream, Guacamole, Lettuce]]",$11.75 
1334,545,1,Barbacoa Soft Tacos,"[Roasted Chili Corn Salsa, [Rice, Cheese, Sour Cream, Guacamole]]",$11.75 
1684,682,1,Chicken Bowl,"[Roasted Chili Corn Salsa, [Rice, Cheese, Sour Cream, Guacamole]]",$11.25 
3060,1219,1,Barbacoa Burrito,"[Roasted Chili Corn Salsa, [Rice, Cheese, Sour Cream, Lettuce]]",$9.25 
1789,724,1,Carnitas Soft Tacos,"[Roasted Chili Corn Salsa, [Rice, Cheese, Sour Cream, Lettuce]]",$9.25 
2298,923,1,Carnitas Soft Tacos,"[Roasted Chili Corn Salsa, [Rice, Cheese, Sour Cream, Lettuce]]",$9.25 
3341,1340,1,Carnitas Soft Tacos,"[Roasted Chili Corn Salsa, [Rice, Cheese, Sour Cream, Lettuce]]",$9.25 
920,380,1,Chicken Bowl,"[Roasted Chili Corn Salsa, [Rice, Cheese, Sour Cream, Lettuce]]",$8.75 
1851,750,1,Chicken Bowl,"[Roasted Chili Corn Salsa, [Rice, Cheese, Sour Cream, Lettuce]]",$8.75 
814,336,1,Chicken Burrito,"[Roasted Chili Corn Salsa, [Rice, Cheese, Sour Cream, Lettuce]]",$8.75 
2136,860,1,Chicken Burrito,"[Roasted Chili Corn Salsa, [Rice, Cheese, Sour Cream, Lettuce]]",$8.75 
4275,1705,1,Chicken Burrito,"[Roasted Chili Corn Salsa, [Rice, Cheese, Sour Cream, Lettuce]]",$8.75 
2272,914,1,Steak Bowl,"[Roasted Chili Corn Salsa, [Rice, Cheese, Sour Cream, Lettuce]]",$9.25 
2310,926,1,Steak Burrito,"[Roasted Chili Corn Salsa, [Rice, Cheese, Sour Cream, Lettuce]]",$9.25 
4181,1670,1,Steak Soft Tacos,"[Roasted Chili Corn Salsa, [Rice, Cheese, Sour Cream, Lettuce]]",$9.25 
2570,1018,1,Steak Bowl,"[Roasted Chili Corn Salsa, [Rice, Cheese, Sour Cream]]",$9.25 
2322,926,1,Chicken Bowl,"[Roasted Chili Corn Salsa, [Rice, Cheese]]",$8.75 
1267,515,1,Chicken Soft Tacos,"[Roasted Chili Corn Salsa, [Rice, Cheese]]",$8.75 
1696,687,1,Chicken Soft Tacos,"[Roasted Chili Corn Salsa, [Rice, Cheese]]",$8.75 
1960,792,1,Chicken Soft Tacos,"[Roasted Chili Corn Salsa, [Rice, Cheese]]",$8.75 
2249,907,1,Chicken Soft Tacos,"[Roasted Chili Corn Salsa, [Rice, Cheese]]",$8.75 
2764,1097,1,Chicken Soft Tacos,"[Roasted Chili Corn Salsa, [Rice, Cheese]]",$8.75 
3160,1261,1,Chicken Soft Tacos,"[Roasted Chili Corn Salsa, [Rice, Cheese]]",$8.75 
3243,1298,1,Chicken Soft Tacos,"[Roasted Chili Corn Salsa, [Rice, Cheese]]",$8.75 
3610,1446,1,Chicken Soft Tacos,"[Roasted Chili Corn Salsa, [Rice, Cheese]]",$8.75 
2595,1030,1,Steak Burrito,"[Roasted Chili Corn Salsa, [Rice, Cheese]]",$9.25 
367,159,1,Chicken Burrito,"[Roasted Chili Corn Salsa, [Rice, Fajita Vegetables, Black Beans, Cheese, Lettuce, Guacamole]]",$11.25 
3578,1435,1,Chicken Salad Bowl,"[Roasted Chili Corn Salsa, [Rice, Fajita Vegetables, Black Beans, Cheese, Lettuce, Guacamole]]",$11.25 
441,192,1,Chicken Burrito,"[Roasted Chili Corn Salsa, [Rice, Fajita Vegetables, Black Beans, Sour Cream, Cheese, Lettuce, Guacamole]]",$11.25 
465,199,1,Chicken Bowl,"[Roasted Chili Corn Salsa, [Rice, Fajita Vegetables, Black Beans, Sour Cream, Cheese, Lettuce]]",$8.75 
1519,619,1,Chicken Bowl,"[Roasted Chili Corn Salsa, [Rice, Fajita Vegetables, Black Beans, Sour Cream, Cheese, Lettuce]]",$8.75 
734,303,1,Chicken Burrito,"[Roasted Chili Corn Salsa, [Rice, Fajita Vegetables, Black Beans, Sour Cream, Cheese, Lettuce]]",$8.75 
4021,1610,1,Steak Bowl,"[Roasted Chili Corn Salsa, [Rice, Fajita Vegetables, Black Beans, Sour Cream, Cheese, Lettuce]]",$9.25 
1749,706,1,Veggie Bowl,"[Roasted Chili Corn Salsa, [Rice, Fajita Vegetables, Black Beans, Sour Cream, Cheese, Lettuce]]",$8.75 
145,65,1,Carnitas Bowl,"[Roasted Chili Corn Salsa, [Rice, Fajita Vegetables, Black Beans, Sour Cream, Cheese]]",$9.25 
940,387,1,Steak Burrito,"[Roasted Chili Corn Salsa, [Rice, Fajita Vegetables, Cheese, Lettuce, Guacamole]]",$11.75 
1575,638,1,Chicken Bowl,"[Roasted Chili Corn Salsa, [Rice, Fajita Vegetables, Cheese, Lettuce]]",$8.75 
4511,1794,1,Chicken Bowl,"[Roasted Chili Corn Salsa, [Rice, Fajita Vegetables, Cheese, Lettuce]]",$8.75 
4416,1761,1,Chicken Burrito,"[Roasted Chili Corn Salsa, [Rice, Fajita Vegetables, Cheese]]",$8.75 
2854,1134,1,Chicken Soft Tacos,"[Roasted Chili Corn Salsa, [Rice, Fajita Vegetables, Lettuce, Guacamole]]",$11.25 
3174,1269,1,Chicken Bowl,"[Roasted Chili Corn Salsa, [Rice, Fajita Vegetables, Lettuce, Pinto Beans, Black Beans, Guacamole, Cheese]]",$11.25 
573,235,1,Steak Burrito,"[Roasted Chili Corn Salsa, [Rice, Fajita Vegetables, Sour Cream, Cheese, Lettuce, Guacamole]]",$11.75 
939,387,1,Chicken Burrito,"[Roasted Chili Corn Salsa, [Rice, Fajita Vegetables, Sour Cream, Cheese, Lettuce]]",$8.75 
1682,681,1,Chicken Soft Tacos,"[Roasted Chili Corn Salsa, [Rice, Fajita Vegetables, Sour Cream, Cheese, Lettuce]]",$8.75 
4474,1783,1,Chicken Soft Tacos,"[Roasted Chili Corn Salsa, [Rice, Fajita Vegetables, Sour Cream, Cheese, Lettuce]]",$8.75 
860,355,1,Steak Burrito,"[Roasted Chili Corn Salsa, [Rice, Fajita Vegetables, Sour Cream, Cheese, Lettuce]]",$9.25 
941,387,1,Steak Burrito,"[Roasted Chili Corn Salsa, [Rice, Fajita Vegetables, Sour Cream, Lettuce, Guacamole]]",$11.75 
1444,586,1,Chicken Burrito,"[Roasted Chili Corn Salsa, [Rice, Fajita Vegetables]]",$8.75 
3681,1474,1,Chicken Salad Bowl,"[Roasted Chili Corn Salsa, [Rice, Guacamole]]",$11.25 
422,184,1,Chicken Bowl,"[Roasted Chili Corn Salsa, [Rice, Lettuce]]",$8.75 
130,57,1,Barbacoa Burrito,"[Roasted Chili Corn Salsa, [Rice, Pinto Beans, Cheese, Guacamole, Lettuce]]",$11.75 
3031,1206,1,Barbacoa Burrito,"[Roasted Chili Corn Salsa, [Rice, Pinto Beans, Cheese, Guacamole]]",$11.75 
602,248,1,Barbacoa Burrito,"[Roasted Chili Corn Salsa, [Rice, Pinto Beans, Cheese, Lettuce, Guacamole]]",$11.75 
3566,1431,1,Chicken Burrito,"[Roasted Chili Corn Salsa, [Rice, Pinto Beans, Cheese, Lettuce]]",$8.75 
1025,422,1,Steak Burrito,"[Roasted Chili Corn Salsa, [Rice, Pinto Beans, Cheese, Lettuce]]",$9.25 
1069,440,1,Steak Burrito,"[Roasted Chili Corn Salsa, [Rice, Pinto Beans, Cheese, Lettuce]]",$9.25 
1372,560,1,Steak Burrito,"[Roasted Chili Corn Salsa, [Rice, Pinto Beans, Cheese, Lettuce]]",$9.25 
1134,469,1,Chicken Bowl,"[Roasted Chili Corn Salsa, [Rice, Pinto Beans, Cheese, Sour Cream, Guacamole, Lettuce]]",$11.25 
2021,815,1,Chicken Bowl,"[Roasted Chili Corn Salsa, [Rice, Pinto Beans, Cheese, Sour Cream, Guacamole, Lettuce]]",$11.25 
1714,691,1,Chicken Burrito,"[Roasted Chili Corn Salsa, [Rice, Pinto Beans, Cheese, Sour Cream, Guacamole, Lettuce]]",$11.25 
1070,441,1,Steak Burrito,"[Roasted Chili Corn Salsa, [Rice, Pinto Beans, Cheese, Sour Cream, Guacamole, Lettuce]]",$11.75 
1129,467,1,Barbacoa Soft Tacos,"[Roasted Chili Corn Salsa, [Rice, Pinto Beans, Cheese, Sour Cream, Guacamole]]",$11.75 
3365,1350,1,Chicken Bowl,"[Roasted Chili Corn Salsa, [Rice, Pinto Beans, Cheese, Sour Cream, Guacamole]]",$11.25 
2110,849,1,Chicken Burrito,"[Roasted Chili Corn Salsa, [Rice, Pinto Beans, Cheese, Sour Cream, Guacamole]]",$11.25 
2208,890,1,Chicken Burrito,"[Roasted Chili Corn Salsa, [Rice, Pinto Beans, Cheese, Sour Cream, Guacamole]]",$11.25 
2209,890,1,Steak Bowl,"[Roasted Chili Corn Salsa, [Rice, Pinto Beans, Cheese, Sour Cream, Guacamole]]",$11.75 
2432,966,1,Steak Bowl,"[Roasted Chili Corn Salsa, [Rice, Pinto Beans, Cheese, Sour Cream, Guacamole]]",$11.75 
1102,455,1,Steak Burrito,"[Roasted Chili Corn Salsa, [Rice, Pinto Beans, Cheese, Sour Cream, Guacamole]]",$11.75 
1130,467,1,Steak Burrito,"[Roasted Chili Corn Salsa, [Rice, Pinto Beans, Cheese, Sour Cream, Guacamole]]",$11.75 
1333,545,1,Steak Burrito,"[Roasted Chili Corn Salsa, [Rice, Pinto Beans, Cheese, Sour Cream, Guacamole]]",$11.75 
3199,1280,1,Steak Burrito,"[Roasted Chili Corn Salsa, [Rice, Pinto Beans, Cheese, Sour Cream, Guacamole]]",$11.75 
3632,1453,1,Barbacoa Burrito,"[Roasted Chili Corn Salsa, [Rice, Pinto Beans, Cheese, Sour Cream, Lettuce]]",$9.25 
4136,1655,1,Carnitas Soft Tacos,"[Roasted Chili Corn Salsa, [Rice, Pinto Beans, Cheese, Sour Cream, Lettuce]]",$9.25 
2321,926,1,Chicken Bowl,"[Roasted Chili Corn Salsa, [Rice, Pinto Beans, Cheese, Sour Cream, Lettuce]]",$8.75 
2738,1087,1,Chicken Bowl,"[Roasted Chili Corn Salsa, [Rice, Pinto Beans, Cheese, Sour Cream, Lettuce]]",$8.75 
3277,1314,1,Chicken Bowl,"[Roasted Chili Corn Salsa, [Rice, Pinto Beans, Cheese, Sour Cream, Lettuce]]",$8.75 
3325,1332,1,Chicken Bowl,"[Roasted Chili Corn Salsa, [Rice, Pinto Beans, Cheese, Sour Cream, Lettuce]]",$8.75 
2722,1081,1,Chicken Burrito,"[Roasted Chili Corn Salsa, [Rice, Pinto Beans, Cheese, Sour Cream, Lettuce]]",$8.75 
3631,1453,1,Chicken Crispy Tacos,"[Roasted Chili Corn Salsa, [Rice, Pinto Beans, Cheese, Sour Cream, Lettuce]]",$8.75 
3117,1243,1,Chicken Salad Bowl,"[Roasted Chili Corn Salsa, [Rice, Pinto Beans, Cheese, Sour Cream, Lettuce]]",$8.75 
2467,979,1,Steak Burrito,"[Roasted Chili Corn Salsa, [Rice, Pinto Beans, Cheese, Sour Cream, Lettuce]]",$9.25 
575,236,1,Barbacoa Burrito,"[Roasted Chili Corn Salsa, [Rice, Pinto Beans, Cheese, Sour Cream]]",$9.25 
4296,1714,1,Chicken Burrito,"[Roasted Chili Corn Salsa, [Rice, Pinto Beans, Cheese, Sour Cream]]",$8.75 
2120,854,1,Steak Burrito,"[Roasted Chili Corn Salsa, [Rice, Pinto Beans, Cheese, Sour Cream]]",$9.25 
253,110,1,Veggie Bowl,"[Roasted Chili Corn Salsa, [Rice, Pinto Beans, Cheese, Sour Cream]]",$8.75 
3300,1323,1,Chicken Burrito,"[Roasted Chili Corn Salsa, [Rice, Pinto Beans, Cheese]]",$8.75 
1282,522,1,Steak Burrito,"[Roasted Chili Corn Salsa, [Rice, Pinto Beans, Cheese]]",$9.25 
4386,1750,1,Carnitas Burrito,"[Roasted Chili Corn Salsa, [Rice, Pinto Beans, Guacamole, Lettuce]]",$11.75 
546,227,1,Chicken Bowl,"[Roasted Chili Corn Salsa, [Rice, Pinto Beans, Lettuce, Guacamole]]",$11.25 
3623,1450,1,Chicken Salad Bowl,"[Roasted Chili Corn Salsa, [Rice, Pinto Beans, Lettuce]]",$8.75 
3605,1444,1,Chicken Bowl,"[Roasted Chili Corn Salsa, [Rice, Pinto Beans, Sour Cream, Cheese, Guacamole]]",$11.25 
4345,1735,1,Chicken Bowl,"[Roasted Chili Corn Salsa, [Rice, Pinto Beans, Sour Cream, Cheese, Guacamole]]",$11.25 
2752,1092,1,Chicken Burrito,"[Roasted Chili Corn Salsa, [Rice, Pinto Beans, Sour Cream, Cheese, Guacamole]]",$11.25 
2711,1076,1,Steak Bowl,"[Roasted Chili Corn Salsa, [Rice, Pinto Beans, Sour Cream, Cheese, Guacamole]]",$11.75 
2750,1092,1,Steak Bowl,"[Roasted Chili Corn Salsa, [Rice, Pinto Beans, Sour Cream, Cheese, Guacamole]]",$11.75 
2788,1107,1,Steak Bowl,"[Roasted Chili Corn Salsa, [Rice, Pinto Beans, Sour Cream, Cheese, Guacamole]]",$11.75 
2929,1165,1,Steak Bowl,"[Roasted Chili Corn Salsa, [Rice, Pinto Beans, Sour Cream, Cheese, Guacamole]]",$11.75 
3190,1276,1,Steak Bowl,"[Roasted Chili Corn Salsa, [Rice, Pinto Beans, Sour Cream, Cheese, Guacamole]]",$11.75 
1633,659,1,Steak Burrito,"[Roasted Chili Corn Salsa, [Rice, Pinto Beans, Sour Cream, Cheese, Guacamole]]",$11.75 
3553,1428,1,Steak Burrito,"[Roasted Chili Corn Salsa, [Rice, Pinto Beans, Sour Cream, Cheese, Guacamole]]",$11.75 
2694,1070,1,Steak Burrito,"[Roasted Chili Corn Salsa, [Rice, Pinto Beans, Sour Cream, Cheese, Lettuce]]",$9.25 
2946,1171,1,Steak Burrito,"[Roasted Chili Corn Salsa, [Rice, Pinto Beans, Sour Cream, Cheese, Lettuce]]",$9.25 
3796,1520,1,Steak Soft Tacos,"[Roasted Chili Corn Salsa, [Rice, Pinto Beans, Sour Cream, Cheese, Lettuce]]",$9.25 
853,352,1,Barbacoa Burrito,"[Roasted Chili Corn Salsa, [Rice, Pinto Beans, Sour Cream, Cheese]]",$9.25 
1200,491,1,Carnitas Bowl,"[Roasted Chili Corn Salsa, [Rice, Pinto Beans, Sour Cream]]",$9.25 
4144,1658,1,Steak Bowl,"[Roasted Chili Corn Salsa, [Rice, Pinto Beans]]",$9.25 
748,309,1,Chicken Burrito,"[Roasted Chili Corn Salsa, [Rice, Sour Cream, Cheese, Guacamole]]",$11.25 
990,407,1,Chicken Burrito,"[Roasted Chili Corn Salsa, [Rice, Sour Cream, Cheese, Guacamole]]",$11.25 
3192,1276,1,Chicken Crispy Tacos,"[Roasted Chili Corn Salsa, [Rice, Sour Cream, Cheese, Guacamole]]",$11.25 
991,407,1,Steak Burrito,"[Roasted Chili Corn Salsa, [Rice, Sour Cream, Cheese, Guacamole]]",$11.75 
4593,1825,1,Carnitas Bowl,"[Roasted Chili Corn Salsa, [Rice, Sour Cream, Cheese, Lettuce, Guacamole]]",$11.75 
2314,926,1,Chicken Salad Bowl,"[Roasted Chili Corn Salsa, [Rice, Sour Cream]]",$8.75 
3240,1297,1,Chicken Crispy Tacos,"[Roasted Chili Corn Salsa, [Sour Cream, Cheese, Lettuce, Guacamole]]",$11.25 
2812,1116,1,Steak Crispy Tacos,"[Roasted Chili Corn Salsa, [Sour Cream, Cheese, Lettuce, Guacamole]]",$11.75 
93,41,1,Carnitas Burrito,"[Roasted Chili Corn Salsa, [Sour Cream, Guacamole]]",$11.75 
2897,1152,1,Chicken Salad Bowl,"[Roasted Chili Corn Salsa, Cheese]",$8.75 
3488,1402,1,Chicken Burrito,"[Roasted Chili Corn Salsa, Fajita Vegetables]",$8.75 
843,346,1,Veggie Bowl,"[Roasted Chili Corn Salsa, Fajita Vegetables]",$8.75 
2223,896,1,Veggie Salad Bowl,"[Roasted Chili Corn Salsa, Fajita Vegetables]",$8.75 
35,18,1,Chicken Soft Tacos,"[Roasted Chili Corn Salsa, Rice]",$8.75 
1419,576,1,Barbacoa Bowl,[Roasted Chili Corn Salsa],$9.25 
1420,576,1,Barbacoa Bowl,[Roasted Chili Corn Salsa],$9.25 
561,232,1,Barbacoa Burrito,[Roasted Chili Corn Salsa],$9.25 
1418,576,1,Barbacoa Salad Bowl,[Roasted Chili Corn Salsa],$9.39 
1421,576,1,Barbacoa Salad Bowl,[Roasted Chili Corn Salsa],$9.39 
554,230,1,Carnitas Crispy Tacos,[Roasted Chili Corn Salsa],$9.25 
590,242,1,Carnitas Soft Tacos,[Roasted Chili Corn Salsa],$9.25 
1186,487,1,Carnitas Soft Tacos,[Roasted Chili Corn Salsa],$9.25 
2171,876,1,Chicken Burrito,[Roasted Chili Corn Salsa],$8.75 
741,305,1,Steak Burrito,[Roasted Chili Corn Salsa],$9.25 
298,129,1,6 Pack Soft Drink,[Sprite],$6.49 
1026,422,1,6 Pack Soft Drink,[Sprite],$6.49 
1279,520,1,6 Pack Soft Drink,[Sprite],$6.49 
2374,945,1,6 Pack Soft Drink,[Sprite],$6.49 
3806,1525,1,6 Pack Soft Drink,[Sprite],$6.49 
18,9,2,Canned Soda,[Sprite],$2.18 
53,24,1,Canned Soda,[Sprite],$1.09 
646,267,1,Canned Soda,[Sprite],$1.09 
958,393,1,Canned Soda,[Sprite],$1.09 
1290,525,1,Canned Soda,[Sprite],$1.09 
1431,579,1,Canned Soda,[Sprite],$1.09 
1457,591,1,Canned Soda,[Sprite],$1.09 
1805,730,1,Canned Soda,[Sprite],$1.09 
2235,901,4,Canned Soda,[Sprite],$4.36 
2768,1098,1,Canned Soda,[Sprite],$1.09 
2774,1101,1,Canned Soda,[Sprite],$1.09 
2906,1156,2,Canned Soda,[Sprite],$2.18 
2961,1177,1,Canned Soda,[Sprite],$1.09 
3254,1303,1,Canned Soda,[Sprite],$1.09 
3434,1379,1,Canned Soda,[Sprite],$1.09 
3740,1494,1,Canned Soda,[Sprite],$1.09 
4051,1621,1,Canned Soda,[Sprite],$1.09 
292,127,1,Canned Soft Drink,[Sprite],$1.25 
347,149,1,Canned Soft Drink,[Sprite],$1.25 
401,174,1,Canned Soft Drink,[Sprite],$1.25 
735,304,1,Canned Soft Drink,[Sprite],$1.25 
766,316,1,Canned Soft Drink,[Sprite],$1.25 
777,320,1,Canned Soft Drink,[Sprite],$1.25 
850,350,3,Canned Soft Drink,[Sprite],$3.75 
873,360,1,Canned Soft Drink,[Sprite],$1.25 
1048,431,1,Canned Soft Drink,[Sprite],$1.25 
1495,607,1,Canned Soft Drink,[Sprite],$1.25 
1540,626,1,Canned Soft Drink,[Sprite],$1.25 
1578,638,1,Canned Soft Drink,[Sprite],$1.25 
1666,674,1,Canned Soft Drink,[Sprite],$1.25 
1745,704,1,Canned Soft Drink,[Sprite],$1.25 
1871,758,1,Canned Soft Drink,[Sprite],$1.25 
2005,808,1,Canned Soft Drink,[Sprite],$1.25 
2056,829,1,Canned Soft Drink,[Sprite],$1.25 
2164,873,1,Canned Soft Drink,[Sprite],$1.25 
2202,888,1,Canned Soft Drink,[Sprite],$1.25 
2290,919,1,Canned Soft Drink,[Sprite],$1.25 
2297,922,1,Canned Soft Drink,[Sprite],$1.25 
2356,938,1,Canned Soft Drink,[Sprite],$1.25 
2513,999,2,Canned Soft Drink,[Sprite],$2.50 
2542,1008,1,Canned Soft Drink,[Sprite],$1.25 
2680,1064,1,Canned Soft Drink,[Sprite],$1.25 
2866,1139,1,Canned Soft Drink,[Sprite],$1.25 
2995,1191,2,Canned Soft Drink,[Sprite],$2.50 
3026,1203,1,Canned Soft Drink,[Sprite],$1.25 
3258,1304,1,Canned Soft Drink,[Sprite],$1.25 
3264,1306,1,Canned Soft Drink,[Sprite],$1.25 
3304,1324,1,Canned Soft Drink,[Sprite],$1.25 
3312,1327,1,Canned Soft Drink,[Sprite],$1.25 
3330,1333,1,Canned Soft Drink,[Sprite],$1.25 
3349,1342,1,Canned Soft Drink,[Sprite],$1.25 
3483,1399,1,Canned Soft Drink,[Sprite],$1.25 
3559,1430,1,Canned Soft Drink,[Sprite],$1.25 
3642,1456,1,Canned Soft Drink,[Sprite],$1.25 
3744,1497,1,Canned Soft Drink,[Sprite],$1.25 
3748,1499,1,Canned Soft Drink,[Sprite],$1.25 
4128,1653,1,Canned Soft Drink,[Sprite],$1.25 
4159,1662,1,Canned Soft Drink,[Sprite],$1.25 
4165,1663,1,Canned Soft Drink,[Sprite],$1.25 
4184,1670,1,Canned Soft Drink,[Sprite],$1.25 
4285,1709,1,Canned Soft Drink,[Sprite],$1.25 
4341,1733,1,Canned Soft Drink,[Sprite],$1.25 
4377,1746,1,Canned Soft Drink,[Sprite],$1.25 
4397,1754,1,Canned Soft Drink,[Sprite],$1.25 
4491,1786,4,Canned Soft Drink,[Sprite],$5.00 
4496,1788,1,Canned Soft Drink,[Sprite],$1.25 
4501,1790,1,Canned Soft Drink,[Sprite],$1.25 
4516,1795,1,Canned Soft Drink,[Sprite],$1.25 
4526,1799,1,Canned Soft Drink,[Sprite],$1.25 
4552,1809,1,Canned Soft Drink,[Sprite],$1.25 
4565,1815,1,Canned Soft Drink,[Sprite],$1.25 
4609,1829,1,Canned Soft Drink,[Sprite],$1.25 
3987,1598,1,Chicken Burrito,"[Tomatillo Green Chili (Medium), [Lettuce, Black Beans, Rice, Sour Cream, Cheese]]",$8.19 
3334,1336,3,Steak Bowl,"[Tomatillo Green Chili (Medium), [Rice, Black Beans, Sour Cream, Cheese]]",$26.07 
2924,1163,1,Chicken Burrito,"[Tomatillo Green Chili Salsa, [Black Beans, Cheese, Guacamole, Lettuce]]",$11.25 
4239,1692,1,Carnitas Salad Bowl,"[Tomatillo Green Chili Salsa, [Black Beans, Cheese, Guacamole]]",$11.89 
633,261,2,Chicken Salad Bowl,"[Tomatillo Green Chili Salsa, [Black Beans, Cheese, Guacamole]]",$22.50 
816,337,2,Chicken Salad Bowl,"[Tomatillo Green Chili Salsa, [Black Beans, Cheese, Guacamole]]",$22.50 
1923,777,2,Chicken Salad Bowl,"[Tomatillo Green Chili Salsa, [Black Beans, Cheese, Guacamole]]",$22.50 
2419,960,2,Chicken Salad Bowl,"[Tomatillo Green Chili Salsa, [Black Beans, Cheese, Guacamole]]",$22.50 
3507,1409,2,Chicken Salad Bowl,"[Tomatillo Green Chili Salsa, [Black Beans, Cheese, Guacamole]]",$22.50 
365,158,1,Chicken Crispy Tacos,"[Tomatillo Green Chili Salsa, [Black Beans, Cheese, Sour Cream, Guacamole, Lettuce]]",$11.25 
4238,1692,1,Chicken Salad Bowl,"[Tomatillo Green Chili Salsa, [Black Beans, Sour Cream, Cheese, Guacamole]]",$11.25 
591,243,2,Chicken Salad Bowl,"[Tomatillo Green Chili Salsa, [Black Beans, Sour Cream, Cheese, Lettuce, Guacamole]]",$22.50 
3521,1416,1,Chicken Burrito,"[Tomatillo Green Chili Salsa, [Cheese, Lettuce, Pinto Beans, Rice]]",$8.75 
3401,1365,1,Chicken Burrito,"[Tomatillo Green Chili Salsa, [Cheese, Lettuce, Rice, Pinto Beans]]",$8.75 
3694,1480,1,Steak Crispy Tacos,"[Tomatillo Green Chili Salsa, [Cheese, Sour Cream, Guacamole]]",$11.75 
4523,1798,1,Steak Crispy Tacos,"[Tomatillo Green Chili Salsa, [Cheese, Sour Cream, Guacamole]]",$11.75 
3067,1221,1,Carnitas Soft Tacos,"[Tomatillo Green Chili Salsa, [Cheese, Sour Cream, Lettuce]]",$9.25 
1353,552,1,Steak Soft Tacos,"[Tomatillo Green Chili Salsa, [Fajita Vegetables, Black Beans, Cheese, Guacamole, Lettuce]]",$11.75 
3997,1601,1,Chicken Salad Bowl,"[Tomatillo Green Chili Salsa, [Fajita Vegetables, Black Beans, Cheese, Lettuce]]",$8.75 
528,221,1,Chicken Salad Bowl,"[Tomatillo Green Chili Salsa, [Fajita Vegetables, Black Beans, Pinto Beans, Lettuce]]",$8.75 
569,234,1,Chicken Burrito,"[Tomatillo Green Chili Salsa, [Fajita Vegetables, Black Beans, Sour Cream, Cheese]]",$8.75 
4378,1747,1,Chicken Bowl,"[Tomatillo Green Chili Salsa, [Fajita Vegetables, Black Beans, Sour Cream, Lettuce]]",$8.75 
581,238,1,Steak Crispy Tacos,"[Tomatillo Green Chili Salsa, [Fajita Vegetables, Cheese, Lettuce]]",$9.25 
2059,830,1,Steak Burrito,"[Tomatillo Green Chili Salsa, [Fajita Vegetables, Cheese, Sour Cream, Guacamole, Lettuce, Rice]]",$11.75 
4222,1685,1,Chicken Burrito,"[Tomatillo Green Chili Salsa, [Fajita Vegetables, Cheese, Sour Cream, Lettuce]]",$8.75 
3656,1461,1,Chicken Salad Bowl,"[Tomatillo Green Chili Salsa, [Fajita Vegetables, Lettuce]]",$8.75 
237,103,1,Carnitas Soft Tacos,"[Tomatillo Green Chili Salsa, [Fajita Vegetables, Pinto Beans, Cheese]]",$9.25 
543,226,1,Barbacoa Burrito,"[Tomatillo Green Chili Salsa, [Fajita Vegetables, Pinto Beans, Sour Cream, Cheese, Lettuce]]",$9.25 
4044,1618,1,Carnitas Bowl,"[Tomatillo Green Chili Salsa, [Fajita Vegetables, Pinto Beans, Sour Cream, Cheese, Lettuce]]",$9.25 
2073,836,1,Barbacoa Bowl,"[Tomatillo Green Chili Salsa, [Fajita Vegetables, Pinto Beans, Sour Cream, Guacamole, Lettuce]]",$11.75 
215,95,1,Steak Bowl,"[Tomatillo Green Chili Salsa, [Fajita Vegetables, Rice, Black Beans, Cheese, Guacamole, Lettuce]]",$11.75 
2072,836,1,Steak Bowl,"[Tomatillo Green Chili Salsa, [Fajita Vegetables, Rice, Black Beans, Cheese, Guacamole]]",$11.75 
3561,1430,1,Chicken Bowl,"[Tomatillo Green Chili Salsa, [Fajita Vegetables, Rice, Black Beans, Cheese, Lettuce]]",$8.75 
4221,1685,1,Chicken Bowl,"[Tomatillo Green Chili Salsa, [Fajita Vegetables, Rice, Black Beans, Cheese, Lettuce]]",$8.75 
4295,1713,1,Steak Bowl,"[Tomatillo Green Chili Salsa, [Fajita Vegetables, Rice, Black Beans, Cheese, Lettuce]]",$9.25 
2377,946,1,Steak Burrito,"[Tomatillo Green Chili Salsa, [Fajita Vegetables, Rice, Black Beans, Cheese, Lettuce]]",$9.25 
2647,1051,1,Carnitas Bowl,"[Tomatillo Green Chili Salsa, [Fajita Vegetables, Rice, Black Beans, Cheese, Sour Cream, Guacamole, Lettuce]]",$11.75 
719,297,1,Chicken Bowl,"[Tomatillo Green Chili Salsa, [Fajita Vegetables, Rice, Black Beans, Cheese, Sour Cream, Guacamole, Lettuce]]",$11.25 
4556,1811,1,Chicken Burrito,"[Tomatillo Green Chili Salsa, [Fajita Vegetables, Rice, Black Beans, Cheese, Sour Cream, Guacamole, Lettuce]]",$11.25 
980,402,1,Chicken Bowl,"[Tomatillo Green Chili Salsa, [Fajita Vegetables, Rice, Black Beans, Cheese, Sour Cream, Lettuce]]",$8.75 
564,233,1,Chicken Burrito,"[Tomatillo Green Chili Salsa, [Fajita Vegetables, Rice, Black Beans, Cheese, Sour Cream, Lettuce]]",$8.75 
1349,551,1,Veggie Burrito,"[Tomatillo Green Chili Salsa, [Fajita Vegetables, Rice, Black Beans, Cheese, Sour Cream, Lettuce]]",$8.75 
4541,1805,1,Veggie Salad Bowl,"[Tomatillo Green Chili Salsa, [Fajita Vegetables, Rice, Black Beans, Cheese, Sour Cream, Lettuce]]",$8.75 
4141,1657,1,Carnitas Burrito,"[Tomatillo Green Chili Salsa, [Fajita Vegetables, Rice, Black Beans, Guacamole, Lettuce]]",$11.75 
1700,688,1,Chicken Burrito,"[Tomatillo Green Chili Salsa, [Fajita Vegetables, Rice, Black Beans, Pinto Beans, Cheese, Sour Cream, Guacamole, Lettuce]]",$11.25 
1667,674,1,Chicken Burrito,"[Tomatillo Green Chili Salsa, [Fajita Vegetables, Rice, Black Beans, Pinto Beans, Cheese]]",$8.75 
4046,1619,1,Barbacoa Bowl,"[Tomatillo Green Chili Salsa, [Fajita Vegetables, Rice, Black Beans, Pinto Beans, Guacamole]]",$11.75 
1604,649,1,Chicken Bowl,"[Tomatillo Green Chili Salsa, [Fajita Vegetables, Rice, Black Beans]]",$8.75 
2114,851,1,Chicken Bowl,"[Tomatillo Green Chili Salsa, [Fajita Vegetables, Rice, Cheese, Guacamole, Lettuce]]",$11.25 
3095,1234,1,Veggie Bowl,"[Tomatillo Green Chili Salsa, [Fajita Vegetables, Rice, Cheese, Guacamole, Lettuce]]",$11.25 
1982,801,1,Veggie Burrito,"[Tomatillo Green Chili Salsa, [Fajita Vegetables, Rice, Cheese, Guacamole, Lettuce]]",$11.25 
1078,445,1,Chicken Bowl,"[Tomatillo Green Chili Salsa, [Fajita Vegetables, Rice, Cheese, Lettuce]]",$8.75 
1753,708,2,Steak Burrito,"[Tomatillo Green Chili Salsa, [Fajita Vegetables, Rice, Cheese, Sour Cream, Guacamole, Lettuce]]",$23.50 
1936,784,1,Steak Burrito,"[Tomatillo Green Chili Salsa, [Fajita Vegetables, Rice, Cheese, Sour Cream, Guacamole, Lettuce]]",$11.75 
2216,893,1,Steak Burrito,"[Tomatillo Green Chili Salsa, [Fajita Vegetables, Rice, Cheese, Sour Cream, Guacamole, Lettuce]]",$11.75 
1542,627,1,Steak Soft Tacos,"[Tomatillo Green Chili Salsa, [Fajita Vegetables, Rice, Cheese, Sour Cream, Guacamole]]",$11.75 
4390,1751,1,Barbacoa Salad Bowl,"[Tomatillo Green Chili Salsa, [Fajita Vegetables, Rice, Cheese, Sour Cream, Lettuce]]",$9.39 
355,154,1,Chicken Burrito,"[Tomatillo Green Chili Salsa, [Fajita Vegetables, Rice, Cheese, Sour Cream, Lettuce]]",$8.75 
529,221,1,Chicken Salad Bowl,"[Tomatillo Green Chili Salsa, [Fajita Vegetables, Rice, Cheese, Sour Cream, Lettuce]]",$8.75 
420,183,1,Steak Burrito,"[Tomatillo Green Chili Salsa, [Fajita Vegetables, Rice, Cheese, Sour Cream, Lettuce]]",$9.25 
439,191,1,Steak Burrito,"[Tomatillo Green Chili Salsa, [Fajita Vegetables, Rice, Cheese, Sour Cream, Lettuce]]",$9.25 
629,259,1,Steak Burrito,"[Tomatillo Green Chili Salsa, [Fajita Vegetables, Rice, Cheese, Sour Cream, Lettuce]]",$9.25 
2474,982,1,Steak Burrito,"[Tomatillo Green Chili Salsa, [Fajita Vegetables, Rice, Cheese, Sour Cream, Lettuce]]",$9.25 
4117,1649,1,Steak Burrito,"[Tomatillo Green Chili Salsa, [Fajita Vegetables, Rice, Cheese, Sour Cream, Lettuce]]",$9.25 
4317,1722,1,Steak Burrito,"[Tomatillo Green Chili Salsa, [Fajita Vegetables, Rice, Cheese, Sour Cream, Lettuce]]",$9.25 
1197,491,1,Carnitas Burrito,"[Tomatillo Green Chili Salsa, [Fajita Vegetables, Rice, Cheese, Sour Cream]]",$9.25 
499,209,1,Steak Bowl,"[Tomatillo Green Chili Salsa, [Fajita Vegetables, Rice, Lettuce]]",$9.25 
4540,1805,1,Chicken Bowl,"[Tomatillo Green Chili Salsa, [Fajita Vegetables, Rice, Pinto Beans, Cheese, Guacamole, Lettuce]]",$11.25 
2365,941,1,Chicken Bowl,"[Tomatillo Green Chili Salsa, [Fajita Vegetables, Rice, Pinto Beans, Cheese, Sour Cream, Lettuce]]",$8.75 
1330,543,1,Steak Bowl,"[Tomatillo Green Chili Salsa, [Fajita Vegetables, Rice, Pinto Beans, Cheese, Sour Cream]]",$9.25 
4498,1789,1,Chicken Bowl,"[Tomatillo Green Chili Salsa, [Fajita Vegetables, Rice, Sour Cream, Guacamole]]",$11.25 
3773,1511,1,Chicken Bowl,"[Tomatillo Green Chili Salsa, [Fajita Vegetables, Rice]]",$8.75 
3490,1402,1,Chicken Burrito,"[Tomatillo Green Chili Salsa, [Fajita Vegetables, Sour Cream]]",$8.75 
2060,830,1,Chicken Soft Tacos,"[Tomatillo Green Chili Salsa, [Guacamole, Sour Cream]]",$11.25 
2485,987,1,Steak Burrito,"[Tomatillo Green Chili Salsa, [Lettuce, Guacamole, Sour Cream, Cheese, Fajita Vegetables, Rice]]",$11.75 
538,225,1,Carnitas Bowl,"[Tomatillo Green Chili Salsa, [Pinto Beans, Black Beans]]",$9.25 
8,4,1,Steak Soft Tacos,"[Tomatillo Green Chili Salsa, [Pinto Beans, Cheese, Sour Cream, Lettuce]]",$9.25 
1754,708,1,Barbacoa Soft Tacos,"[Tomatillo Green Chili Salsa, [Pinto Beans, Sour Cream, Guacamole]]",$11.75 
2394,952,1,Steak Burrito,"[Tomatillo Green Chili Salsa, [Rice, Black Beans, Cheese, Guacamole, Lettuce]]",$11.75 
1994,806,1,Chicken Bowl,"[Tomatillo Green Chili Salsa, [Rice, Black Beans, Cheese, Guacamole]]",$11.25 
4321,1724,1,Chicken Burrito,"[Tomatillo Green Chili Salsa, [Rice, Black Beans, Cheese, Guacamole]]",$11.25 
3146,1255,1,Veggie Bowl,"[Tomatillo Green Chili Salsa, [Rice, Black Beans, Cheese, Guacamole]]",$11.25 
502,210,1,Barbacoa Burrito,"[Tomatillo Green Chili Salsa, [Rice, Black Beans, Cheese, Lettuce]]",$9.25 
557,231,1,Barbacoa Burrito,"[Tomatillo Green Chili Salsa, [Rice, Black Beans, Cheese, Lettuce]]",$9.25 
3182,1272,1,Chicken Bowl,"[Tomatillo Green Chili Salsa, [Rice, Black Beans, Cheese, Lettuce]]",$8.75 
3123,1245,1,Chicken Burrito,"[Tomatillo Green Chili Salsa, [Rice, Black Beans, Cheese, Lettuce]]",$8.75 
2376,946,1,Veggie Bowl,"[Tomatillo Green Chili Salsa, [Rice, Black Beans, Cheese, Lettuce]]",$8.75 
3073,1224,1,Chicken Bowl,"[Tomatillo Green Chili Salsa, [Rice, Black Beans, Cheese, Sour Cream, Guacamole, Lettuce]]",$11.25 
4194,1674,1,Chicken Bowl,"[Tomatillo Green Chili Salsa, [Rice, Black Beans, Cheese, Sour Cream, Guacamole, Lettuce]]",$11.25 
1823,737,1,Steak Bowl,"[Tomatillo Green Chili Salsa, [Rice, Black Beans, Cheese, Sour Cream, Guacamole, Lettuce]]",$11.75 
2273,914,1,Steak Bowl,"[Tomatillo Green Chili Salsa, [Rice, Black Beans, Cheese, Sour Cream, Guacamole, Lettuce]]",$11.75 
1008,413,1,Carnitas Crispy Tacos,"[Tomatillo Green Chili Salsa, [Rice, Black Beans, Cheese, Sour Cream, Guacamole]]",$11.75 
2491,989,1,Chicken Burrito,"[Tomatillo Green Chili Salsa, [Rice, Black Beans, Cheese, Sour Cream, Guacamole]]",$11.25 
1876,759,1,Chicken Bowl,"[Tomatillo Green Chili Salsa, [Rice, Black Beans, Cheese, Sour Cream, Lettuce]]",$8.75 
1835,743,1,Chicken Burrito,"[Tomatillo Green Chili Salsa, [Rice, Black Beans, Cheese, Sour Cream, Lettuce]]",$8.75 
2364,941,1,Chicken Burrito,"[Tomatillo Green Chili Salsa, [Rice, Black Beans, Cheese, Sour Cream, Lettuce]]",$8.75 
4492,1787,1,Chicken Burrito,"[Tomatillo Green Chili Salsa, [Rice, Black Beans, Cheese, Sour Cream, Lettuce]]",$8.75 
4017,1608,1,Chicken Soft Tacos,"[Tomatillo Green Chili Salsa, [Rice, Black Beans, Cheese, Sour Cream, Lettuce]]",$8.75 
1011,415,1,Steak Bowl,"[Tomatillo Green Chili Salsa, [Rice, Black Beans, Cheese, Sour Cream, Lettuce]]",$9.25 
3109,1241,1,Steak Burrito,"[Tomatillo Green Chili Salsa, [Rice, Black Beans, Cheese, Sour Cream, Lettuce]]",$9.25 
3564,1431,1,Steak Burrito,"[Tomatillo Green Chili Salsa, [Rice, Black Beans, Cheese, Sour Cream, Lettuce]]",$9.25 
3882,1556,1,Carnitas Burrito,"[Tomatillo Green Chili Salsa, [Rice, Black Beans, Cheese, Sour Cream]]",$9.25 
218,96,1,Chicken Bowl,"[Tomatillo Green Chili Salsa, [Rice, Black Beans, Cheese, Sour Cream]]",$8.75 
3913,1570,1,Chicken Bowl,"[Tomatillo Green Chili Salsa, [Rice, Black Beans, Cheese, Sour Cream]]",$8.75 
517,216,1,Chicken Burrito,"[Tomatillo Green Chili Salsa, [Rice, Black Beans, Cheese, Sour Cream]]",$8.75 
2596,1030,1,Chicken Burrito,"[Tomatillo Green Chili Salsa, [Rice, Black Beans, Cheese, Sour Cream]]",$8.75 
3914,1570,1,Chicken Burrito,"[Tomatillo Green Chili Salsa, [Rice, Black Beans, Cheese, Sour Cream]]",$8.75 
811,334,1,Steak Burrito,"[Tomatillo Green Chili Salsa, [Rice, Black Beans, Cheese, Sour Cream]]",$9.25 
464,199,1,Chicken Bowl,"[Tomatillo Green Chili Salsa, [Rice, Black Beans, Cheese]]",$8.75 
545,227,1,Chicken Bowl,"[Tomatillo Green Chili Salsa, [Rice, Black Beans, Cheese]]",$8.75 
3177,1270,1,Chicken Bowl,"[Tomatillo Green Chili Salsa, [Rice, Black Beans, Cheese]]",$8.75 
2676,1063,1,Chicken Burrito,"[Tomatillo Green Chili Salsa, [Rice, Black Beans, Cheese]]",$8.75 
2835,1126,1,Chicken Burrito,"[Tomatillo Green Chili Salsa, [Rice, Black Beans, Cheese]]",$8.75 
3282,1316,1,Chicken Bowl,"[Tomatillo Green Chili Salsa, [Rice, Black Beans, Guacamole, Lettuce]]",$11.25 
3977,1594,1,Chicken Bowl,"[Tomatillo Green Chili Salsa, [Rice, Black Beans, Guacamole, Lettuce]]",$11.25 
2095,845,1,Steak Bowl,"[Tomatillo Green Chili Salsa, [Rice, Black Beans, Guacamole, Lettuce]]",$11.75 
3622,1450,1,Steak Burrito,"[Tomatillo Green Chili Salsa, [Rice, Black Beans, Lettuce]]",$9.25 
2735,1086,1,Chicken Burrito,"[Tomatillo Green Chili Salsa, [Rice, Black Beans, Pinto Beans, Cheese, Guacamole, Lettuce]]",$11.25 
1341,548,1,Carnitas Bowl,"[Tomatillo Green Chili Salsa, [Rice, Black Beans, Pinto Beans, Cheese, Guacamole]]",$11.75 
3643,1456,1,Steak Burrito,"[Tomatillo Green Chili Salsa, [Rice, Black Beans, Pinto Beans, Cheese, Sour Cream, Guacamole, Lettuce]]",$11.75 
1378,561,1,Chicken Bowl,"[Tomatillo Green Chili Salsa, [Rice, Black Beans, Pinto Beans, Guacamole, Lettuce]]",$11.25 
1336,546,1,Chicken Burrito,"[Tomatillo Green Chili Salsa, [Rice, Black Beans, Sour Cream, Cheese, Guacamole]]",$11.25 
121,53,1,Barbacoa Burrito,"[Tomatillo Green Chili Salsa, [Rice, Black Beans, Sour Cream, Cheese, Lettuce]]",$9.25 
1912,772,1,Steak Soft Tacos,"[Tomatillo Green Chili Salsa, [Rice, Black Beans, Sour Cream, Cheese, Lettuce]]",$9.25 
1151,475,1,Barbacoa Burrito,"[Tomatillo Green Chili Salsa, [Rice, Black Beans, Sour Cream, Cheese]]",$9.25 
1848,749,1,Chicken Bowl,"[Tomatillo Green Chili Salsa, [Rice, Black Beans, Sour Cream, Cheese]]",$8.75 
1920,776,1,Chicken Bowl,"[Tomatillo Green Chili Salsa, [Rice, Black Beans, Sour Cream, Cheese]]",$8.75 
83,37,1,Chicken Burrito,"[Tomatillo Green Chili Salsa, [Rice, Black Beans, Sour Cream, Cheese]]",$8.75 
614,254,1,Chicken Bowl,"[Tomatillo Green Chili Salsa, [Rice, Black Beans, Sour Cream, Lettuce]]",$8.75 
2452,973,1,Chicken Bowl,"[Tomatillo Green Chili Salsa, [Rice, Black Beans, Sour Cream, Lettuce]]",$8.75 
4583,1823,1,Chicken Bowl,"[Tomatillo Green Chili Salsa, [Rice, Black Beans, Sour Cream, Lettuce]]",$8.75 
3568,1432,1,Steak Burrito,"[Tomatillo Green Chili Salsa, [Rice, Black Beans, Sour Cream, Lettuce]]",$9.25 
4595,1826,1,Chicken Bowl,"[Tomatillo Green Chili Salsa, [Rice, Black Beans]]",$8.75 
4441,1770,1,Barbacoa Bowl,"[Tomatillo Green Chili Salsa, [Rice, Cheese, Guacamole, Lettuce]]",$11.75 
1222,498,1,Chicken Bowl,"[Tomatillo Green Chili Salsa, [Rice, Cheese, Guacamole, Lettuce]]",$11.25 
3651,1460,1,Chicken Bowl,"[Tomatillo Green Chili Salsa, [Rice, Cheese, Guacamole, Lettuce]]",$11.25 
158,71,1,Steak Burrito,"[Tomatillo Green Chili Salsa, [Rice, Cheese, Guacamole, Lettuce]]",$11.75 
736,304,1,Steak Burrito,"[Tomatillo Green Chili Salsa, [Rice, Cheese, Guacamole, Lettuce]]",$11.75 
1931,782,1,Chicken Bowl,"[Tomatillo Green Chili Salsa, [Rice, Cheese, Guacamole]]",$11.25 
296,129,1,Steak Burrito,"[Tomatillo Green Chili Salsa, [Rice, Cheese, Guacamole]]",$11.75 
297,129,1,Steak Burrito,"[Tomatillo Green Chili Salsa, [Rice, Cheese, Guacamole]]",$11.75 
1811,733,1,Chicken Bowl,"[Tomatillo Green Chili Salsa, [Rice, Cheese, Lettuce]]",$8.75 
1567,636,1,Chicken Burrito,"[Tomatillo Green Chili Salsa, [Rice, Cheese, Lettuce]]",$8.75 
1563,635,1,Steak Bowl,"[Tomatillo Green Chili Salsa, [Rice, Cheese, Sour Cream, Guacamole, Lettuce]]",$11.75 
1822,737,1,Steak Bowl,"[Tomatillo Green Chili Salsa, [Rice, Cheese, Sour Cream, Guacamole, Lettuce]]",$11.75 
2046,823,1,Steak Bowl,"[Tomatillo Green Chili Salsa, [Rice, Cheese, Sour Cream, Guacamole, Lettuce]]",$11.75 
2363,941,1,Chicken Bowl,"[Tomatillo Green Chili Salsa, [Rice, Cheese, Sour Cream, Guacamole]]",$11.25 
4607,1829,1,Steak Burrito,"[Tomatillo Green Chili Salsa, [Rice, Cheese, Sour Cream, Guacamole]]",$11.75 
881,364,1,Chicken Bowl,"[Tomatillo Green Chili Salsa, [Rice, Cheese, Sour Cream, Lettuce]]",$8.75 
928,383,1,Chicken Bowl,"[Tomatillo Green Chili Salsa, [Rice, Cheese, Sour Cream, Lettuce]]",$8.75 
1602,649,1,Chicken Bowl,"[Tomatillo Green Chili Salsa, [Rice, Cheese, Sour Cream, Lettuce]]",$8.75 
2449,973,1,Chicken Bowl,"[Tomatillo Green Chili Salsa, [Rice, Cheese, Sour Cream, Lettuce]]",$8.75 
895,370,1,Chicken Burrito,"[Tomatillo Green Chili Salsa, [Rice, Cheese, Sour Cream, Lettuce]]",$8.75 
3457,1390,1,Chicken Bowl,"[Tomatillo Green Chili Salsa, [Rice, Cheese]]",$8.75 
861,355,1,Steak Burrito,"[Tomatillo Green Chili Salsa, [Rice, Fajita Vegetables, Black Beans, Cheese]]",$9.25 
4611,1830,1,Veggie Burrito,"[Tomatillo Green Chili Salsa, [Rice, Fajita Vegetables, Black Beans, Guacamole]]",$11.25 
3853,1544,1,Chicken Bowl,"[Tomatillo Green Chili Salsa, [Rice, Fajita Vegetables, Black Beans, Sour Cream, Cheese, Lettuce]]",$8.75 
4045,1618,1,Chicken Bowl,"[Tomatillo Green Chili Salsa, [Rice, Fajita Vegetables, Black Beans, Sour Cream, Cheese, Lettuce]]",$8.75 
2514,999,1,Chicken Soft Tacos,"[Tomatillo Green Chili Salsa, [Rice, Fajita Vegetables, Cheese, Lettuce]]",$8.75 
2442,970,1,Barbacoa Salad Bowl,"[Tomatillo Green Chili Salsa, [Rice, Fajita Vegetables, Pinto Beans, Sour Cream, Cheese, Lettuce, Guacamole]]",$11.89 
973,400,1,Veggie Burrito,"[Tomatillo Green Chili Salsa, [Rice, Fajita Vegetables, Pinto Beans, Sour Cream, Cheese, Lettuce, Guacamole]]",$11.25 
3795,1520,1,Barbacoa Burrito,"[Tomatillo Green Chili Salsa, [Rice, Fajita Vegetables, Pinto Beans, Sour Cream, Cheese]]",$9.25 
1337,546,1,Carnitas Burrito,"[Tomatillo Green Chili Salsa, [Rice, Fajita Vegetables, Sour Cream, Cheese, Lettuce, Guacamole]]",$11.75 
1819,736,1,Chicken Burrito,"[Tomatillo Green Chili Salsa, [Rice, Fajita Vegetables, Sour Cream, Cheese, Lettuce]]",$8.75 
1681,681,1,Steak Burrito,"[Tomatillo Green Chili Salsa, [Rice, Fajita Vegetables, Sour Cream, Cheese, Lettuce]]",$9.25 
3661,1464,1,Steak Burrito,"[Tomatillo Green Chili Salsa, [Rice, Fajita Vegetables, Sour Cream, Cheese, Lettuce]]",$9.25 
4473,1783,1,Steak Burrito,"[Tomatillo Green Chili Salsa, [Rice, Fajita Vegetables, Sour Cream, Cheese, Lettuce]]",$9.25 
1445,586,1,Chicken Burrito,"[Tomatillo Green Chili Salsa, [Rice, Fajita Vegetables, Sour Cream]]",$8.75 
1748,706,1,Chicken Burrito,"[Tomatillo Green Chili Salsa, [Rice, Pinto Beans, Black Beans, Sour Cream, Cheese, Lettuce]]",$8.75 
1244,507,1,Carnitas Bowl,"[Tomatillo Green Chili Salsa, [Rice, Pinto Beans, Cheese, Guacamole, Lettuce]]",$11.75 
1376,561,1,Carnitas Bowl,"[Tomatillo Green Chili Salsa, [Rice, Pinto Beans, Cheese, Guacamole, Lettuce]]",$11.75 
1556,632,1,Steak Bowl,"[Tomatillo Green Chili Salsa, [Rice, Pinto Beans, Cheese, Guacamole, Lettuce]]",$11.75 
1055,434,1,Barbacoa Burrito,"[Tomatillo Green Chili Salsa, [Rice, Pinto Beans, Cheese, Guacamole]]",$11.75 
4228,1688,1,Steak Bowl,"[Tomatillo Green Chili Salsa, [Rice, Pinto Beans, Cheese, Guacamole]]",$11.75 
2843,1129,1,Chicken Bowl,"[Tomatillo Green Chili Salsa, [Rice, Pinto Beans, Cheese, Lettuce]]",$8.75 
1569,636,1,Chicken Burrito,"[Tomatillo Green Chili Salsa, [Rice, Pinto Beans, Cheese, Lettuce]]",$8.75 
1776,717,1,Chicken Burrito,"[Tomatillo Green Chili Salsa, [Rice, Pinto Beans, Cheese, Lettuce]]",$8.75 
2640,1050,1,Chicken Burrito,"[Tomatillo Green Chili Salsa, [Rice, Pinto Beans, Cheese, Lettuce]]",$8.75 
3991,1599,1,Chicken Burrito,"[Tomatillo Green Chili Salsa, [Rice, Pinto Beans, Cheese, Lettuce]]",$8.75 
1955,791,1,Steak Bowl,"[Tomatillo Green Chili Salsa, [Rice, Pinto Beans, Cheese, Lettuce]]",$9.25 
2277,916,1,Steak Bowl,"[Tomatillo Green Chili Salsa, [Rice, Pinto Beans, Cheese, Lettuce]]",$9.25 
2737,1087,1,Chicken Burrito,"[Tomatillo Green Chili Salsa, [Rice, Pinto Beans, Cheese, Sour Cream, Guacamole, Lettuce]]",$11.25 
4379,1747,1,Chicken Burrito,"[Tomatillo Green Chili Salsa, [Rice, Pinto Beans, Cheese, Sour Cream, Guacamole, Lettuce]]",$11.25 
1133,468,1,Steak Bowl,"[Tomatillo Green Chili Salsa, [Rice, Pinto Beans, Cheese, Sour Cream, Guacamole, Lettuce]]",$11.75 
1677,679,1,Carnitas Burrito,"[Tomatillo Green Chili Salsa, [Rice, Pinto Beans, Cheese, Sour Cream, Guacamole]]",$11.75 
2032,818,1,Carnitas Burrito,"[Tomatillo Green Chili Salsa, [Rice, Pinto Beans, Cheese, Sour Cream, Guacamole]]",$11.75 
2993,1191,1,Steak Burrito,"[Tomatillo Green Chili Salsa, [Rice, Pinto Beans, Cheese, Sour Cream, Guacamole]]",$11.75 
3115,1243,1,Carnitas Salad Bowl,"[Tomatillo Green Chili Salsa, [Rice, Pinto Beans, Cheese, Sour Cream, Lettuce]]",$9.39 
4443,1771,1,Chicken Bowl,"[Tomatillo Green Chili Salsa, [Rice, Pinto Beans, Cheese, Sour Cream, Lettuce]]",$8.75 
4549,1808,1,Steak Soft Tacos,"[Tomatillo Green Chili Salsa, [Rice, Pinto Beans, Cheese, Sour Cream]]",$9.25 
203,90,1,Chicken Burrito,"[Tomatillo Green Chili Salsa, [Rice, Pinto Beans, Sour Cream, Cheese, Lettuce]]",$8.75 
339,148,1,Chicken Burrito,"[Tomatillo Green Chili Salsa, [Rice, Pinto Beans, Sour Cream, Cheese, Lettuce]]",$8.75 
224,98,1,Chicken Bowl,"[Tomatillo Green Chili Salsa, [Rice, Pinto Beans, Sour Cream, Lettuce]]",$8.75 
868,359,1,Chicken Bowl,"[Tomatillo Green Chili Salsa, [Rice, Pinto Beans, Sour Cream, Lettuce]]",$8.75 
1302,530,1,Chicken Bowl,"[Tomatillo Green Chili Salsa, [Rice, Pinto Beans, Sour Cream, Lettuce]]",$8.75 
1598,648,1,Chicken Bowl,"[Tomatillo Green Chili Salsa, [Rice, Pinto Beans, Sour Cream, Lettuce]]",$8.75 
2256,909,1,Chicken Bowl,"[Tomatillo Green Chili Salsa, [Rice, Pinto Beans, Sour Cream, Lettuce]]",$8.75 
2705,1074,1,Chicken Bowl,"[Tomatillo Green Chili Salsa, [Rice, Pinto Beans, Sour Cream, Lettuce]]",$8.75 
2937,1167,1,Chicken Bowl,"[Tomatillo Green Chili Salsa, [Rice, Pinto Beans, Sour Cream, Lettuce]]",$8.75 
3124,1246,1,Chicken Bowl,"[Tomatillo Green Chili Salsa, [Rice, Pinto Beans, Sour Cream, Lettuce]]",$8.75 
3494,1404,1,Chicken Bowl,"[Tomatillo Green Chili Salsa, [Rice, Pinto Beans, Sour Cream, Lettuce]]",$8.75 
4124,1652,1,Chicken Bowl,"[Tomatillo Green Chili Salsa, [Rice, Pinto Beans, Sour Cream, Lettuce]]",$8.75 
4255,1698,1,Chicken Bowl,"[Tomatillo Green Chili Salsa, [Rice, Pinto Beans, Sour Cream, Lettuce]]",$8.75 
4413,1761,1,Chicken Bowl,"[Tomatillo Green Chili Salsa, [Rice, Pinto Beans, Sour Cream, Lettuce]]",$8.75 
3803,1524,1,Carnitas Burrito,"[Tomatillo Green Chili Salsa, [Rice, Pinto Beans, Sour Cream]]",$9.25 
4578,1821,1,Carnitas Burrito,"[Tomatillo Green Chili Salsa, [Rice, Pinto Beans, Sour Cream]]",$9.25 
140,63,1,Chicken Bowl,"[Tomatillo Green Chili Salsa, [Rice, Sour Cream, Cheese, Guacamole]]",$11.25 
706,290,1,Chicken Bowl,"[Tomatillo Green Chili Salsa, [Rice, Sour Cream, Cheese, Guacamole]]",$11.25 
993,408,1,Chicken Bowl,"[Tomatillo Green Chili Salsa, [Rice, Sour Cream, Cheese, Guacamole]]",$11.25 
1525,622,1,Chicken Bowl,"[Tomatillo Green Chili Salsa, [Rice, Sour Cream, Cheese, Guacamole]]",$11.25 
4361,1741,1,Chicken Burrito,"[Tomatillo Green Chili Salsa, [Rice, Sour Cream, Cheese, Lettuce]]",$8.75 
291,127,1,Chicken Bowl,"[Tomatillo Green Chili Salsa, [Rice, Sour Cream, Guacamole, Lettuce]]",$11.25 
2675,1063,1,Steak Burrito,"[Tomatillo Green Chili Salsa, [Rice, Sour Cream, Guacamole, Lettuce]]",$11.75 
2834,1126,1,Steak Burrito,"[Tomatillo Green Chili Salsa, [Rice, Sour Cream, Guacamole, Lettuce]]",$11.75 
3176,1270,1,Steak Burrito,"[Tomatillo Green Chili Salsa, [Rice, Sour Cream, Guacamole, Lettuce]]",$11.75 
2012,812,1,Chicken Bowl,"[Tomatillo Green Chili Salsa, [Rice, Sour Cream, Guacamole]]",$11.25 
1617,653,1,Steak Soft Tacos,"[Tomatillo Green Chili Salsa, [Sour Cream, Cheese, Guacamole, Rice, Fajita Vegetables]]",$11.75 
626,258,1,Carnitas Burrito,"[Tomatillo Green Chili Salsa, [Sour Cream, Cheese, Guacamole]]",$11.75 
411,179,1,Chicken Bowl,"[Tomatillo Green Chili Salsa, [Sour Cream, Cheese, Guacamole]]",$11.25 
3058,1218,1,Chicken Bowl,"[Tomatillo Green Chili Salsa, [Sour Cream, Cheese, Guacamole]]",$11.25 
135,60,2,Chicken Salad Bowl,"[Tomatillo Green Chili Salsa, [Sour Cream, Cheese, Guacamole]]",$22.50 
1149,475,1,Barbacoa Soft Tacos,"[Tomatillo Green Chili Salsa, [Sour Cream, Cheese, Lettuce]]",$9.25 
1938,784,1,Chicken Soft Tacos,"[Tomatillo Green Chili Salsa, [Sour Cream, Guacamole]]",$11.25 
539,225,1,Steak Burrito,"[Tomatillo Green Chili Salsa, Cheese]",$9.25 
1350,551,1,Chicken Burrito,"[Tomatillo Green Chili Salsa, Guacamole]",$11.25 
394,171,1,Veggie Burrito,"[Tomatillo Green Chili Salsa, Guacamole]",$11.25 
4602,1827,1,Barbacoa Burrito,[Tomatillo Green Chili Salsa],$9.25 
4603,1827,1,Barbacoa Burrito,[Tomatillo Green Chili Salsa],$9.25 
2080,839,1,Carnitas Soft Tacos,[Tomatillo Green Chili Salsa],$9.25 
842,346,1,Steak Bowl,[Tomatillo Green Chili Salsa],$9.25 
552,230,1,Steak Burrito,[Tomatillo Green Chili Salsa],$9.25 
623,257,1,Veggie Burrito,[Tomatillo Green Chili Salsa],$8.75 
3988,1598,1,Steak Burrito,"[Tomatillo Red Chili (Hot), [Lettuce, Black Beans, Rice, Sour Cream, Cheese]]",$8.69 
1271,517,1,Chicken Burrito,"[Tomatillo Red Chili (Hot), [Lettuce, Rice, Cheese]]",$8.19 
1272,517,1,Steak Burrito,"[Tomatillo Red Chili (Hot), [Lettuce, Rice, Sour Cream, Cheese]]",$8.69 
281,123,2,Steak Salad Bowl,"[Tomatillo Red Chili Salsa, [Black Beans, Cheese, Guacamole]]",$23.78 
225,99,1,Veggie Burrito,"[Tomatillo Red Chili Salsa, [Black Beans, Cheese, Guacamole]]",$11.25 
4322,1724,1,Chicken Crispy Tacos,"[Tomatillo Red Chili Salsa, [Black Beans, Cheese, Lettuce, Guacamole]]",$11.25 
702,289,1,Chicken Salad Bowl,"[Tomatillo Red Chili Salsa, [Black Beans, Cheese, Lettuce]]",$8.75 
2013,812,1,Barbacoa Bowl,"[Tomatillo Red Chili Salsa, [Black Beans, Cheese, Sour Cream, Guacamole]]",$11.75 
3208,1283,1,Barbacoa Salad Bowl,"[Tomatillo Red Chili Salsa, [Black Beans, Cheese, Sour Cream, Guacamole]]",$11.89 
988,406,1,Barbacoa Soft Tacos,"[Tomatillo Red Chili Salsa, [Black Beans, Cheese, Sour Cream, Guacamole]]",$11.75 
2523,1003,1,Carnitas Burrito,"[Tomatillo Red Chili Salsa, [Black Beans, Cheese, Sour Cream, Guacamole]]",$11.75 
1329,543,1,Chicken Bowl,"[Tomatillo Red Chili Salsa, [Black Beans, Cheese, Sour Cream]]",$8.75 
2105,848,1,Chicken Burrito,"[Tomatillo Red Chili Salsa, [Black Beans, Cheese, Sour Cream]]",$8.75 
4453,1775,1,Chicken Crispy Tacos,"[Tomatillo Red Chili Salsa, [Black Beans, Cheese]]",$8.75 
1747,705,1,Chicken Burrito,"[Tomatillo Red Chili Salsa, [Black Beans, Lettuce]]",$8.75 
2089,843,1,Steak Bowl,"[Tomatillo Red Chili Salsa, [Black Beans, Pinto Beans, Cheese, Sour Cream, Guacamole, Lettuce]]",$11.75 
3134,1250,2,Steak Burrito,"[Tomatillo Red Chili Salsa, [Cheese, Black Beans, Rice, Lettuce, Sour Cream]]",$18.50 
3918,1572,2,Chicken Burrito,"[Tomatillo Red Chili Salsa, [Cheese, Black Beans, Rice]]",$17.50 
634,262,1,Chicken Burrito,"[Tomatillo Red Chili Salsa, [Cheese, Guacamole]]",$11.25 
1219,497,2,Chicken Burrito,"[Tomatillo Red Chili Salsa, [Cheese, Rice, Black Beans]]",$17.50 
1746,705,1,Barbacoa Bowl,"[Tomatillo Red Chili Salsa, [Cheese, Sour Cream, Guacamole, Lettuce]]",$11.75 
3340,1340,1,Carnitas Soft Tacos,"[Tomatillo Red Chili Salsa, [Cheese, Sour Cream, Lettuce]]",$9.25 
217,96,2,Chicken Crispy Tacos,"[Tomatillo Red Chili Salsa, [Cheese, Sour Cream, Lettuce]]",$17.50 
2845,1130,1,Steak Burrito,"[Tomatillo Red Chili Salsa, [Cheese, Sour Cream]]",$9.25 
2862,1137,1,Steak Crispy Tacos,"[Tomatillo Red Chili Salsa, [Cheese, Sour Cream]]",$9.25 
2450,973,1,Steak Soft Tacos,"[Tomatillo Red Chili Salsa, [Cheese, Sour Cream]]",$9.25 
2507,996,1,Chicken Crispy Tacos,"[Tomatillo Red Chili Salsa, [Fajita Vegetables, Black Beans, Cheese, Guacamole, Lettuce]]",$11.25 
2556,1012,1,Chicken Crispy Tacos,"[Tomatillo Red Chili Salsa, [Fajita Vegetables, Black Beans, Cheese, Guacamole, Lettuce]]",$11.25 
2661,1057,1,Chicken Soft Tacos,"[Tomatillo Red Chili Salsa, [Fajita Vegetables, Black Beans, Cheese, Guacamole, Lettuce]]",$11.25 
2662,1057,1,Chicken Soft Tacos,"[Tomatillo Red Chili Salsa, [Fajita Vegetables, Black Beans, Cheese, Guacamole, Lettuce]]",$11.25 
3071,1223,1,Chicken Soft Tacos,"[Tomatillo Red Chili Salsa, [Fajita Vegetables, Black Beans, Cheese, Guacamole, Lettuce]]",$11.25 
613,253,2,Steak Salad Bowl,"[Tomatillo Red Chili Salsa, [Fajita Vegetables, Black Beans, Cheese, Guacamole, Lettuce]]",$23.78 
143,64,1,Veggie Bowl,"[Tomatillo Red Chili Salsa, [Fajita Vegetables, Black Beans, Cheese, Guacamole, Lettuce]]",$11.25 
2506,996,1,Chicken Soft Tacos,"[Tomatillo Red Chili Salsa, [Fajita Vegetables, Black Beans, Cheese, Lettuce]]",$8.75 
1309,534,1,Steak Burrito,"[Tomatillo Red Chili Salsa, [Fajita Vegetables, Black Beans, Cheese, Sour Cream, Guacamole]]",$11.75 
4038,1615,1,Steak Soft Tacos,"[Tomatillo Red Chili Salsa, [Fajita Vegetables, Black Beans, Cheese, Sour Cream, Lettuce]]",$9.25 
1815,734,1,Chicken Salad Bowl,"[Tomatillo Red Chili Salsa, [Fajita Vegetables, Black Beans, Guacamole, Lettuce]]",$11.25 
3001,1193,1,Chicken Salad Bowl,"[Tomatillo Red Chili Salsa, [Fajita Vegetables, Black Beans, Guacamole, Lettuce]]",$11.25 
7,4,1,Steak Burrito,"[Tomatillo Red Chili Salsa, [Fajita Vegetables, Black Beans, Pinto Beans, Cheese, Sour Cream, Guacamole, Lettuce]]",$11.75 
19,10,1,Chicken Bowl,"[Tomatillo Red Chili Salsa, [Fajita Vegetables, Black Beans, Sour Cream, Cheese, Lettuce]]",$8.75 
336,147,1,Steak Bowl,"[Tomatillo Red Chili Salsa, [Fajita Vegetables, Cheese, Guacamole, Lettuce]]",$11.75 
3548,1426,1,Barbacoa Soft Tacos,"[Tomatillo Red Chili Salsa, [Fajita Vegetables, Guacamole, Lettuce]]",$11.75 
2033,818,1,Carnitas Bowl,"[Tomatillo Red Chili Salsa, [Fajita Vegetables, Rice, Black Beans, Cheese, Guacamole, Lettuce]]",$11.75 
1996,806,1,Chicken Bowl,"[Tomatillo Red Chili Salsa, [Fajita Vegetables, Rice, Black Beans, Cheese, Guacamole, Lettuce]]",$11.25 
157,71,1,Veggie Bowl,"[Tomatillo Red Chili Salsa, [Fajita Vegetables, Rice, Black Beans, Cheese, Guacamole, Lettuce]]",$11.25 
737,304,1,Veggie Bowl,"[Tomatillo Red Chili Salsa, [Fajita Vegetables, Rice, Black Beans, Cheese, Guacamole, Lettuce]]",$11.25 
2425,963,1,Veggie Burrito,"[Tomatillo Red Chili Salsa, [Fajita Vegetables, Rice, Black Beans, Cheese, Guacamole, Lettuce]]",$11.25 
4608,1829,1,Veggie Burrito,"[Tomatillo Red Chili Salsa, [Fajita Vegetables, Rice, Black Beans, Cheese, Guacamole, Lettuce]]",$11.25 
4109,1646,1,Veggie Salad Bowl,"[Tomatillo Red Chili Salsa, [Fajita Vegetables, Rice, Black Beans, Cheese, Guacamole, Lettuce]]",$11.25 
738,304,1,Veggie Soft Tacos,"[Tomatillo Red Chili Salsa, [Fajita Vegetables, Rice, Black Beans, Cheese, Guacamole, Lettuce]]",$11.25 
2423,962,1,Chicken Salad Bowl,"[Tomatillo Red Chili Salsa, [Fajita Vegetables, Rice, Black Beans, Cheese, Guacamole]]",$11.25 
2156,869,1,Veggie Salad Bowl,"[Tomatillo Red Chili Salsa, [Fajita Vegetables, Rice, Black Beans, Cheese, Guacamole]]",$11.25 
3223,1289,1,Veggie Salad Bowl,"[Tomatillo Red Chili Salsa, [Fajita Vegetables, Rice, Black Beans, Cheese, Guacamole]]",$11.25 
2663,1057,1,Chicken Bowl,"[Tomatillo Red Chili Salsa, [Fajita Vegetables, Rice, Black Beans, Cheese, Lettuce]]",$8.75 
136,61,1,Barbacoa Bowl,"[Tomatillo Red Chili Salsa, [Fajita Vegetables, Rice, Black Beans, Cheese, Sour Cream, Guacamole, Lettuce]]",$11.75 
1104,456,1,Chicken Bowl,"[Tomatillo Red Chili Salsa, [Fajita Vegetables, Rice, Black Beans, Cheese, Sour Cream, Guacamole, Lettuce]]",$11.25 
2555,1012,1,Chicken Bowl,"[Tomatillo Red Chili Salsa, [Fajita Vegetables, Rice, Black Beans, Cheese, Sour Cream, Guacamole, Lettuce]]",$11.25 
3894,1561,1,Chicken Bowl,"[Tomatillo Red Chili Salsa, [Fajita Vegetables, Rice, Black Beans, Cheese, Sour Cream, Guacamole, Lettuce]]",$11.25 
4252,1696,1,Chicken Burrito,"[Tomatillo Red Chili Salsa, [Fajita Vegetables, Rice, Black Beans, Cheese, Sour Cream, Guacamole, Lettuce]]",$11.25 
4533,1802,1,Chicken Burrito,"[Tomatillo Red Chili Salsa, [Fajita Vegetables, Rice, Black Beans, Cheese, Sour Cream, Guacamole, Lettuce]]",$11.25 
3754,1502,2,Steak Bowl,"[Tomatillo Red Chili Salsa, [Fajita Vegetables, Rice, Black Beans, Cheese, Sour Cream, Guacamole, Lettuce]]",$23.50 
3807,1526,1,Steak Burrito,"[Tomatillo Red Chili Salsa, [Fajita Vegetables, Rice, Black Beans, Cheese, Sour Cream, Guacamole, Lettuce]]",$11.75 
4101,1643,1,Steak Burrito,"[Tomatillo Red Chili Salsa, [Fajita Vegetables, Rice, Black Beans, Cheese, Sour Cream, Guacamole, Lettuce]]",$11.75 
57,26,1,Veggie Burrito,"[Tomatillo Red Chili Salsa, [Fajita Vegetables, Rice, Black Beans, Cheese, Sour Cream, Guacamole, Lettuce]]",$11.25 
2568,1017,1,Veggie Bowl,"[Tomatillo Red Chili Salsa, [Fajita Vegetables, Rice, Black Beans, Cheese, Sour Cream, Guacamole]]",$11.25 
1594,646,1,Carnitas Bowl,"[Tomatillo Red Chili Salsa, [Fajita Vegetables, Rice, Black Beans, Cheese, Sour Cream, Lettuce]]",$9.25 
2586,1026,1,Carnitas Burrito,"[Tomatillo Red Chili Salsa, [Fajita Vegetables, Rice, Black Beans, Cheese, Sour Cream, Lettuce]]",$9.25 
4557,1811,1,Carnitas Soft Tacos,"[Tomatillo Red Chili Salsa, [Fajita Vegetables, Rice, Black Beans, Cheese, Sour Cream, Lettuce]]",$9.25 
795,326,1,Chicken Bowl,"[Tomatillo Red Chili Salsa, [Fajita Vegetables, Rice, Black Beans, Cheese, Sour Cream, Lettuce]]",$8.75 
1386,563,1,Chicken Bowl,"[Tomatillo Red Chili Salsa, [Fajita Vegetables, Rice, Black Beans, Cheese, Sour Cream]]",$8.75 
1507,613,1,Chicken Bowl,"[Tomatillo Red Chili Salsa, [Fajita Vegetables, Rice, Black Beans, Cheese, Sour Cream]]",$8.75 
4337,1732,1,Chicken Bowl,"[Tomatillo Red Chili Salsa, [Fajita Vegetables, Rice, Black Beans, Cheese, Sour Cream]]",$8.75 
531,222,1,Chicken Burrito,"[Tomatillo Red Chili Salsa, [Fajita Vegetables, Rice, Black Beans, Guacamole]]",$11.25 
919,380,1,Barbacoa Bowl,"[Tomatillo Red Chili Salsa, [Fajita Vegetables, Rice, Black Beans, Pinto Beans, Cheese, Sour Cream, Guacamole, Lettuce]]",$11.75 
4140,1657,1,Barbacoa Bowl,"[Tomatillo Red Chili Salsa, [Fajita Vegetables, Rice, Black Beans, Pinto Beans, Cheese, Sour Cream, Guacamole, Lettuce]]",$11.75 
2508,996,1,Steak Burrito,"[Tomatillo Red Chili Salsa, [Fajita Vegetables, Rice, Black Beans, Pinto Beans, Cheese, Sour Cream, Guacamole, Lettuce]]",$11.75 
2352,937,1,Chicken Burrito,"[Tomatillo Red Chili Salsa, [Fajita Vegetables, Rice, Black Beans, Pinto Beans, Cheese, Sour Cream, Lettuce]]",$8.75 
796,327,1,Chicken Burrito,"[Tomatillo Red Chili Salsa, [Fajita Vegetables, Rice, Black Beans, Sour Cream, Guacamole, Lettuce]]",$11.25 
4175,1667,1,Chicken Burrito,"[Tomatillo Red Chili Salsa, [Fajita Vegetables, Rice, Black Beans, Sour Cream, Guacamole]]",$11.25 
4434,1766,1,Steak Burrito,"[Tomatillo Red Chili Salsa, [Fajita Vegetables, Rice, Black Beans, Sour Cream, Guacamole]]",$11.75 
1427,577,1,Chicken Bowl,"[Tomatillo Red Chili Salsa, [Fajita Vegetables, Rice, Cheese, Guacamole]]",$11.25 
2025,816,1,Steak Crispy Tacos,"[Tomatillo Red Chili Salsa, [Fajita Vegetables, Rice, Cheese, Sour Cream, Lettuce]]",$9.25 
1074,443,1,Veggie Burrito,"[Tomatillo Red Chili Salsa, [Fajita Vegetables, Rice, Cheese, Sour Cream, Lettuce]]",$8.75 
2024,816,1,Steak Burrito,"[Tomatillo Red Chili Salsa, [Fajita Vegetables, Rice, Cheese, Sour Cream]]",$9.25 
3702,1483,1,Chicken Burrito,"[Tomatillo Red Chili Salsa, [Fajita Vegetables, Rice, Cheese]]",$8.75 
2218,894,1,Veggie Burrito,"[Tomatillo Red Chili Salsa, [Fajita Vegetables, Rice, Pinto Beans, Cheese, Lettuce]]",$8.75 
3036,1208,1,Veggie Burrito,"[Tomatillo Red Chili Salsa, [Fajita Vegetables, Rice, Pinto Beans, Cheese, Lettuce]]",$8.75 
3234,1294,1,Veggie Burrito,"[Tomatillo Red Chili Salsa, [Fajita Vegetables, Rice, Pinto Beans, Cheese, Lettuce]]",$8.75 
887,367,1,Veggie Bowl,"[Tomatillo Red Chili Salsa, [Fajita Vegetables, Rice, Pinto Beans, Cheese, Sour Cream, Lettuce]]",$8.75 
3957,1586,1,Chicken Burrito,"[Tomatillo Red Chili Salsa, [Fajita Vegetables, Rice, Pinto Beans, Guacamole, Lettuce]]",$11.25 
797,327,1,Veggie Burrito,"[Tomatillo Red Chili Salsa, [Fajita Vegetables, Rice, Sour Cream, Guacamole, Lettuce]]",$11.25 
681,282,1,Chicken Burrito,"[Tomatillo Red Chili Salsa, [Guacamole, Cheese]]",$11.25 
739,305,1,Chicken Burrito,"[Tomatillo Red Chili Salsa, [Guacamole, Cheese]]",$11.25 
167,75,1,Chicken Burrito,"[Tomatillo Red Chili Salsa, [Rice, Black Beans, Cheese, Guacamole, Lettuce]]",$11.25 
4334,1730,1,Chicken Burrito,"[Tomatillo Red Chili Salsa, [Rice, Black Beans, Cheese, Guacamole, Lettuce]]",$11.25 
3512,1412,1,Barbacoa Burrito,"[Tomatillo Red Chili Salsa, [Rice, Black Beans, Cheese, Guacamole]]",$11.75 
4323,1725,1,Chicken Bowl,"[Tomatillo Red Chili Salsa, [Rice, Black Beans, Cheese, Guacamole]]",$11.25 
975,400,1,Chicken Bowl,"[Tomatillo Red Chili Salsa, [Rice, Black Beans, Cheese, Lettuce, Guacamole]]",$11.25 
1798,727,1,Chicken Bowl,"[Tomatillo Red Chili Salsa, [Rice, Black Beans, Cheese, Lettuce, Guacamole]]",$11.25 
4310,1719,2,Steak Burrito,"[Tomatillo Red Chili Salsa, [Rice, Black Beans, Cheese, Lettuce, Sour Cream]]",$18.50 
1264,514,1,Barbacoa Bowl,"[Tomatillo Red Chili Salsa, [Rice, Black Beans, Cheese, Lettuce]]",$9.25 
2940,1169,1,Chicken Bowl,"[Tomatillo Red Chili Salsa, [Rice, Black Beans, Cheese, Lettuce]]",$8.75 
308,134,1,Chicken Burrito,"[Tomatillo Red Chili Salsa, [Rice, Black Beans, Cheese, Lettuce]]",$8.75 
3613,1448,1,Chicken Burrito,"[Tomatillo Red Chili Salsa, [Rice, Black Beans, Cheese, Lettuce]]",$8.75 
1709,691,1,Steak Burrito,"[Tomatillo Red Chili Salsa, [Rice, Black Beans, Cheese, Lettuce]]",$9.25 
4347,1736,1,Barbacoa Burrito,"[Tomatillo Red Chili Salsa, [Rice, Black Beans, Cheese, Sour Cream, Guacamole, Lettuce]]",$11.75 
2898,1153,1,Carnitas Soft Tacos,"[Tomatillo Red Chili Salsa, [Rice, Black Beans, Cheese, Sour Cream, Guacamole, Lettuce]]",$11.75 
407,177,1,Chicken Bowl,"[Tomatillo Red Chili Salsa, [Rice, Black Beans, Cheese, Sour Cream, Guacamole, Lettuce]]",$11.25 
1701,688,1,Chicken Bowl,"[Tomatillo Red Chili Salsa, [Rice, Black Beans, Cheese, Sour Cream, Guacamole, Lettuce]]",$11.25 
2664,1058,1,Chicken Bowl,"[Tomatillo Red Chili Salsa, [Rice, Black Beans, Cheese, Sour Cream, Guacamole, Lettuce]]",$11.25 
3074,1224,1,Chicken Bowl,"[Tomatillo Red Chili Salsa, [Rice, Black Beans, Cheese, Sour Cream, Guacamole, Lettuce]]",$11.25 
3781,1514,1,Chicken Bowl,"[Tomatillo Red Chili Salsa, [Rice, Black Beans, Cheese, Sour Cream, Guacamole, Lettuce]]",$11.25 
309,134,1,Chicken Burrito,"[Tomatillo Red Chili Salsa, [Rice, Black Beans, Cheese, Sour Cream, Guacamole, Lettuce]]",$11.25 
363,157,1,Chicken Burrito,"[Tomatillo Red Chili Salsa, [Rice, Black Beans, Cheese, Sour Cream, Guacamole, Lettuce]]",$11.25 
387,168,1,Steak Bowl,"[Tomatillo Red Chili Salsa, [Rice, Black Beans, Cheese, Sour Cream, Guacamole, Lettuce]]",$11.75 
234,103,1,Steak Burrito,"[Tomatillo Red Chili Salsa, [Rice, Black Beans, Cheese, Sour Cream, Guacamole, Lettuce]]",$11.75 
238,103,1,Steak Burrito,"[Tomatillo Red Chili Salsa, [Rice, Black Beans, Cheese, Sour Cream, Guacamole, Lettuce]]",$11.75 
4325,1726,1,Steak Burrito,"[Tomatillo Red Chili Salsa, [Rice, Black Beans, Cheese, Sour Cream, Guacamole, Lettuce]]",$11.75 
2804,1114,1,Steak Salad Bowl,"[Tomatillo Red Chili Salsa, [Rice, Black Beans, Cheese, Sour Cream, Guacamole, Lettuce]]",$11.89 
1242,507,1,Veggie Bowl,"[Tomatillo Red Chili Salsa, [Rice, Black Beans, Cheese, Sour Cream, Guacamole, Lettuce]]",$11.25 
1374,561,1,Veggie Bowl,"[Tomatillo Red Chili Salsa, [Rice, Black Beans, Cheese, Sour Cream, Guacamole, Lettuce]]",$11.25 
1622,654,1,Veggie Bowl,"[Tomatillo Red Chili Salsa, [Rice, Black Beans, Cheese, Sour Cream, Guacamole, Lettuce]]",$11.25 
168,75,1,Barbacoa Crispy Tacos,"[Tomatillo Red Chili Salsa, [Rice, Black Beans, Cheese, Sour Cream, Guacamole]]",$11.75 
110,49,1,Chicken Bowl,"[Tomatillo Red Chili Salsa, [Rice, Black Beans, Cheese, Sour Cream, Lettuce]]",$8.75 
837,345,1,Chicken Bowl,"[Tomatillo Red Chili Salsa, [Rice, Black Beans, Cheese, Sour Cream, Lettuce]]",$8.75 
1123,465,1,Chicken Bowl,"[Tomatillo Red Chili Salsa, [Rice, Black Beans, Cheese, Sour Cream, Lettuce]]",$8.75 
1638,661,1,Chicken Bowl,"[Tomatillo Red Chili Salsa, [Rice, Black Beans, Cheese, Sour Cream, Lettuce]]",$8.75 
1794,725,1,Chicken Bowl,"[Tomatillo Red Chili Salsa, [Rice, Black Beans, Cheese, Sour Cream, Lettuce]]",$8.75 
4185,1671,1,Chicken Bowl,"[Tomatillo Red Chili Salsa, [Rice, Black Beans, Cheese, Sour Cream, Lettuce]]",$8.75 
4203,1678,1,Chicken Bowl,"[Tomatillo Red Chili Salsa, [Rice, Black Beans, Cheese, Sour Cream, Lettuce]]",$8.75 
4243,1694,1,Chicken Bowl,"[Tomatillo Red Chili Salsa, [Rice, Black Beans, Cheese, Sour Cream, Lettuce]]",$8.75 
241,105,2,Chicken Burrito,"[Tomatillo Red Chili Salsa, [Rice, Black Beans, Cheese, Sour Cream, Lettuce]]",$17.50 
2288,919,1,Chicken Burrito,"[Tomatillo Red Chili Salsa, [Rice, Black Beans, Cheese, Sour Cream, Lettuce]]",$8.75 
4311,1719,1,Chicken Soft Tacos,"[Tomatillo Red Chili Salsa, [Rice, Black Beans, Cheese, Sour Cream, Lettuce]]",$8.75 
1539,626,1,Steak Bowl,"[Tomatillo Red Chili Salsa, [Rice, Black Beans, Cheese, Sour Cream, Lettuce]]",$9.25 
2472,981,1,Steak Bowl,"[Tomatillo Red Chili Salsa, [Rice, Black Beans, Cheese, Sour Cream, Lettuce]]",$9.25 
3287,1319,1,Steak Bowl,"[Tomatillo Red Chili Salsa, [Rice, Black Beans, Cheese, Sour Cream, Lettuce]]",$9.25 
481,205,1,Steak Burrito,"[Tomatillo Red Chili Salsa, [Rice, Black Beans, Cheese, Sour Cream, Lettuce]]",$9.25 
1637,661,1,Steak Burrito,"[Tomatillo Red Chili Salsa, [Rice, Black Beans, Cheese, Sour Cream, Lettuce]]",$9.25 
3535,1421,1,Steak Burrito,"[Tomatillo Red Chili Salsa, [Rice, Black Beans, Cheese, Sour Cream, Lettuce]]",$9.25 
2585,1026,1,Barbacoa Burrito,"[Tomatillo Red Chili Salsa, [Rice, Black Beans, Cheese, Sour Cream]]",$9.25 
3420,1372,1,Barbacoa Burrito,"[Tomatillo Red Chili Salsa, [Rice, Black Beans, Cheese, Sour Cream]]",$9.25 
1344,549,1,Carnitas Bowl,"[Tomatillo Red Chili Salsa, [Rice, Black Beans, Cheese, Sour Cream]]",$9.25 
2179,879,1,Chicken Bowl,"[Tomatillo Red Chili Salsa, [Rice, Black Beans, Cheese, Sour Cream]]",$8.75 
73,33,1,Chicken Burrito,"[Tomatillo Red Chili Salsa, [Rice, Black Beans, Cheese, Sour Cream]]",$8.75 
216,96,1,Chicken Burrito,"[Tomatillo Red Chili Salsa, [Rice, Black Beans, Cheese, Sour Cream]]",$8.75 
640,265,1,Chicken Burrito,"[Tomatillo Red Chili Salsa, [Rice, Black Beans, Cheese, Sour Cream]]",$8.75 
219,97,1,Barbacoa Bowl,"[Tomatillo Red Chili Salsa, [Rice, Black Beans, Cheese]]",$9.25 
98,43,1,Chicken Burrito,"[Tomatillo Red Chili Salsa, [Rice, Black Beans, Cheese]]",$8.75 
1125,466,1,Chicken Burrito,"[Tomatillo Red Chili Salsa, [Rice, Black Beans, Cheese]]",$8.75 
1170,482,1,Chicken Burrito,"[Tomatillo Red Chili Salsa, [Rice, Black Beans, Cheese]]",$8.75 
1486,604,1,Chicken Burrito,"[Tomatillo Red Chili Salsa, [Rice, Black Beans, Cheese]]",$8.75 
1522,620,1,Chicken Burrito,"[Tomatillo Red Chili Salsa, [Rice, Black Beans, Cheese]]",$8.75 
1764,712,1,Chicken Burrito,"[Tomatillo Red Chili Salsa, [Rice, Black Beans, Cheese]]",$8.75 
1774,716,1,Chicken Burrito,"[Tomatillo Red Chili Salsa, [Rice, Black Beans, Cheese]]",$8.75 
1821,737,1,Chicken Burrito,"[Tomatillo Red Chili Salsa, [Rice, Black Beans, Cheese]]",$8.75 
3767,1509,2,Chicken Burrito,"[Tomatillo Red Chili Salsa, [Rice, Black Beans, Cheese]]",$17.50 
1312,535,1,Steak Bowl,"[Tomatillo Red Chili Salsa, [Rice, Black Beans, Cheese]]",$9.25 
2325,926,1,Steak Bowl,"[Tomatillo Red Chili Salsa, [Rice, Black Beans, Cheese]]",$9.25 
2921,1161,1,Steak Bowl,"[Tomatillo Red Chili Salsa, [Rice, Black Beans, Cheese]]",$9.25 
236,103,1,Steak Burrito,"[Tomatillo Red Chili Salsa, [Rice, Black Beans, Cheese]]",$9.25 
3859,1547,1,Steak Burrito,"[Tomatillo Red Chili Salsa, [Rice, Black Beans, Cheese]]",$9.25 
4248,1695,1,Steak Burrito,"[Tomatillo Red Chili Salsa, [Rice, Black Beans, Cheese]]",$9.25 
4446,1772,1,Steak Burrito,"[Tomatillo Red Chili Salsa, [Rice, Black Beans, Cheese]]",$9.25 
3168,1266,1,Chicken Burrito,"[Tomatillo Red Chili Salsa, [Rice, Black Beans, Lettuce]]",$8.75 
3169,1266,1,Steak Burrito,"[Tomatillo Red Chili Salsa, [Rice, Black Beans, Lettuce]]",$9.25 
3486,1401,1,Steak Bowl,"[Tomatillo Red Chili Salsa, [Rice, Black Beans, Pinto Beans, Cheese, Lettuce]]",$9.25 
4518,1796,1,Steak Bowl,"[Tomatillo Red Chili Salsa, [Rice, Black Beans, Pinto Beans, Cheese, Sour Cream, Guacamole, Lettuce]]",$11.75 
4173,1666,1,Chicken Bowl,"[Tomatillo Red Chili Salsa, [Rice, Black Beans, Pinto Beans, Cheese, Sour Cream, Lettuce]]",$8.75 
4581,1822,1,Chicken Bowl,"[Tomatillo Red Chili Salsa, [Rice, Black Beans, Pinto Beans, Cheese, Sour Cream, Lettuce]]",$8.75 
2861,1137,1,Chicken Burrito,"[Tomatillo Red Chili Salsa, [Rice, Black Beans, Pinto Beans, Cheese, Sour Cream, Lettuce]]",$8.75 
2867,1140,1,Chicken Bowl,"[Tomatillo Red Chili Salsa, [Rice, Black Beans, Pinto Beans, Cheese, Sour Cream]]",$8.75 
2710,1075,1,Chicken Bowl,"[Tomatillo Red Chili Salsa, [Rice, Black Beans, Sour Cream, Cheese, Lettuce, Guacamole]]",$11.25 
3868,1551,1,Chicken Bowl,"[Tomatillo Red Chili Salsa, [Rice, Black Beans, Sour Cream, Cheese, Lettuce, Guacamole]]",$11.25 
202,90,1,Chicken Burrito,"[Tomatillo Red Chili Salsa, [Rice, Black Beans, Sour Cream, Cheese, Lettuce, Guacamole]]",$11.25 
338,148,1,Chicken Burrito,"[Tomatillo Red Chili Salsa, [Rice, Black Beans, Sour Cream, Cheese, Lettuce, Guacamole]]",$11.25 
2800,1112,1,Barbacoa Bowl,"[Tomatillo Red Chili Salsa, [Rice, Black Beans, Sour Cream, Cheese, Lettuce]]",$9.25 
1914,773,1,Chicken Bowl,"[Tomatillo Red Chili Salsa, [Rice, Black Beans, Sour Cream, Cheese, Lettuce]]",$8.75 
1972,796,1,Chicken Bowl,"[Tomatillo Red Chili Salsa, [Rice, Black Beans, Sour Cream, Cheese, Lettuce]]",$8.75 
2017,813,1,Chicken Bowl,"[Tomatillo Red Chili Salsa, [Rice, Black Beans, Sour Cream, Cheese, Lettuce]]",$8.75 
2191,884,1,Chicken Bowl,"[Tomatillo Red Chili Salsa, [Rice, Black Beans, Sour Cream, Cheese, Lettuce]]",$8.75 
2446,972,1,Chicken Bowl,"[Tomatillo Red Chili Salsa, [Rice, Black Beans, Sour Cream, Cheese, Lettuce]]",$8.75 
2448,972,1,Chicken Bowl,"[Tomatillo Red Chili Salsa, [Rice, Black Beans, Sour Cream, Cheese, Lettuce]]",$8.75 
4591,1825,1,Chicken Bowl,"[Tomatillo Red Chili Salsa, [Rice, Black Beans, Sour Cream, Cheese, Lettuce]]",$8.75 
120,53,1,Chicken Burrito,"[Tomatillo Red Chili Salsa, [Rice, Black Beans, Sour Cream, Cheese, Lettuce]]",$8.75 
150,68,2,Chicken Burrito,"[Tomatillo Red Chili Salsa, [Rice, Black Beans, Sour Cream, Cheese, Lettuce]]",$17.50 
2451,973,1,Chicken Bowl,"[Tomatillo Red Chili Salsa, [Rice, Black Beans, Sour Cream, Guacamole, Lettuce]]",$11.25 
4282,1708,1,Veggie Bowl,"[Tomatillo Red Chili Salsa, [Rice, Black Beans, Sour Cream, Guacamole, Lettuce]]",$11.25 
2386,949,1,Steak Bowl,"[Tomatillo Red Chili Salsa, [Rice, Black Beans, Sour Cream, Lettuce, Guacamole]]",$11.75 
3972,1592,1,Steak Burrito,"[Tomatillo Red Chili Salsa, [Rice, Black Beans, Sour Cream, Lettuce]]",$9.25 
2104,848,1,Chicken Bowl,"[Tomatillo Red Chili Salsa, [Rice, Black Beans]]",$8.75 
3527,1418,1,Steak Burrito,"[Tomatillo Red Chili Salsa, [Rice, Black Beans]]",$9.25 
4559,1812,1,Chicken Burrito,"[Tomatillo Red Chili Salsa, [Rice, Cheese, Guacamole, Lettuce]]",$11.25 
4288,1710,1,Barbacoa Burrito,"[Tomatillo Red Chili Salsa, [Rice, Cheese, Guacamole]]",$11.75 
254,110,1,Barbacoa Bowl,"[Tomatillo Red Chili Salsa, [Rice, Cheese, Lettuce]]",$9.25 
840,346,1,Barbacoa Bowl,"[Tomatillo Red Chili Salsa, [Rice, Cheese, Lettuce]]",$9.25 
1068,440,1,Barbacoa Bowl,"[Tomatillo Red Chili Salsa, [Rice, Cheese, Lettuce]]",$9.25 
2372,945,1,Barbacoa Bowl,"[Tomatillo Red Chili Salsa, [Rice, Cheese, Lettuce]]",$9.25 
2667,1059,1,Barbacoa Bowl,"[Tomatillo Red Chili Salsa, [Rice, Cheese, Lettuce]]",$9.25 
222,98,1,Barbacoa Burrito,"[Tomatillo Red Chili Salsa, [Rice, Cheese, Lettuce]]",$9.25 
615,254,1,Barbacoa Burrito,"[Tomatillo Red Chili Salsa, [Rice, Cheese, Lettuce]]",$9.25 
1300,530,1,Barbacoa Burrito,"[Tomatillo Red Chili Salsa, [Rice, Cheese, Lettuce]]",$9.25 
1599,648,1,Barbacoa Burrito,"[Tomatillo Red Chili Salsa, [Rice, Cheese, Lettuce]]",$9.25 
1812,733,1,Barbacoa Burrito,"[Tomatillo Red Chili Salsa, [Rice, Cheese, Lettuce]]",$9.25 
1846,748,1,Barbacoa Burrito,"[Tomatillo Red Chili Salsa, [Rice, Cheese, Lettuce]]",$9.25 
2257,909,1,Barbacoa Burrito,"[Tomatillo Red Chili Salsa, [Rice, Cheese, Lettuce]]",$9.25 
2707,1074,1,Barbacoa Burrito,"[Tomatillo Red Chili Salsa, [Rice, Cheese, Lettuce]]",$9.25 
2935,1167,1,Barbacoa Burrito,"[Tomatillo Red Chili Salsa, [Rice, Cheese, Lettuce]]",$9.25 
252,110,1,Chicken Bowl,"[Tomatillo Red Chili Salsa, [Rice, Cheese, Lettuce]]",$8.75 
1370,560,1,Chicken Bowl,"[Tomatillo Red Chili Salsa, [Rice, Cheese, Lettuce]]",$8.75 
4121,1651,1,Chicken Bowl,"[Tomatillo Red Chili Salsa, [Rice, Cheese, Lettuce]]",$8.75 
1775,717,1,Chicken Burrito,"[Tomatillo Red Chili Salsa, [Rice, Cheese, Lettuce]]",$8.75 
4125,1652,1,Chicken Burrito,"[Tomatillo Red Chili Salsa, [Rice, Cheese, Lettuce]]",$8.75 
4414,1761,1,Chicken Burrito,"[Tomatillo Red Chili Salsa, [Rice, Cheese, Lettuce]]",$8.75 
888,367,1,Barbacoa Burrito,"[Tomatillo Red Chili Salsa, [Rice, Cheese, Sour Cream, Guacamole, Lettuce]]",$11.75 
1192,488,1,Steak Bowl,"[Tomatillo Red Chili Salsa, [Rice, Cheese, Sour Cream, Guacamole, Lettuce]]",$11.75 
1786,722,1,Steak Bowl,"[Tomatillo Red Chili Salsa, [Rice, Cheese, Sour Cream, Guacamole, Lettuce]]",$11.75 
3654,1461,1,Chicken Bowl,"[Tomatillo Red Chili Salsa, [Rice, Cheese, Sour Cream, Guacamole]]",$11.25 
3696,1481,1,Barbacoa Burrito,"[Tomatillo Red Chili Salsa, [Rice, Cheese, Sour Cream, Lettuce]]",$9.25 
3813,1529,1,Barbacoa Burrito,"[Tomatillo Red Chili Salsa, [Rice, Cheese, Sour Cream, Lettuce]]",$9.25 
1391,565,1,Barbacoa Soft Tacos,"[Tomatillo Red Chili Salsa, [Rice, Cheese, Sour Cream, Lettuce]]",$9.25 
1669,675,1,Barbacoa Soft Tacos,"[Tomatillo Red Chili Salsa, [Rice, Cheese, Sour Cream, Lettuce]]",$9.25 
2248,906,1,Barbacoa Soft Tacos,"[Tomatillo Red Chili Salsa, [Rice, Cheese, Sour Cream, Lettuce]]",$9.25 
4182,1670,1,Barbacoa Soft Tacos,"[Tomatillo Red Chili Salsa, [Rice, Cheese, Sour Cream, Lettuce]]",$9.25 
2790,1108,1,Carnitas Burrito,"[Tomatillo Red Chili Salsa, [Rice, Cheese, Sour Cream, Lettuce]]",$9.25 
1390,565,1,Carnitas Soft Tacos,"[Tomatillo Red Chili Salsa, [Rice, Cheese, Sour Cream, Lettuce]]",$9.25 
1437,583,1,Carnitas Soft Tacos,"[Tomatillo Red Chili Salsa, [Rice, Cheese, Sour Cream, Lettuce]]",$9.25 
1668,675,1,Carnitas Soft Tacos,"[Tomatillo Red Chili Salsa, [Rice, Cheese, Sour Cream, Lettuce]]",$9.25 
2247,906,1,Carnitas Soft Tacos,"[Tomatillo Red Chili Salsa, [Rice, Cheese, Sour Cream, Lettuce]]",$9.25 
2299,923,1,Carnitas Soft Tacos,"[Tomatillo Red Chili Salsa, [Rice, Cheese, Sour Cream, Lettuce]]",$9.25 
3695,1481,1,Carnitas Soft Tacos,"[Tomatillo Red Chili Salsa, [Rice, Cheese, Sour Cream, Lettuce]]",$9.25 
3814,1529,1,Carnitas Soft Tacos,"[Tomatillo Red Chili Salsa, [Rice, Cheese, Sour Cream, Lettuce]]",$9.25 
815,336,1,Chicken Bowl,"[Tomatillo Red Chili Salsa, [Rice, Cheese, Sour Cream, Lettuce]]",$8.75 
2211,891,1,Chicken Bowl,"[Tomatillo Red Chili Salsa, [Rice, Cheese, Sour Cream, Lettuce]]",$8.75 
2324,926,1,Chicken Burrito,"[Tomatillo Red Chili Salsa, [Rice, Cheese, Sour Cream, Lettuce]]",$8.75 
75,34,1,Chicken Soft Tacos,"[Tomatillo Red Chili Salsa, [Rice, Cheese, Sour Cream, Lettuce]]",$8.75 
1111,460,1,Steak Bowl,"[Tomatillo Red Chili Salsa, [Rice, Cheese, Sour Cream, Lettuce]]",$9.25 
1503,611,1,Steak Bowl,"[Tomatillo Red Chili Salsa, [Rice, Cheese, Sour Cream, Lettuce]]",$9.25 
169,75,1,Chicken Burrito,"[Tomatillo Red Chili Salsa, [Rice, Cheese, Sour Cream]]",$8.75 
1707,691,1,Chicken Burrito,"[Tomatillo Red Chili Salsa, [Rice, Cheese, Sour Cream]]",$8.75 
1800,728,1,Chicken Burrito,"[Tomatillo Red Chili Salsa, [Rice, Cheese, Sour Cream]]",$8.75 
2871,1141,1,Chicken Burrito,"[Tomatillo Red Chili Salsa, [Rice, Cheese, Sour Cream]]",$8.75 
2990,1190,1,Chicken Burrito,"[Tomatillo Red Chili Salsa, [Rice, Cheese, Sour Cream]]",$8.75 
1801,728,1,Chicken Soft Tacos,"[Tomatillo Red Chili Salsa, [Rice, Cheese, Sour Cream]]",$8.75 
2176,879,1,Steak Burrito,"[Tomatillo Red Chili Salsa, [Rice, Cheese, Sour Cream]]",$9.25 
4039,1616,1,Barbacoa Burrito,"[Tomatillo Red Chili Salsa, [Rice, Cheese]]",$9.25 
327,143,1,Chicken Bowl,"[Tomatillo Red Chili Salsa, [Rice, Cheese]]",$8.75 
3118,1244,1,Chicken Burrito,"[Tomatillo Red Chili Salsa, [Rice, Cheese]]",$8.75 
4460,1778,1,Chicken Burrito,"[Tomatillo Red Chili Salsa, [Rice, Cheese]]",$8.75 
2668,1059,1,Chicken Crispy Tacos,"[Tomatillo Red Chili Salsa, [Rice, Cheese]]",$8.75 
4333,1730,1,Chicken Salad Bowl,"[Tomatillo Red Chili Salsa, [Rice, Cheese]]",$8.75 
3455,1389,1,Chicken Soft Tacos,"[Tomatillo Red Chili Salsa, [Rice, Cheese]]",$8.75 
3860,1547,1,Chicken Soft Tacos,"[Tomatillo Red Chili Salsa, [Rice, Cheese]]",$8.75 
784,323,1,Steak Bowl,"[Tomatillo Red Chili Salsa, [Rice, Cheese]]",$9.25 
2577,1021,1,Chicken Bowl,"[Tomatillo Red Chili Salsa, [Rice, Fajita Vegetables, Black Beans, Cheese, Lettuce, Guacamole]]",$11.25 
715,295,1,Chicken Burrito,"[Tomatillo Red Chili Salsa, [Rice, Fajita Vegetables, Black Beans, Cheese, Lettuce, Guacamole]]",$11.25 
4352,1738,1,Chicken Salad Bowl,"[Tomatillo Red Chili Salsa, [Rice, Fajita Vegetables, Black Beans, Cheese, Lettuce]]",$8.75 
4353,1738,1,Chicken Burrito,"[Tomatillo Red Chili Salsa, [Rice, Fajita Vegetables, Black Beans, Lettuce]]",$8.75 
4592,1825,1,Barbacoa Burrito,"[Tomatillo Red Chili Salsa, [Rice, Fajita Vegetables, Black Beans, Sour Cream, Cheese, Guacamole]]",$11.75 
2762,1097,1,Barbacoa Bowl,"[Tomatillo Red Chili Salsa, [Rice, Fajita Vegetables, Black Beans, Sour Cream, Cheese, Lettuce, Guacamole]]",$11.75 
3779,1513,1,Chicken Burrito,"[Tomatillo Red Chili Salsa, [Rice, Fajita Vegetables, Black Beans, Sour Cream, Cheese, Lettuce, Guacamole]]",$11.25 
804,331,1,Barbacoa Bowl,"[Tomatillo Red Chili Salsa, [Rice, Fajita Vegetables, Black Beans, Sour Cream, Cheese]]",$9.25 
805,331,1,Chicken Bowl,"[Tomatillo Red Chili Salsa, [Rice, Fajita Vegetables, Black Beans, Sour Cream, Cheese]]",$8.75 
4032,1613,1,Steak Bowl,"[Tomatillo Red Chili Salsa, [Rice, Fajita Vegetables, Cheese, Lettuce, Guacamole]]",$11.75 
4246,1695,1,Steak Burrito,"[Tomatillo Red Chili Salsa, [Rice, Fajita Vegetables, Cheese, Lettuce, Guacamole]]",$11.75 
4445,1772,1,Steak Burrito,"[Tomatillo Red Chili Salsa, [Rice, Fajita Vegetables, Cheese, Lettuce, Guacamole]]",$11.75 
2515,999,1,Chicken Crispy Tacos,"[Tomatillo Red Chili Salsa, [Rice, Fajita Vegetables, Cheese, Lettuce]]",$8.75 
3786,1515,1,Barbacoa Burrito,"[Tomatillo Red Chili Salsa, [Rice, Fajita Vegetables, Pinto Beans, Sour Cream, Cheese]]",$9.25 
2480,984,1,Steak Burrito,"[Tomatillo Red Chili Salsa, [Rice, Fajita Vegetables, Pinto Beans, Sour Cream, Lettuce]]",$9.25 
2986,1188,1,Barbacoa Burrito,"[Tomatillo Red Chili Salsa, [Rice, Fajita Vegetables, Sour Cream, Cheese, Lettuce, Guacamole]]",$11.75 
383,166,1,Steak Burrito,"[Tomatillo Red Chili Salsa, [Rice, Fajita Vegetables, Sour Cream, Cheese, Lettuce, Guacamole]]",$11.75 
99,44,1,Chicken Bowl,"[Tomatillo Red Chili Salsa, [Rice, Fajita Vegetables, Sour Cream, Lettuce]]",$8.75 
2000,807,1,Carnitas Soft Tacos,"[Tomatillo Red Chili Salsa, [Rice, Lettuce]]",$9.25 
2405,953,1,Steak Burrito,"[Tomatillo Red Chili Salsa, [Rice, Lettuce]]",$9.25 
127,56,1,Barbacoa Bowl,"[Tomatillo Red Chili Salsa, [Rice, Pinto Beans, Cheese, Lettuce]]",$9.25 
1672,677,1,Chicken Bowl,"[Tomatillo Red Chili Salsa, [Rice, Pinto Beans, Cheese, Lettuce]]",$8.75 
1710,691,1,Chicken Burrito,"[Tomatillo Red Chili Salsa, [Rice, Pinto Beans, Cheese, Lettuce]]",$8.75 
1993,805,1,Steak Burrito,"[Tomatillo Red Chili Salsa, [Rice, Pinto Beans, Cheese, Lettuce]]",$9.25 
4113,1648,1,Steak Burrito,"[Tomatillo Red Chili Salsa, [Rice, Pinto Beans, Cheese, Lettuce]]",$9.25 
723,299,1,Barbacoa Burrito,"[Tomatillo Red Chili Salsa, [Rice, Pinto Beans, Cheese, Sour Cream, Lettuce]]",$9.25 
181,82,1,Barbacoa Soft Tacos,"[Tomatillo Red Chili Salsa, [Rice, Pinto Beans, Cheese, Sour Cream]]",$9.25 
611,252,1,Barbacoa Soft Tacos,"[Tomatillo Red Chili Salsa, [Rice, Pinto Beans, Cheese, Sour Cream]]",$9.25 
857,353,1,Barbacoa Soft Tacos,"[Tomatillo Red Chili Salsa, [Rice, Pinto Beans, Cheese, Sour Cream]]",$9.25 
1240,506,1,Barbacoa Soft Tacos,"[Tomatillo Red Chili Salsa, [Rice, Pinto Beans, Cheese, Sour Cream]]",$9.25 
2259,910,1,Barbacoa Soft Tacos,"[Tomatillo Red Chili Salsa, [Rice, Pinto Beans, Cheese, Sour Cream]]",$9.25 
2780,1103,1,Barbacoa Soft Tacos,"[Tomatillo Red Chili Salsa, [Rice, Pinto Beans, Cheese, Sour Cream]]",$9.25 
2581,1024,2,Carnitas Burrito,"[Tomatillo Red Chili Salsa, [Rice, Pinto Beans, Cheese, Sour Cream]]",$18.50 
3958,1586,1,Steak Burrito,"[Tomatillo Red Chili Salsa, [Rice, Pinto Beans, Cheese, Sour Cream]]",$9.25 
2934,1167,1,Chicken Burrito,"[Tomatillo Red Chili Salsa, [Rice, Pinto Beans, Cheese]]",$8.75 
3125,1246,1,Chicken Burrito,"[Tomatillo Red Chili Salsa, [Rice, Pinto Beans, Cheese]]",$8.75 
4256,1698,1,Chicken Burrito,"[Tomatillo Red Chili Salsa, [Rice, Pinto Beans, Cheese]]",$8.75 
4415,1761,1,Chicken Burrito,"[Tomatillo Red Chili Salsa, [Rice, Pinto Beans, Cheese]]",$8.75 
4454,1775,1,Chicken Burrito,"[Tomatillo Red Chili Salsa, [Rice, Pinto Beans, Cheese]]",$8.75 
444,192,1,Steak Bowl,"[Tomatillo Red Chili Salsa, [Rice, Pinto Beans, Cheese]]",$9.25 
2001,807,1,Chicken Bowl,"[Tomatillo Red Chili Salsa, [Rice, Pinto Beans, Guacamole, Lettuce]]",$11.25 
4220,1684,1,Steak Bowl,"[Tomatillo Red Chili Salsa, [Rice, Pinto Beans, Guacamole, Lettuce]]",$11.75 
2227,898,1,Steak Crispy Tacos,"[Tomatillo Red Chili Salsa, [Rice, Pinto Beans, Sour Cream, Cheese, Lettuce]]",$9.25 
1751,707,1,Chicken Burrito,"[Tomatillo Red Chili Salsa, [Rice, Pinto Beans, Sour Cream, Guacamole, Lettuce]]",$11.25 
2643,1051,1,Chicken Burrito,"[Tomatillo Red Chili Salsa, [Rice, Pinto Beans, Sour Cream, Guacamole, Lettuce]]",$11.25 
2978,1185,1,Chicken Burrito,"[Tomatillo Red Chili Salsa, [Rice, Pinto Beans, Sour Cream, Guacamole, Lettuce]]",$11.25 
3414,1370,1,Chicken Burrito,"[Tomatillo Red Chili Salsa, [Rice, Pinto Beans, Sour Cream, Guacamole, Lettuce]]",$11.25 
3544,1425,1,Chicken Burrito,"[Tomatillo Red Chili Salsa, [Rice, Pinto Beans, Sour Cream, Guacamole, Lettuce]]",$11.25 
144,65,1,Barbacoa Burrito,"[Tomatillo Red Chili Salsa, [Rice, Sour Cream, Cheese, Guacamole]]",$11.75 
871,360,1,Chicken Bowl,"[Tomatillo Red Chili Salsa, [Rice, Sour Cream, Cheese, Guacamole]]",$11.25 
2387,949,1,Steak Bowl,"[Tomatillo Red Chili Salsa, [Rice, Sour Cream, Cheese, Lettuce]]",$9.25 
3516,1414,1,Chicken Burrito,"[Tomatillo Red Chili Salsa, [Rice, Sour Cream]]",$8.75 
3518,1414,1,Chicken Soft Tacos,"[Tomatillo Red Chili Salsa, [Rice, Sour Cream]]",$8.75 
3093,1232,1,Chicken Bowl,"[Tomatillo Red Chili Salsa, [Sour Cream, Cheese, Guacamole, Lettuce, Black Beans, Rice]]",$11.25 
3127,1247,1,Chicken Burrito,"[Tomatillo Red Chili Salsa, [Sour Cream, Cheese, Rice]]",$8.75 
2375,945,1,Chicken Crispy Tacos,"[Tomatillo Red Chili Salsa, Cheese]",$8.75 
4030,1613,1,Chicken Soft Tacos,"[Tomatillo Red Chili Salsa, Cheese]",$8.75 
4247,1695,1,Chicken Soft Tacos,"[Tomatillo Red Chili Salsa, Cheese]",$8.75 
2597,1030,1,Chicken Bowl,"[Tomatillo Red Chili Salsa, Fajita Vegetables]",$8.75 
1968,795,1,Chicken Burrito,"[Tomatillo Red Chili Salsa, Lettuce]",$8.75 
2621,1041,1,Chicken Bowl,"[Tomatillo Red Chili Salsa, Rice]",$8.75 
1656,670,2,Chicken Burrito,"[Tomatillo Red Chili Salsa, Rice]",$17.50 
1657,670,1,Chicken Soft Tacos,"[Tomatillo Red Chili Salsa, Rice]",$8.75 
1168,481,1,Steak Crispy Tacos,"[Tomatillo Red Chili Salsa, Rice]",$9.25 
1858,753,1,Steak Burrito,"[Tomatillo Red Chili Salsa, Sour Cream]",$9.25 
1417,576,1,Barbacoa Bowl,[Tomatillo Red Chili Salsa],$9.25 
1970,795,1,Barbacoa Bowl,[Tomatillo Red Chili Salsa],$9.25 
974,400,1,Carnitas Burrito,[Tomatillo Red Chili Salsa],$9.25 
415,181,2,Chicken Bowl,[Tomatillo Red Chili Salsa],$17.50 
551,230,1,Chicken Burrito,[Tomatillo Red Chili Salsa],$8.75 
885,366,2,Chicken Crispy Tacos,[Tomatillo Red Chili Salsa],$17.50 
886,366,1,Steak Burrito,[Tomatillo Red Chili Salsa],$9.25 
1013,416,1,Steak Burrito,[Tomatillo Red Chili Salsa],$9.25 
84,37,1,Steak Soft Tacos,[Tomatillo Red Chili Salsa],$9.25 
1174,483,1,Barbacoa Bowl,"[Tomatillo-Green Chili Salsa (Medium), [Black Beans, Rice, Cheese, Guacamole]]",$11.48 
1235,504,1,Barbacoa Bowl,"[Tomatillo-Green Chili Salsa (Medium), [Black Beans, Rice, Cheese, Guacamole]]",$11.48 
2681,1065,1,Chicken Burrito,"[Tomatillo-Green Chili Salsa (Medium), [Black Beans, Rice, Cheese, Lettuce]]",$8.49 
1466,596,1,Chicken Burrito,"[Tomatillo-Green Chili Salsa (Medium), [Black Beans, Rice, Cheese, Sour Cream, Guacamole, Lettuce]]",$10.98 
1863,755,1,Veggie Bowl,"[Tomatillo-Green Chili Salsa (Medium), [Black Beans, Rice, Cheese, Sour Cream, Guacamole, Lettuce]]",$10.98 
2285,917,1,Chicken Burrito,"[Tomatillo-Green Chili Salsa (Medium), [Black Beans, Rice, Cheese, Sour Cream, Guacamole]]",$10.98 
2154,868,1,Chicken Burrito,"[Tomatillo-Green Chili Salsa (Medium), [Black Beans, Rice, Cheese, Sour Cream, Lettuce]]",$8.49 
229,101,1,Steak Burrito,"[Tomatillo-Green Chili Salsa (Medium), [Black Beans, Rice, Cheese, Sour Cream, Lettuce]]",$8.99 
1934,783,1,Chicken Bowl,"[Tomatillo-Green Chili Salsa (Medium), [Black Beans, Rice, Cheese, Sour Cream]]",$8.49 
3309,1326,1,Chicken Crispy Tacos,"[Tomatillo-Green Chili Salsa (Medium), [Black Beans, Rice, Cheese]]",$8.49 
3063,1220,1,Steak Burrito,"[Tomatillo-Green Chili Salsa (Medium), [Black Beans, Rice, Cheese]]",$8.99 
847,349,1,Veggie Burrito,"[Tomatillo-Green Chili Salsa (Medium), [Black Beans, Rice, Cheese]]",$8.49 
2942,1170,2,Chicken Bowl,"[Tomatillo-Green Chili Salsa (Medium), [Black Beans, Rice, Fajita Veggies, Cheese, Sour Cream, Guacamole, Lettuce]]",$21.96 
3590,1440,1,Chicken Burrito,"[Tomatillo-Green Chili Salsa (Medium), [Black Beans, Rice, Fajita Veggies, Cheese, Sour Cream, Lettuce]]",$8.49 
1145,472,1,Veggie Burrito,"[Tomatillo-Green Chili Salsa (Medium), [Black Beans, Rice, Fajita Veggies, Cheese, Sour Cream]]",$8.49 
834,344,1,Chicken Burrito,"[Tomatillo-Green Chili Salsa (Medium), [Black Beans, Rice, Fajita Veggies, Sour Cream]]",$8.49 
2417,959,1,Chicken Burrito,"[Tomatillo-Green Chili Salsa (Medium), [Cheese, Lettuce]]",$8.49 
314,136,1,Steak Burrito,"[Tomatillo-Green Chili Salsa (Medium), [Cheese, Lettuce]]",$8.99 
3572,1433,1,Chicken Soft Tacos,"[Tomatillo-Green Chili Salsa (Medium), [Cheese, Sour Cream]]",$8.49 
1979,799,1,Steak Soft Tacos,"[Tomatillo-Green Chili Salsa (Medium), [Cheese, Sour Cream]]",$8.99 
2840,1128,1,Steak Soft Tacos,"[Tomatillo-Green Chili Salsa (Medium), [Cheese, Sour Cream]]",$8.99 
1397,568,1,Chicken Bowl,"[Tomatillo-Green Chili Salsa (Medium), [Fajita Veggies, Cheese, Guacamole, Lettuce]]",$10.98 
1195,490,1,Carnitas Crispy Tacos,"[Tomatillo-Green Chili Salsa (Medium), [Fajita Veggies, Cheese, Lettuce]]",$8.99 
3396,1362,1,Chicken Bowl,"[Tomatillo-Green Chili Salsa (Medium), [Pinto Beans, Black Beans, Rice, Fajita Veggies, Sour Cream, Lettuce]]",$8.49 
697,287,1,Chicken Soft Tacos,"[Tomatillo-Green Chili Salsa (Medium), [Pinto Beans, Cheese, Sour Cream, Lettuce]]",$8.49 
16,8,1,Chicken Burrito,"[Tomatillo-Green Chili Salsa (Medium), [Pinto Beans, Cheese, Sour Cream]]",$8.49 
1064,438,1,Chicken Burrito,"[Tomatillo-Green Chili Salsa (Medium), [Pinto Beans, Rice, Cheese, Sour Cream, Guacamole, Lettuce]]",$10.98 
29,15,1,Chicken Burrito,"[Tomatillo-Green Chili Salsa (Medium), [Pinto Beans, Rice, Cheese, Sour Cream]]",$8.49 
114,50,1,Chicken Burrito,"[Tomatillo-Green Chili Salsa (Medium), [Pinto Beans, Rice, Cheese, Sour Cream]]",$8.49 
132,58,1,Chicken Burrito,"[Tomatillo-Green Chili Salsa (Medium), [Pinto Beans, Rice, Cheese, Sour Cream]]",$8.49 
152,69,1,Chicken Burrito,"[Tomatillo-Green Chili Salsa (Medium), [Pinto Beans, Rice, Cheese, Sour Cream]]",$8.49 
197,88,1,Chicken Burrito,"[Tomatillo-Green Chili Salsa (Medium), [Pinto Beans, Rice, Cheese, Sour Cream]]",$8.49 
270,118,1,Chicken Burrito,"[Tomatillo-Green Chili Salsa (Medium), [Pinto Beans, Rice, Cheese, Sour Cream]]",$8.49 
3571,1433,1,Chicken Burrito,"[Tomatillo-Green Chili Salsa (Medium), [Pinto Beans, Rice, Cheese, Sour Cream]]",$8.49 
1139,471,1,Steak Burrito,"[Tomatillo-Green Chili Salsa (Medium), [Pinto Beans, Rice, Cheese, Sour Cream]]",$8.99 
3331,1334,2,Chicken Burrito,"[Tomatillo-Green Chili Salsa (Medium), [Pinto Beans, Rice, Fajita Veggies, Cheese, Sour Cream, Guacamole, Lettuce]]",$21.96 
1464,595,1,Chicken Burrito,"[Tomatillo-Green Chili Salsa (Medium), [Pinto Beans, Rice, Fajita Veggies, Cheese, Sour Cream, Lettuce]]",$8.49 
1733,699,1,Chicken Bowl,"[Tomatillo-Green Chili Salsa (Medium), [Pinto Beans, Rice, Fajita Veggies, Lettuce]]",$8.49 
147,66,1,Steak Burrito,"[Tomatillo-Green Chili Salsa (Medium), [Rice, Black Beans, Sour Cream, Guacamole]]",$11.48 
2041,821,1,Chicken Burrito,"[Tomatillo-Green Chili Salsa (Medium), [Rice, Cheese, Guacamole]]",$10.98 
2143,863,1,Chicken Burrito,"[Tomatillo-Green Chili Salsa (Medium), [Rice, Cheese, Guacamole]]",$10.98 
2579,1022,1,Chicken Burrito,"[Tomatillo-Green Chili Salsa (Medium), [Rice, Cheese, Sour Cream, Guacamole]]",$10.98 
717,296,1,Barbacoa Burrito,"[Tomatillo-Green Chili Salsa (Medium), [Rice, Cheese, Sour Cream, Lettuce]]",$8.99 
1119,463,1,Barbacoa Burrito,"[Tomatillo-Green Chili Salsa (Medium), [Rice, Cheese, Sour Cream, Lettuce]]",$8.99 
1584,641,1,Barbacoa Burrito,"[Tomatillo-Green Chili Salsa (Medium), [Rice, Cheese, Sour Cream, Lettuce]]",$8.99 
2962,1178,1,Barbacoa Burrito,"[Tomatillo-Green Chili Salsa (Medium), [Rice, Cheese, Sour Cream, Lettuce]]",$8.99 
4010,1605,1,Chicken Bowl,"[Tomatillo-Green Chili Salsa (Medium), [Rice, Cheese, Sour Cream, Lettuce]]",$8.49 
102,45,1,Steak Bowl,"[Tomatillo-Green Chili Salsa (Medium), [Rice, Cheese, Sour Cream, Lettuce]]",$8.99 
101,45,1,Steak Burrito,"[Tomatillo-Green Chili Salsa (Medium), [Rice, Cheese, Sour Cream, Lettuce]]",$8.99 
1339,547,1,Steak Burrito,"[Tomatillo-Green Chili Salsa (Medium), [Rice, Cheese, Sour Cream, Lettuce]]",$8.99 
3910,1568,1,Steak Soft Tacos,"[Tomatillo-Green Chili Salsa (Medium), [Rice, Cheese, Sour Cream, Lettuce]]",$8.99 
3809,1527,1,Barbacoa Burrito,"[Tomatillo-Green Chili Salsa (Medium), [Rice, Cheese, Sour Cream]]",$8.99 
3668,1468,1,Steak Burrito,"[Tomatillo-Green Chili Salsa (Medium), [Rice, Fajita Veggies, Cheese, Lettuce]]",$8.99 
2328,927,1,Steak Burrito,"[Tomatillo-Green Chili Salsa (Medium), [Rice, Fajita Veggies, Cheese, Sour Cream, Lettuce]]",$8.99 
3556,1429,1,Steak Burrito,"[Tomatillo-Green Chili Salsa (Medium), [Rice, Fajita Veggies, Cheese, Sour Cream, Lettuce]]",$8.99 
178,81,1,Chicken Burrito,"[Tomatillo-Green Chili Salsa (Medium), [Rice, Fajita Veggies, Cheese, Sour Cream]]",$8.49 
2670,1060,1,Chicken Burrito,"[Tomatillo-Green Chili Salsa (Medium), [Rice, Fajita Veggies, Lettuce]]",$8.49 
2970,1182,1,Steak Bowl,"[Tomatillo-Green Chili Salsa (Medium), [Rice, Pinto Beans, Cheese, Sour Cream, Lettuce]]",$8.99 
772,319,1,Chicken Bowl,"[Tomatillo-Green Chili Salsa (Medium), Black Beans]",$8.49 
773,319,1,Chicken Bowl,"[Tomatillo-Green Chili Salsa (Medium), Black Beans]",$8.49 
174,78,1,Chicken Burrito,"[Tomatillo-Green Chili Salsa (Medium), Lettuce]",$8.49 
774,319,1,Steak Crispy Tacos,"[Tomatillo-Green Chili Salsa (Medium), Pinto Beans]",$8.99 
2487,988,1,Chicken Bowl,"[Tomatillo-Red Chili Salsa (Hot), [Black Beans, Cheese, Lettuce]]",$8.49 
1019,419,1,Barbacoa Crispy Tacos,"[Tomatillo-Red Chili Salsa (Hot), [Black Beans, Cheese, Sour Cream, Lettuce]]",$8.99 
1361,555,1,Chicken Soft Tacos,"[Tomatillo-Red Chili Salsa (Hot), [Black Beans, Cheese, Sour Cream, Lettuce]]",$8.49 
45,21,1,Chicken Burrito,"[Tomatillo-Red Chili Salsa (Hot), [Black Beans, Fajita Veggies, Cheese, Sour Cream, Guacamole, Lettuce]]",$10.98 
68,30,1,Chicken Burrito,"[Tomatillo-Red Chili Salsa (Hot), [Black Beans, Fajita Veggies, Cheese, Sour Cream, Guacamole, Lettuce]]",$10.98 
2757,1095,1,Chicken Burrito,"[Tomatillo-Red Chili Salsa (Hot), [Black Beans, Fajita Veggies, Cheese, Sour Cream, Lettuce]]",$8.49 
1649,667,1,Chicken Bowl,"[Tomatillo-Red Chili Salsa (Hot), [Black Beans, Rice, Cheese, Lettuce]]",$8.49 
1660,671,1,Chicken Bowl,"[Tomatillo-Red Chili Salsa (Hot), [Black Beans, Rice, Cheese, Lettuce]]",$8.49 
1855,752,1,Chicken Bowl,"[Tomatillo-Red Chili Salsa (Hot), [Black Beans, Rice, Cheese, Lettuce]]",$8.49 
2408,955,1,Chicken Bowl,"[Tomatillo-Red Chili Salsa (Hot), [Black Beans, Rice, Cheese, Lettuce]]",$8.49 
2543,1009,1,Chicken Bowl,"[Tomatillo-Red Chili Salsa (Hot), [Black Beans, Rice, Cheese, Lettuce]]",$8.49 
2813,1117,1,Chicken Bowl,"[Tomatillo-Red Chili Salsa (Hot), [Black Beans, Rice, Cheese, Lettuce]]",$8.49 
3497,1405,1,Chicken Bowl,"[Tomatillo-Red Chili Salsa (Hot), [Black Beans, Rice, Cheese, Lettuce]]",$8.49 
3717,1485,1,Chicken Bowl,"[Tomatillo-Red Chili Salsa (Hot), [Black Beans, Rice, Cheese, Lettuce]]",$8.49 
3933,1578,1,Chicken Bowl,"[Tomatillo-Red Chili Salsa (Hot), [Black Beans, Rice, Cheese, Lettuce]]",$8.49 
1155,477,1,Chicken Burrito,"[Tomatillo-Red Chili Salsa (Hot), [Black Beans, Rice, Cheese, Lettuce]]",$8.49 
1837,744,1,Chicken Soft Tacos,"[Tomatillo-Red Chili Salsa (Hot), [Black Beans, Rice, Cheese, Lettuce]]",$8.49 
4089,1638,1,Steak Burrito,"[Tomatillo-Red Chili Salsa (Hot), [Black Beans, Rice, Cheese, Lettuce]]",$8.99 
621,256,1,Chicken Burrito,"[Tomatillo-Red Chili Salsa (Hot), [Black Beans, Rice, Cheese, Sour Cream, Guacamole, Lettuce]]",$10.98 
3446,1385,1,Chicken Burrito,"[Tomatillo-Red Chili Salsa (Hot), [Black Beans, Rice, Cheese, Sour Cream, Guacamole, Lettuce]]",$10.98 
3094,1233,1,Steak Burrito,"[Tomatillo-Red Chili Salsa (Hot), [Black Beans, Rice, Cheese, Sour Cream, Guacamole, Lettuce]]",$11.48 
1362,556,1,Chicken Burrito,"[Tomatillo-Red Chili Salsa (Hot), [Black Beans, Rice, Cheese, Sour Cream, Guacamole]]",$10.98 
1452,589,1,Chicken Burrito,"[Tomatillo-Red Chili Salsa (Hot), [Black Beans, Rice, Cheese, Sour Cream, Guacamole]]",$10.98 
2158,870,1,Chicken Burrito,"[Tomatillo-Red Chili Salsa (Hot), [Black Beans, Rice, Cheese, Sour Cream, Guacamole]]",$10.98 
3967,1589,1,Chicken Burrito,"[Tomatillo-Red Chili Salsa (Hot), [Black Beans, Rice, Cheese, Sour Cream, Guacamole]]",$10.98 
750,310,1,Barbacoa Bowl,"[Tomatillo-Red Chili Salsa (Hot), [Black Beans, Rice, Cheese, Sour Cream, Lettuce]]",$8.99 
803,330,1,Barbacoa Bowl,"[Tomatillo-Red Chili Salsa (Hot), [Black Beans, Rice, Cheese, Sour Cream, Lettuce]]",$8.99 
1359,555,1,Carnitas Bowl,"[Tomatillo-Red Chili Salsa (Hot), [Black Beans, Rice, Cheese, Sour Cream, Lettuce]]",$8.99 
2951,1173,1,Carnitas Burrito,"[Tomatillo-Red Chili Salsa (Hot), [Black Beans, Rice, Cheese, Sour Cream, Lettuce]]",$8.99 
1838,744,1,Carnitas Crispy Tacos,"[Tomatillo-Red Chili Salsa (Hot), [Black Beans, Rice, Cheese, Sour Cream, Lettuce]]",$8.99 
660,274,1,Chicken Bowl,"[Tomatillo-Red Chili Salsa (Hot), [Black Beans, Rice, Cheese, Sour Cream, Lettuce]]",$8.49 
172,77,1,Chicken Burrito,"[Tomatillo-Red Chili Salsa (Hot), [Black Beans, Rice, Cheese, Sour Cream, Lettuce]]",$8.49 
204,91,1,Chicken Burrito,"[Tomatillo-Red Chili Salsa (Hot), [Black Beans, Rice, Cheese, Sour Cream, Lettuce]]",$8.49 
2652,1053,1,Chicken Burrito,"[Tomatillo-Red Chili Salsa (Hot), [Black Beans, Rice, Cheese, Sour Cream, Lettuce]]",$8.49 
1467,596,1,Chicken Soft Tacos,"[Tomatillo-Red Chili Salsa (Hot), [Black Beans, Rice, Cheese, Sour Cream, Lettuce]]",$8.49 
1077,444,1,Steak Bowl,"[Tomatillo-Red Chili Salsa (Hot), [Black Beans, Rice, Cheese, Sour Cream, Lettuce]]",$8.99 
2042,822,1,Steak Bowl,"[Tomatillo-Red Chili Salsa (Hot), [Black Beans, Rice, Cheese, Sour Cream, Lettuce]]",$8.99 
71,32,1,Steak Burrito,"[Tomatillo-Red Chili Salsa (Hot), [Black Beans, Rice, Cheese, Sour Cream, Lettuce]]",$8.99 
4,2,2,Chicken Bowl,"[Tomatillo-Red Chili Salsa (Hot), [Black Beans, Rice, Cheese, Sour Cream]]",$16.98 
1176,484,1,Steak Bowl,"[Tomatillo-Red Chili Salsa (Hot), [Black Beans, Rice, Cheese, Sour Cream]]",$8.99 
2043,822,1,Steak Bowl,"[Tomatillo-Red Chili Salsa (Hot), [Black Beans, Rice, Cheese, Sour Cream]]",$8.99 
274,120,1,Chicken Burrito,"[Tomatillo-Red Chili Salsa (Hot), [Black Beans, Rice, Cheese]]",$8.49 
351,151,1,Chicken Burrito,"[Tomatillo-Red Chili Salsa (Hot), [Black Beans, Rice, Cheese]]",$8.49 
954,392,1,Chicken Burrito,"[Tomatillo-Red Chili Salsa (Hot), [Black Beans, Rice, Cheese]]",$8.49 
1285,523,1,Chicken Burrito,"[Tomatillo-Red Chili Salsa (Hot), [Black Beans, Rice, Cheese]]",$8.49 
1322,539,1,Chicken Burrito,"[Tomatillo-Red Chili Salsa (Hot), [Black Beans, Rice, Cheese]]",$8.49 
1462,594,1,Carnitas Burrito,"[Tomatillo-Red Chili Salsa (Hot), [Black Beans, Rice, Fajita Veggies, Cheese, Lettuce]]",$8.99 
647,268,1,Chicken Bowl,"[Tomatillo-Red Chili Salsa (Hot), [Black Beans, Rice, Fajita Veggies, Cheese, Lettuce]]",$8.49 
664,276,1,Steak Salad,"[Tomatillo-Red Chili Salsa (Hot), [Black Beans, Rice, Fajita Veggies, Cheese, Lettuce]]",$8.99 
752,311,1,Steak Salad,"[Tomatillo-Red Chili Salsa (Hot), [Black Beans, Rice, Fajita Veggies, Cheese, Lettuce]]",$8.99 
33,17,1,Carnitas Bowl,"[Tomatillo-Red Chili Salsa (Hot), [Black Beans, Rice, Fajita Veggies, Cheese, Sour Cream, Lettuce]]",$8.99 
433,188,1,Carnitas Bowl,"[Tomatillo-Red Chili Salsa (Hot), [Black Beans, Rice, Fajita Veggies, Cheese, Sour Cream, Lettuce]]",$8.99 
1212,495,1,Carnitas Bowl,"[Tomatillo-Red Chili Salsa (Hot), [Black Beans, Rice, Fajita Veggies, Cheese, Sour Cream, Lettuce]]",$8.99 
691,285,1,Carnitas Burrito,"[Tomatillo-Red Chili Salsa (Hot), [Black Beans, Rice, Fajita Veggies, Cheese, Sour Cream, Lettuce]]",$8.99 
3832,1536,1,Chicken Burrito,"[Tomatillo-Red Chili Salsa (Hot), [Black Beans, Rice, Fajita Veggies, Cheese, Sour Cream, Lettuce]]",$8.49 
3833,1536,1,Chicken Soft Tacos,"[Tomatillo-Red Chili Salsa (Hot), [Black Beans, Rice, Fajita Veggies, Cheese, Sour Cream, Lettuce]]",$8.49 
64,29,1,Steak Burrito,"[Tomatillo-Red Chili Salsa (Hot), [Black Beans, Rice, Fajita Veggies, Cheese, Sour Cream, Lettuce]]",$8.99 
3878,1555,1,Chicken Burrito,"[Tomatillo-Red Chili Salsa (Hot), [Black Beans, Rice, Fajita Veggies, Cheese, Sour Cream]]",$8.49 
2943,1170,1,Steak Burrito,"[Tomatillo-Red Chili Salsa (Hot), [Black Beans, Rice, Fajita Veggies, Cheese]]",$8.99 
3732,1491,1,Chicken Burrito,"[Tomatillo-Red Chili Salsa (Hot), [Black Beans, Rice]]",$8.49 
3019,1201,1,Chicken Bowl,"[Tomatillo-Red Chili Salsa (Hot), [Cheese, Lettuce, Rice, Black Beans]]",$8.49 
2418,959,1,Steak Crispy Tacos,"[Tomatillo-Red Chili Salsa (Hot), [Cheese, Lettuce]]",$8.99 
3612,1447,2,Chicken Bowl,"[Tomatillo-Red Chili Salsa (Hot), [Cheese, Sour Cream, Fajita Veggies, Pinto Beans, Rice]]",$16.98 
3940,1580,1,Carnitas Soft Tacos,"[Tomatillo-Red Chili Salsa (Hot), [Cheese, Sour Cream, Lettuce]]",$8.99 
3621,1449,1,Chicken Soft Tacos,"[Tomatillo-Red Chili Salsa (Hot), [Cheese, Sour Cream, Lettuce]]",$8.49 
961,395,1,Steak Soft Tacos,"[Tomatillo-Red Chili Salsa (Hot), [Cheese, Sour Cream, Lettuce]]",$8.99 
1489,605,1,Chicken Soft Tacos,"[Tomatillo-Red Chili Salsa (Hot), [Fajita Veggies, Cheese, Sour Cream, Guacamole]]",$10.98 
3273,1311,1,Steak Burrito,"[Tomatillo-Red Chili Salsa (Hot), [Guacamole, Lettuce, Sour Cream, Rice, Cheese, Black Beans]]",$11.48 
1718,692,2,Chicken Burrito,"[Tomatillo-Red Chili Salsa (Hot), [Lettuce, Guacamole, Sour Cream, Cheese, Rice, Black Beans]]",$21.96 
1679,680,1,Carnitas Bowl,"[Tomatillo-Red Chili Salsa (Hot), [Lettuce, Sour Cream, Cheese, Fajita Veggies, Rice, Black Beans]]",$8.99 
2139,861,1,Steak Soft Tacos,"[Tomatillo-Red Chili Salsa (Hot), [Pinto Beans, Black Beans, Fajita Veggies, Cheese, Sour Cream, Lettuce]]",$8.99 
3812,1528,1,Chicken Bowl,"[Tomatillo-Red Chili Salsa (Hot), [Pinto Beans, Black Beans, Rice, Fajita Veggies, Cheese, Sour Cream, Lettuce]]",$8.49 
936,386,1,Veggie Bowl,"[Tomatillo-Red Chili Salsa (Hot), [Pinto Beans, Black Beans, Rice, Fajita Veggies, Cheese]]",$8.49 
85,38,1,Veggie Bowl,"[Tomatillo-Red Chili Salsa (Hot), [Pinto Beans, Black Beans, Rice, Fajita Veggies, Lettuce]]",$8.49 
268,117,1,Barbacoa Soft Tacos,"[Tomatillo-Red Chili Salsa (Hot), [Pinto Beans, Cheese, Sour Cream, Lettuce]]",$8.99 
2875,1142,1,Steak Burrito,"[Tomatillo-Red Chili Salsa (Hot), [Pinto Beans, Cheese, Sour Cream, Lettuce]]",$8.99 
1020,419,1,Steak Crispy Tacos,"[Tomatillo-Red Chili Salsa (Hot), [Pinto Beans, Cheese, Sour Cream, Lettuce]]",$8.99 
2874,1142,2,Steak Crispy Tacos,"[Tomatillo-Red Chili Salsa (Hot), [Pinto Beans, Cheese, Sour Cream, Lettuce]]",$17.98 
2075,837,2,Chicken Bowl,"[Tomatillo-Red Chili Salsa (Hot), [Pinto Beans, Cheese, Sour Cream, Rice, Fajita Veggies, Guacamole]]",$21.96 
2889,1149,1,Chicken Burrito,"[Tomatillo-Red Chili Salsa (Hot), [Pinto Beans, Rice, Cheese, Guacamole]]",$10.98 
1210,494,1,Chicken Bowl,"[Tomatillo-Red Chili Salsa (Hot), [Pinto Beans, Rice, Cheese, Sour Cream, Guacamole]]",$10.98 
2797,1111,1,Chicken Burrito,"[Tomatillo-Red Chili Salsa (Hot), [Pinto Beans, Rice, Cheese, Sour Cream, Guacamole]]",$10.98 
397,172,1,Barbacoa Burrito,"[Tomatillo-Red Chili Salsa (Hot), [Pinto Beans, Rice, Cheese, Sour Cream, Lettuce]]",$8.99 
3850,1543,1,Chicken Bowl,"[Tomatillo-Red Chili Salsa (Hot), [Pinto Beans, Rice, Cheese, Sour Cream, Lettuce]]",$8.49 
524,219,1,Steak Bowl,"[Tomatillo-Red Chili Salsa (Hot), [Pinto Beans, Rice, Cheese, Sour Cream, Lettuce]]",$8.99 
942,388,1,Steak Burrito,"[Tomatillo-Red Chili Salsa (Hot), [Pinto Beans, Rice, Cheese, Sour Cream]]",$8.99 
2255,908,1,Chicken Burrito,"[Tomatillo-Red Chili Salsa (Hot), [Pinto Beans, Rice, Fajita Veggies, Cheese, Lettuce]]",$8.49 
86,38,1,Steak Bowl,"[Tomatillo-Red Chili Salsa (Hot), [Pinto Beans, Rice, Fajita Veggies, Cheese, Lettuce]]",$8.99 
3151,1257,2,Chicken Bowl,"[Tomatillo-Red Chili Salsa (Hot), [Pinto Beans, Rice, Fajita Veggies, Cheese, Sour Cream, Guacamole]]",$21.96 
3508,1410,2,Chicken Bowl,"[Tomatillo-Red Chili Salsa (Hot), [Pinto Beans, Rice, Fajita Veggies, Cheese, Sour Cream, Guacamole]]",$21.96 
3672,1470,1,Chicken Bowl,"[Tomatillo-Red Chili Salsa (Hot), [Pinto Beans, Rice, Fajita Veggies, Cheese, Sour Cream, Guacamole]]",$10.98 
890,368,1,Chicken Bowl,"[Tomatillo-Red Chili Salsa (Hot), [Pinto Beans, Rice, Fajita Veggies, Cheese, Sour Cream, Lettuce]]",$8.49 
1705,690,1,Chicken Bowl,"[Tomatillo-Red Chili Salsa (Hot), [Pinto Beans, Rice, Fajita Veggies, Cheese, Sour Cream]]",$8.49 
3357,1347,1,Chicken Bowl,"[Tomatillo-Red Chili Salsa (Hot), [Pinto Beans, Rice, Fajita Veggies, Cheese, Sour Cream]]",$8.49 
3332,1335,1,Chicken Burrito,"[Tomatillo-Red Chili Salsa (Hot), [Pinto Beans, Rice, Fajita Veggies, Cheese, Sour Cream]]",$8.49 
259,112,1,Steak Bowl,"[Tomatillo-Red Chili Salsa (Hot), [Pinto Beans, Rice, Fajita Veggies, Cheese, Sour Cream]]",$8.99 
258,112,1,Steak Burrito,"[Tomatillo-Red Chili Salsa (Hot), [Pinto Beans, Rice, Fajita Veggies, Cheese, Sour Cream]]",$8.99 
2548,1010,1,Chicken Bowl,"[Tomatillo-Red Chili Salsa (Hot), [Rice, Black Beans, Cheese, Lettuce]]",$8.49 
2971,1182,1,Chicken Bowl,"[Tomatillo-Red Chili Salsa (Hot), [Rice, Black Beans, Cheese, Lettuce]]",$8.49 
2973,1182,1,Chicken Bowl,"[Tomatillo-Red Chili Salsa (Hot), [Rice, Black Beans, Cheese, Lettuce]]",$8.49 
3382,1358,1,Chicken Burrito,"[Tomatillo-Red Chili Salsa (Hot), [Rice, Black Beans, Cheese, Lettuce]]",$8.49 
2974,1182,1,Steak Bowl,"[Tomatillo-Red Chili Salsa (Hot), [Rice, Black Beans, Cheese]]",$8.99 
2617,1039,1,Chicken Burrito,"[Tomatillo-Red Chili Salsa (Hot), [Rice, Black Beans, Fajita Veggies, Guacamole]]",$10.98 
3184,1273,1,Barbacoa Soft Tacos,"[Tomatillo-Red Chili Salsa (Hot), [Rice, Cheese, Guacamole]]",$11.48 
2462,977,1,Barbacoa Burrito,"[Tomatillo-Red Chili Salsa (Hot), [Rice, Cheese, Lettuce]]",$8.99 
278,122,1,Steak Soft Tacos,"[Tomatillo-Red Chili Salsa (Hot), [Rice, Cheese, Lettuce]]",$8.99 
412,180,1,Steak Bowl,"[Tomatillo-Red Chili Salsa (Hot), [Rice, Cheese, Sour Cream, Guacamole, Lettuce]]",$11.48 
3557,1429,1,Chicken Burrito,"[Tomatillo-Red Chili Salsa (Hot), [Rice, Cheese, Sour Cream, Guacamole]]",$10.98 
3016,1199,1,Steak Bowl,"[Tomatillo-Red Chili Salsa (Hot), [Rice, Cheese, Sour Cream, Guacamole]]",$11.48 
385,167,1,Barbacoa Burrito,"[Tomatillo-Red Chili Salsa (Hot), [Rice, Cheese, Sour Cream, Lettuce]]",$8.99 
3149,1256,1,Barbacoa Burrito,"[Tomatillo-Red Chili Salsa (Hot), [Rice, Cheese, Sour Cream, Lettuce]]",$8.99 
1609,651,1,Chicken Bowl,"[Tomatillo-Red Chili Salsa (Hot), [Rice, Cheese, Sour Cream, Lettuce]]",$8.49 
1762,711,1,Chicken Bowl,"[Tomatillo-Red Chili Salsa (Hot), [Rice, Cheese, Sour Cream, Lettuce]]",$8.49 
2511,998,1,Chicken Bowl,"[Tomatillo-Red Chili Salsa (Hot), [Rice, Cheese, Sour Cream, Lettuce]]",$8.49 
148,67,2,Steak Burrito,"[Tomatillo-Red Chili Salsa (Hot), [Rice, Cheese, Sour Cream, Lettuce]]",$17.98 
431,187,1,Steak Burrito,"[Tomatillo-Red Chili Salsa (Hot), [Rice, Cheese, Sour Cream, Lettuce]]",$8.99 
2819,1119,1,Steak Burrito,"[Tomatillo-Red Chili Salsa (Hot), [Rice, Cheese, Sour Cream, Lettuce]]",$8.99 
3909,1568,1,Steak Burrito,"[Tomatillo-Red Chili Salsa (Hot), [Rice, Cheese, Sour Cream, Lettuce]]",$8.99 
2963,1178,1,Steak Crispy Tacos,"[Tomatillo-Red Chili Salsa (Hot), [Rice, Cheese, Sour Cream, Lettuce]]",$8.99 
65,29,1,Steak Soft Tacos,"[Tomatillo-Red Chili Salsa (Hot), [Rice, Cheese, Sour Cream, Lettuce]]",$8.99 
1100,454,1,Barbacoa Burrito,"[Tomatillo-Red Chili Salsa (Hot), [Rice, Cheese, Sour Cream]]",$8.99 
1015,417,1,Steak Burrito,"[Tomatillo-Red Chili Salsa (Hot), [Rice, Cheese, Sour Cream]]",$8.99 
1154,477,1,Steak Burrito,"[Tomatillo-Red Chili Salsa (Hot), [Rice, Cheese, Sour Cream]]",$8.99 
67,30,1,Steak Burrito,"[Tomatillo-Red Chili Salsa (Hot), [Rice, Cheese]]",$8.99 
348,150,1,Chicken Bowl,"[Tomatillo-Red Chili Salsa (Hot), [Rice, Fajita Veggies, Cheese, Sour Cream, Lettuce]]",$8.49 
937,386,1,Chicken Bowl,"[Tomatillo-Red Chili Salsa (Hot), [Rice, Fajita Veggies, Cheese, Sour Cream, Lettuce]]",$8.49 
1640,662,1,Steak Burrito,"[Tomatillo-Red Chili Salsa (Hot), [Rice, Fajita Veggies, Cheese, Sour Cream, Lettuce]]",$8.99 
3941,1580,1,Chicken Burrito,"[Tomatillo-Red Chili Salsa (Hot), [Rice, Fajita Veggies, Cheese, Sour Cream]]",$8.49 
46,21,1,Steak Burrito,"[Tomatillo-Red Chili Salsa (Hot), [Rice, Fajita Veggies, Cheese]]",$8.99 
2759,1095,1,Steak Burrito,"[Tomatillo-Red Chili Salsa (Hot), [Rice, Fajita Veggies, Cheese]]",$8.99 
2525,1004,2,Chicken Bowl,"[Tomatillo-Red Chili Salsa (Hot), [Rice, Fajita Veggies, Pinto Beans, Sour Cream, Cheese, Guacamole]]",$21.96 
1610,651,1,Chicken Bowl,"[Tomatillo-Red Chili Salsa (Hot), [Rice, Fajita Veggies, Sour Cream, Lettuce]]",$8.49 
2133,859,1,Chicken Burrito,"[Tomatillo-Red Chili Salsa (Hot), [Rice, Guacamole]]",$10.98 
3884,1557,1,Steak Burrito,"[Tomatillo-Red Chili Salsa (Hot), [Rice, Pinto Beans, Cheese]]",$8.99 
3843,1540,2,Chicken Bowl,"[Tomatillo-Red Chili Salsa (Hot), [Rice, Pinto Beans, Fajita Veggies, Cheese, Sour Cream, Guacamole]]",$21.96 
1832,741,2,Chicken Bowl,"[Tomatillo-Red Chili Salsa (Hot), [Sour Cream, Cheese, Fajita Veggies, Guacamole, Rice, Pinto Beans]]",$21.96 
923,381,1,Chicken Soft Tacos,"[Tomatillo-Red Chili Salsa (Hot), Cheese]",$8.49 
924,381,1,Chicken Soft Tacos,"[Tomatillo-Red Chili Salsa (Hot), Cheese]",$8.49 
313,136,1,Chicken Soft Tacos,"[Tomatillo-Red Chili Salsa (Hot), Fajita Veggies]",$8.49 
299,130,1,Steak Soft Tacos,"[Tomatillo-Red Chili Salsa (Hot), Lettuce]",$8.99 
509,213,1,Chicken Bowl,"[Tomatillo-Red Chili Salsa (Hot), Rice]",$8.49 
508,213,1,Steak Burrito,"[Tomatillo-Red Chili Salsa (Hot), Rice]",$8.99 
1415,575,1,Salad,"[White Rice, Adobo-Marinated and Grilled Chicken, Vegetarian Black Beans]",$7.40 
759,313,1,Burrito,"[White Rice, Adobo-Marinated and Grilled Steak, [Salsa, Cheese]]",$7.40 
760,313,1,Burrito,"[White Rice, Adobo-Marinated and Grilled Steak, Pinto Beans, [Sour Cream, Salsa, Cheese, Cilantro-Lime Rice]]",$7.40 
4235,1691,1,Chicken Bowl,[White Rice],$8.50 
4236,1691,1,Chicken Bowl,[White Rice],$8.50 
34,17,1,Bottled Water,,$1.09 
87,38,1,Bottled Water,,$1.09 
318,138,1,Bottled Water,,$1.09 
329,143,1,Bottled Water,,$1.50 
376,163,1,Bottled Water,,$1.50 
475,203,1,Bottled Water,,$1.50 
540,225,2,Bottled Water,,$3.00 
594,244,1,Bottled Water,,$1.50 
653,270,1,Bottled Water,,$1.50 
701,288,1,Bottled Water,,$1.09 
705,290,1,Bottled Water,,$1.50 
780,321,1,Bottled Water,,$1.09 
818,338,3,Bottled Water,,$3.27 
875,361,1,Bottled Water,,$1.50 
889,367,2,Bottled Water,,$3.00 
922,380,1,Bottled Water,,$1.50 
943,388,1,Bottled Water,,$1.09 
970,398,1,Bottled Water,,$1.50 
1002,412,1,Bottled Water,,$1.50 
1003,412,1,Bottled Water,,$1.50 
1080,445,1,Bottled Water,,$1.50 
1136,469,1,Bottled Water,,$1.50 
1140,471,1,Bottled Water,,$1.09 
1177,484,2,Bottled Water,,$2.18 
1182,485,2,Bottled Water,,$2.18 
1379,561,1,Bottled Water,,$1.50 
1402,570,1,Bottled Water,,$1.50 
1408,573,1,Bottled Water,,$1.50 
1410,573,1,Bottled Water,,$1.50 
1425,577,4,Bottled Water,,$6.00 
1436,582,1,Bottled Water,,$1.50 
1447,587,1,Bottled Water,,$1.50 
1477,600,1,Bottled Water,,$1.50 
1485,603,1,Bottled Water,,$1.50 
1591,644,1,Bottled Water,,$1.50 
1625,655,1,Bottled Water,,$1.50 
1727,696,1,Bottled Water,,$1.50 
1729,697,1,Bottled Water,,$1.50 
1752,707,1,Bottled Water,,$1.50 
1799,727,1,Bottled Water,,$1.50 
1854,751,1,Bottled Water,,$1.50 
1880,759,4,Bottled Water,,$6.00 
1889,762,1,Bottled Water,,$1.50 
1892,763,1,Bottled Water,,$1.50 
1913,773,1,Bottled Water,,$1.50 
1964,793,1,Bottled Water,,$1.50 
1971,796,1,Bottled Water,,$1.50 
1988,803,2,Bottled Water,,$3.00 
2015,813,1,Bottled Water,,$1.50 
2066,833,1,Bottled Water,,$1.50 
2068,834,2,Bottled Water,,$3.00 
2090,843,1,Bottled Water,,$1.50 
2097,846,1,Bottled Water,,$1.50 
2101,847,1,Bottled Water,,$1.50 
2130,857,1,Bottled Water,,$1.50 
2145,864,1,Bottled Water,,$1.50 
2167,874,1,Bottled Water,,$1.50 
2192,884,1,Bottled Water,,$1.50 
2199,887,1,Bottled Water,,$1.50 
2242,903,1,Bottled Water,,$1.50 
2278,916,1,Bottled Water,,$1.50 
2294,921,1,Bottled Water,,$1.50 
2333,929,1,Bottled Water,,$1.50 
2337,931,1,Bottled Water,,$1.50 
2341,933,1,Bottled Water,,$1.50 
2344,934,1,Bottled Water,,$1.50 
2410,955,1,Bottled Water,,$1.09 
2412,956,1,Bottled Water,,$1.50 
2416,958,1,Bottled Water,,$1.50 
2441,970,5,Bottled Water,,$7.50 
2458,975,2,Bottled Water,,$3.00 
2459,976,1,Bottled Water,,$1.50 
2545,1009,1,Bottled Water,,$1.09 
2578,1021,1,Bottled Water,,$1.50 
2623,1042,2,Bottled Water,,$3.00 
2627,1044,1,Bottled Water,,$1.50 
2632,1045,1,Bottled Water,,$1.50 
2679,1064,1,Bottled Water,,$1.50 
2691,1069,1,Bottled Water,,$1.50 
2700,1071,1,Bottled Water,,$1.50 
2709,1075,1,Bottled Water,,$1.50 
2744,1089,1,Bottled Water,,$1.50 
2754,1093,1,Bottled Water,,$1.09 
2799,1112,1,Bottled Water,,$1.50 
2806,1114,1,Bottled Water,,$1.50 
2815,1117,1,Bottled Water,,$1.09 
2823,1121,3,Bottled Water,,$3.27 
2880,1144,1,Bottled Water,,$1.50 
2881,1144,1,Bottled Water,,$1.50 
2922,1162,1,Bottled Water,,$1.09 
2925,1163,1,Bottled Water,,$1.50 
2981,1186,1,Bottled Water,,$1.09 
2998,1192,2,Bottled Water,,$2.18 
3021,1201,1,Bottled Water,,$1.09 
3042,1210,1,Bottled Water,,$1.09 
3092,1232,1,Bottled Water,,$1.50 
3200,1280,1,Bottled Water,,$1.50 
3203,1281,1,Bottled Water,,$1.50 
3281,1316,1,Bottled Water,,$1.50 
3294,1321,3,Bottled Water,,$4.50 
3314,1328,3,Bottled Water,,$4.50 
3322,1331,1,Bottled Water,,$1.50 
3336,1337,1,Bottled Water,,$1.50 
3361,1348,1,Bottled Water,,$1.09 
3403,1365,1,Bottled Water,,$1.50 
3443,1383,1,Bottled Water,,$1.50 
3460,1391,1,Bottled Water,,$1.50 
3499,1405,1,Bottled Water,,$1.09 
3523,1416,1,Bottled Water,,$1.50 
3552,1427,1,Bottled Water,,$1.50 
3581,1436,1,Bottled Water,,$1.09 
3584,1437,1,Bottled Water,,$1.50 
3589,1439,1,Bottled Water,,$1.50 
3595,1441,1,Bottled Water,,$1.50 
3599,1443,7,Bottled Water,,$10.50 
3604,1443,2,Bottled Water,,$3.00 
3646,1457,1,Bottled Water,,$1.50 
3667,1467,1,Bottled Water,,$1.09 
3724,1487,1,Bottled Water,,$1.50 
3737,1493,1,Bottled Water,,$1.50 
3771,1510,1,Bottled Water,,$1.50 
3783,1514,2,Bottled Water,,$3.00 
3862,1549,1,Bottled Water,,$1.50 
3869,1551,1,Bottled Water,,$1.50 
3873,1553,1,Bottled Water,,$1.50 
3923,1574,1,Bottled Water,,$1.50 
3924,1574,1,Bottled Water,,$1.50 
3935,1578,1,Bottled Water,,$1.09 
3939,1579,1,Bottled Water,,$1.50 
3981,1595,1,Bottled Water,,$1.50 
4001,1602,1,Bottled Water,,$1.09 
4047,1619,1,Bottled Water,,$1.50 
4066,1627,1,Bottled Water,,$1.50 
4069,1629,1,Bottled Water,,$1.09 
4086,1636,1,Bottled Water,,$1.50 
4107,1645,1,Bottled Water,,$1.50 
4137,1655,3,Bottled Water,,$4.50 
4152,1660,10,Bottled Water,,$15.00 
4160,1662,1,Bottled Water,,$1.50 
4176,1667,1,Bottled Water,,$1.50 
4186,1671,3,Bottled Water,,$4.50 
4189,1673,1,Bottled Water,,$1.50 
4211,1680,1,Bottled Water,,$1.50 
4216,1682,1,Bottled Water,,$1.50 
4225,1687,1,Bottled Water,,$1.50 
4245,1694,1,Bottled Water,,$1.50 
4404,1757,1,Bottled Water,,$1.50 
4442,1770,1,Bottled Water,,$1.50 
4456,1776,1,Bottled Water,,$1.50 
4461,1778,1,Bottled Water,,$1.50 
4469,1781,1,Bottled Water,,$1.50 
4477,1785,1,Bottled Water,,$1.50 
4479,1785,1,Bottled Water,,$1.50 
4507,1792,1,Bottled Water,,$1.50 
4517,1796,1,Bottled Water,,$1.50 
4542,1806,1,Bottled Water,,$1.50 
4544,1806,1,Bottled Water,,$1.50 
4568,1817,1,Bottled Water,,$1.50 
4570,1817,1,Bottled Water,,$1.50 
4582,1822,2,Bottled Water,,$3.00 
4598,1826,1,Bottled Water,,$1.50 
4614,1831,1,Bottled Water,,$1.50 
40,19,1,Chips,,$2.15 
59,27,1,Chips,,$2.15 
77,34,1,Chips,,$2.15 
80,35,1,Chips,,$2.15 
208,92,1,Chips,,$2.15 
221,97,1,Chips,,$2.15 
223,98,2,Chips,,$4.30 
226,99,1,Chips,,$2.15 
283,124,1,Chips,,$2.15 
305,132,1,Chips,,$2.15 
310,134,1,Chips,,$2.15 
321,139,1,Chips,,$2.15 
328,143,1,Chips,,$2.15 
331,144,1,Chips,,$2.15 
364,157,1,Chips,,$2.15 
384,166,1,Chips,,$2.15 
408,177,1,Chips,,$2.15 
424,184,1,Chips,,$2.15 
489,205,1,Chips,,$2.15 
516,215,1,Chips,,$2.15 
558,231,1,Chips,,$2.15 
584,239,1,Chips,,$2.15 
616,254,1,Chips,,$2.15 
617,254,1,Chips,,$2.15 
686,283,1,Chips,,$2.15 
747,308,1,Chips,,$2.15 
758,312,1,Chips,,$2.15 
776,320,1,Chips,,$2.15 
786,323,1,Chips,,$2.15 
828,343,2,Chips,,$4.30 
869,359,1,Chips,,$2.15 
921,380,1,Chips,,$2.15 
932,384,1,Chips,,$2.15 
949,389,1,Chips,,$2.15 
985,404,1,Chips,,$2.15 
1041,428,1,Chips,,$2.15 
1044,430,1,Chips,,$2.15 
1047,431,1,Chips,,$2.15 
1061,437,1,Chips,,$2.15 
1082,446,1,Chips,,$2.15 
1089,449,1,Chips,,$2.15 
1164,480,1,Chips,,$2.15 
1169,481,1,Chips,,$2.15 
1227,500,1,Chips,,$2.15 
1266,514,1,Chips,,$2.15 
1301,530,2,Chips,,$4.30 
1342,548,1,Chips,,$2.15 
1368,559,1,Chips,,$2.15 
1387,563,1,Chips,,$2.15 
1400,569,1,Chips,,$2.15 
1413,574,1,Chips,,$2.15 
1472,598,1,Chips,,$2.15 
1479,601,1,Chips,,$2.15 
1508,613,1,Chips,,$2.15 
1538,626,1,Chips,,$2.15 
1546,628,1,Chips,,$2.15 
1553,630,1,Chips,,$2.15 
1580,639,1,Chips,,$2.15 
1600,648,2,Chips,,$4.30 
1605,649,2,Chips,,$4.30 
1608,650,1,Chips,,$2.15 
1630,657,1,Chips,,$2.15 
1655,669,1,Chips,,$2.15 
1664,673,1,Chips,,$2.15 
1673,677,1,Chips,,$2.15 
1678,679,1,Chips,,$2.15 
1687,683,1,Chips,,$2.15 
1726,696,1,Chips,,$2.15 
1739,701,1,Chips,,$2.15 
1761,710,1,Chips,,$2.15 
1782,720,1,Chips,,$2.15 
1784,721,1,Chips,,$2.15 
1795,725,1,Chips,,$2.15 
1830,740,1,Chips,,$2.15 
1850,750,2,Chips,,$4.30 
1853,751,1,Chips,,$2.15 
1870,758,1,Chips,,$2.15 
1888,762,1,Chips,,$2.15 
1893,763,1,Chips,,$2.15 
1900,766,2,Chips,,$4.30 
1902,767,1,Chips,,$2.15 
1958,791,1,Chips,,$2.15 
1969,795,1,Chips,,$2.15 
1973,796,1,Chips,,$2.15 
1995,806,1,Chips,,$2.15 
2014,812,1,Chips,,$2.15 
2016,813,1,Chips,,$2.15 
2100,847,1,Chips,,$2.15 
2112,850,2,Chips,,$4.30 
2125,855,1,Chips,,$2.15 
2129,857,1,Chips,,$2.15 
2193,884,1,Chips,,$2.15 
2204,888,1,Chips,,$2.15 
2210,891,1,Chips,,$2.15 
2215,892,1,Chips,,$2.15 
2241,903,1,Chips,,$2.15 
2252,907,1,Chips,,$2.15 
2258,909,2,Chips,,$4.30 
2262,911,1,Chips,,$2.15 
2276,915,1,Chips,,$2.15 
2289,919,1,Chips,,$2.15 
2293,921,1,Chips,,$2.15 
2338,931,1,Chips,,$2.15 
2343,934,2,Chips,,$4.30 
2355,938,1,Chips,,$2.15 
2397,952,1,Chips,,$2.15 
2421,961,2,Chips,,$4.30 
2424,962,1,Chips,,$2.15 
2433,966,1,Chips,,$2.15 
2466,978,1,Chips,,$2.15 
2496,991,1,Chips,,$2.15 
2527,1005,1,Chips,,$2.15 
2536,1006,1,Chips,,$2.15 
2541,1008,1,Chips,,$2.15 
2564,1015,1,Chips,,$2.15 
2607,1034,1,Chips,,$2.15 
2631,1045,1,Chips,,$2.15 
2706,1074,1,Chips,,$2.15 
2708,1074,1,Chips,,$2.15 
2712,1076,1,Chips,,$2.15 
2723,1081,1,Chips,,$2.15 
2739,1087,1,Chips,,$2.15 
2746,1090,2,Chips,,$4.30 
2751,1092,1,Chips,,$2.15 
2763,1097,1,Chips,,$2.15 
2782,1104,1,Chips,,$2.15 
2789,1107,1,Chips,,$2.15 
2801,1112,1,Chips,,$2.15 
2873,1141,1,Chips,,$2.15 
2893,1150,1,Chips,,$2.15 
2917,1159,1,Chips,,$2.15 
2930,1165,1,Chips,,$2.15 
2936,1167,3,Chips,,$6.45 
2985,1188,1,Chips,,$2.15 
3096,1234,1,Chips,,$2.15 
3126,1246,1,Chips,,$2.15 
3187,1274,1,Chips,,$2.15 
3191,1276,1,Chips,,$2.15 
3209,1283,1,Chips,,$2.15 
3218,1287,1,Chips,,$2.15 
3230,1292,1,Chips,,$2.15 
3263,1306,1,Chips,,$2.15 
3291,1320,2,Chips,,$4.30 
3303,1324,1,Chips,,$2.15 
3306,1325,1,Chips,,$2.15 
3327,1332,1,Chips,,$2.15 
3329,1333,1,Chips,,$2.15 
3348,1342,1,Chips,,$2.15 
3445,1384,1,Chips,,$2.15 
3461,1391,1,Chips,,$2.15 
3485,1400,1,Chips,,$2.15 
3495,1404,1,Chips,,$2.15 
3538,1422,1,Chips,,$2.15 
3551,1427,1,Chips,,$2.15 
3567,1431,1,Chips,,$2.15 
3583,1437,1,Chips,,$2.15 
3588,1439,1,Chips,,$2.15 
3594,1441,1,Chips,,$2.15 
3641,1455,1,Chips,,$2.15 
3645,1457,1,Chips,,$2.15 
3648,1458,1,Chips,,$2.15 
3653,1460,1,Chips,,$2.15 
3723,1487,1,Chips,,$2.15 
3736,1492,1,Chips,,$2.15 
3819,1531,1,Chips,,$2.15 
3840,1538,1,Chips,,$2.15 
3855,1545,1,Chips,,$2.15 
3864,1549,1,Chips,,$2.15 
3922,1574,1,Chips,,$2.15 
3932,1577,2,Chips,,$4.30 
3938,1579,1,Chips,,$2.15 
3944,1581,1,Chips,,$2.15 
3980,1595,1,Chips,,$2.15 
3985,1597,1,Chips,,$2.15 
4025,1611,1,Chips,,$2.15 
4031,1613,1,Chips,,$2.15 
4081,1633,1,Chips,,$2.15 
4123,1651,1,Chips,,$2.15 
4126,1652,2,Chips,,$4.30 
4149,1660,1,Chips,,$2.15 
4158,1661,1,Chips,,$2.15 
4166,1664,1,Chips,,$2.15 
4172,1665,1,Chips,,$2.15 
4191,1673,1,Chips,,$2.15 
4206,1679,1,Chips,,$2.15 
4215,1682,1,Chips,,$2.15 
4227,1687,1,Chips,,$2.15 
4229,1688,1,Chips,,$2.15 
4244,1694,1,Chips,,$2.15 
4257,1698,1,Chips,,$2.15 
4264,1701,1,Chips,,$2.15 
4266,1701,1,Chips,,$2.15 
4289,1710,1,Chips,,$2.15 
4306,1717,1,Chips,,$2.15 
4309,1718,1,Chips,,$2.15 
4330,1728,1,Chips,,$2.15 
4338,1732,1,Chips,,$2.15 
4368,1744,1,Chips,,$2.15 
4381,1748,1,Chips,,$2.15 
4389,1751,2,Chips,,$4.30 
4417,1761,2,Chips,,$4.30 
4426,1764,1,Chips,,$2.15 
4429,1765,1,Chips,,$2.15 
4455,1776,1,Chips,,$2.15 
4472,1782,1,Chips,,$2.15 
4497,1788,1,Chips,,$2.15 
4505,1791,1,Chips,,$2.15 
4509,1793,1,Chips,,$1.99 
4525,1799,1,Chips,,$2.15 
4584,1823,1,Chips,,$2.15 
4613,1831,1,Chips,,$2.15 
0,1,1,Chips and Fresh Tomato Salsa,,$2.39 
25,13,1,Chips and Fresh Tomato Salsa,,$2.39 
55,25,1,Chips and Fresh Tomato Salsa,,$2.39 
89,39,1,Chips and Fresh Tomato Salsa,,$2.95 
183,82,1,Chips and Fresh Tomato Salsa,,$2.95 
194,86,1,Chips and Fresh Tomato Salsa,,$2.95 
240,104,1,Chips and Fresh Tomato Salsa,,$2.95 
265,115,1,Chips and Fresh Tomato Salsa,,$2.39 
267,116,1,Chips and Fresh Tomato Salsa,,$2.95 
302,131,1,Chips and Fresh Tomato Salsa,,$2.39 
326,142,1,Chips and Fresh Tomato Salsa,,$2.39 
343,149,1,Chips and Fresh Tomato Salsa,,$2.95 
374,162,1,Chips and Fresh Tomato Salsa,,$2.95 
425,184,1,Chips and Fresh Tomato Salsa,,$2.95 
458,196,1,Chips and Fresh Tomato Salsa,,$2.95 
532,222,1,Chips and Fresh Tomato Salsa,,$2.95 
609,251,1,Chips and Fresh Tomato Salsa,,$2.95 
725,299,1,Chips and Fresh Tomato Salsa,,$2.95 
730,301,1,Chips and Fresh Tomato Salsa,,$2.29 
848,349,1,Chips and Fresh Tomato Salsa,,$2.39 
947,389,1,Chips and Fresh Tomato Salsa,,$2.95 
962,395,1,Chips and Fresh Tomato Salsa,,$2.39 
1036,426,1,Chips and Fresh Tomato Salsa,,$2.95 
1086,448,1,Chips and Fresh Tomato Salsa,,$2.95 
1095,451,1,Chips and Fresh Tomato Salsa,,$2.95 
1118,462,1,Chips and Fresh Tomato Salsa,,$2.95 
1135,469,1,Chips and Fresh Tomato Salsa,,$2.95 
1230,501,1,Chips and Fresh Tomato Salsa,,$2.95 
1237,505,1,Chips and Fresh Tomato Salsa,,$2.95 
1241,506,1,Chips and Fresh Tomato Salsa,,$2.95 
1247,508,1,Chips and Fresh Tomato Salsa,,$2.39 
1257,511,4,Chips and Fresh Tomato Salsa,,$11.80 
1315,535,1,Chips and Fresh Tomato Salsa,,$2.95 
1364,557,1,Chips and Fresh Tomato Salsa,,$2.95 
1465,595,1,Chips and Fresh Tomato Salsa,,$2.39 
1494,607,1,Chips and Fresh Tomato Salsa,,$2.95 
1498,608,1,Chips and Fresh Tomato Salsa,,$2.39 
1692,685,1,Chips and Fresh Tomato Salsa,,$2.95 
1770,714,1,Chips and Fresh Tomato Salsa,,$2.95 
1788,723,1,Chips and Fresh Tomato Salsa,,$2.39 
1809,732,1,Chips and Fresh Tomato Salsa,,$2.39 
1826,738,1,Chips and Fresh Tomato Salsa,,$2.95 
1843,746,1,Chips and Fresh Tomato Salsa,,$2.95 
1868,757,1,Chips and Fresh Tomato Salsa,,$2.95 
1882,759,2,Chips and Fresh Tomato Salsa,,$5.90 
1905,769,1,Chips and Fresh Tomato Salsa,,$2.39 
1940,785,1,Chips and Fresh Tomato Salsa,,$2.95 
2037,818,1,Chips and Fresh Tomato Salsa,,$2.95 
2055,828,1,Chips and Fresh Tomato Salsa,,$2.39 
2064,832,1,Chips and Fresh Tomato Salsa,,$2.39 
2082,840,1,Chips and Fresh Tomato Salsa,,$2.39 
2117,852,1,Chips and Fresh Tomato Salsa,,$2.39 
2124,855,1,Chips and Fresh Tomato Salsa,,$2.95 
2165,873,1,Chips and Fresh Tomato Salsa,,$2.95 
2267,912,2,Chips and Fresh Tomato Salsa,,$5.90 
2391,950,1,Chips and Fresh Tomato Salsa,,$2.39 
2431,965,1,Chips and Fresh Tomato Salsa,,$2.39 
2436,967,1,Chips and Fresh Tomato Salsa,,$2.39 
2445,971,1,Chips and Fresh Tomato Salsa,,$2.39 
2494,990,1,Chips and Fresh Tomato Salsa,,$2.39 
2512,998,1,Chips and Fresh Tomato Salsa,,$2.39 
2571,1018,1,Chips and Fresh Tomato Salsa,,$2.95 
2626,1043,1,Chips and Fresh Tomato Salsa,,$2.95 
2657,1055,1,Chips and Fresh Tomato Salsa,,$2.39 
2688,1068,1,Chips and Fresh Tomato Salsa,,$2.95 
2729,1083,2,Chips and Fresh Tomato Salsa,,$5.90 
2776,1102,1,Chips and Fresh Tomato Salsa,,$2.95 
2779,1103,1,Chips and Fresh Tomato Salsa,,$2.95 
2796,1110,1,Chips and Fresh Tomato Salsa,,$2.95 
2841,1128,1,Chips and Fresh Tomato Salsa,,$2.39 
2895,1151,1,Chips and Fresh Tomato Salsa,,$2.95 
2910,1156,1,Chips and Fresh Tomato Salsa,,$2.39 
3086,1229,1,Chips and Fresh Tomato Salsa,,$2.95 
3102,1237,1,Chips and Fresh Tomato Salsa,,$2.29 
3110,1241,1,Chips and Fresh Tomato Salsa,,$2.95 
3155,1259,1,Chips and Fresh Tomato Salsa,,$2.39 
3198,1279,1,Chips and Fresh Tomato Salsa,,$2.95 
3226,1290,1,Chips and Fresh Tomato Salsa,,$2.39 
3228,1291,1,Chips and Fresh Tomato Salsa,,$2.39 
3232,1293,1,Chips and Fresh Tomato Salsa,,$2.95 
3405,1366,1,Chips and Fresh Tomato Salsa,,$2.95 
3407,1367,1,Chips and Fresh Tomato Salsa,,$2.95 
3417,1371,1,Chips and Fresh Tomato Salsa,,$2.95 
3475,1396,1,Chips and Fresh Tomato Salsa,,$2.39 
3504,1407,1,Chips and Fresh Tomato Salsa,,$2.95 
3506,1408,1,Chips and Fresh Tomato Salsa,,$2.39 
3598,1443,15,Chips and Fresh Tomato Salsa,,$44.25 
3608,1445,1,Chips and Fresh Tomato Salsa,,$2.39 
3662,1464,1,Chips and Fresh Tomato Salsa,,$2.95 
3770,1510,1,Chips and Fresh Tomato Salsa,,$2.95 
3785,1515,1,Chips and Fresh Tomato Salsa,,$2.95 
3826,1533,1,Chips and Fresh Tomato Salsa,,$2.29 
3837,1537,1,Chips and Fresh Tomato Salsa,,$2.95 
3907,1566,1,Chips and Fresh Tomato Salsa,,$2.39 
3947,1582,1,Chips and Fresh Tomato Salsa,,$2.95 
3951,1584,1,Chips and Fresh Tomato Salsa,,$2.95 
3966,1588,1,Chips and Fresh Tomato Salsa,,$2.95 
3978,1594,1,Chips and Fresh Tomato Salsa,,$2.95 
3983,1596,1,Chips and Fresh Tomato Salsa,,$2.39 
4053,1622,1,Chips and Fresh Tomato Salsa,,$2.95 
4065,1627,1,Chips and Fresh Tomato Salsa,,$2.95 
4073,1630,1,Chips and Fresh Tomato Salsa,,$2.95 
4090,1638,1,Chips and Fresh Tomato Salsa,,$2.39 
4102,1643,1,Chips and Fresh Tomato Salsa,,$2.95 
4163,1662,1,Chips and Fresh Tomato Salsa,,$2.95 
4231,1689,1,Chips and Fresh Tomato Salsa,,$2.95 
4318,1722,1,Chips and Fresh Tomato Salsa,,$2.95 
4324,1725,1,Chips and Fresh Tomato Salsa,,$2.95 
4425,1764,1,Chips and Fresh Tomato Salsa,,$2.95 
4503,1790,1,Chips and Fresh Tomato Salsa,,$2.95 
10,5,1,Chips and Guacamole,,$4.45 
14,7,1,Chips and Guacamole,,$4.45 
20,10,1,Chips and Guacamole,,$4.45 
37,18,1,Chips and Guacamole,,$4.45 
41,20,1,Chips and Guacamole,,$4.45 
49,22,1,Chips and Guacamole,,$3.99 
60,28,1,Chips and Guacamole,,$4.45 
72,32,1,Chips and Guacamole,,$3.99 
74,33,1,Chips and Guacamole,,$4.45 
94,41,1,Chips and Guacamole,,$4.45 
96,42,1,Chips and Guacamole,,$4.45 
100,44,1,Chips and Guacamole,,$4.45 
103,45,1,Chips and Guacamole,,$3.99 
109,48,1,Chips and Guacamole,,$4.45 
112,49,1,Chips and Guacamole,,$4.45 
119,52,1,Chips and Guacamole,,$3.99 
122,53,1,Chips and Guacamole,,$4.45 
124,54,1,Chips and Guacamole,,$4.45 
129,56,1,Chips and Guacamole,,$4.45 
131,57,1,Chips and Guacamole,,$4.45 
137,61,1,Chips and Guacamole,,$4.45 
139,62,1,Chips and Guacamole,,$4.45 
141,63,1,Chips and Guacamole,,$4.45 
146,65,1,Chips and Guacamole,,$4.45 
151,68,1,Chips and Guacamole,,$4.45 
155,70,1,Chips and Guacamole,,$4.45 
156,71,1,Chips and Guacamole,,$4.45 
166,75,1,Chips and Guacamole,,$4.45 
185,83,1,Chips and Guacamole,,$4.45 
201,89,1,Chips and Guacamole,,$3.99 
212,93,1,Chips and Guacamole,,$4.45 
214,95,1,Chips and Guacamole,,$4.45 
230,101,1,Chips and Guacamole,,$3.99 
269,117,1,Chips and Guacamole,,$3.99 
277,121,1,Chips and Guacamole,,$3.99 
288,125,1,Chips and Guacamole,,$4.45 
294,128,1,Chips and Guacamole,,$4.45 
311,135,1,Chips and Guacamole,,$4.45 
340,148,1,Chips and Guacamole,,$4.45 
345,149,1,Chips and Guacamole,,$4.45 
392,170,1,Chips and Guacamole,,$4.45 
395,171,1,Chips and Guacamole,,$4.45 
406,176,1,Chips and Guacamole,,$4.45 
416,182,1,Chips and Guacamole,,$4.45 
442,192,1,Chips and Guacamole,,$4.45 
466,199,1,Chips and Guacamole,,$4.45 
468,200,1,Chips and Guacamole,,$3.99 
470,201,1,Chips and Guacamole,,$3.99 
493,206,1,Chips and Guacamole,,$4.45 
495,207,1,Chips and Guacamole,,$4.45 
498,208,1,Chips and Guacamole,,$3.99 
514,215,1,Chips and Guacamole,,$4.45 
518,216,1,Chips and Guacamole,,$4.45 
523,218,1,Chips and Guacamole,,$3.99 
536,224,1,Chips and Guacamole,,$3.99 
544,226,1,Chips and Guacamole,,$4.45 
547,227,1,Chips and Guacamole,,$4.45 
550,230,1,Chips and Guacamole,,$4.45 
560,231,1,Chips and Guacamole,,$4.45 
571,234,1,Chips and Guacamole,,$4.45 
587,240,1,Chips and Guacamole,,$4.45 
603,248,1,Chips and Guacamole,,$4.45 
605,249,1,Chips and Guacamole,,$4.45 
620,255,1,Chips and Guacamole,,$3.99 
624,257,1,Chips and Guacamole,,$4.45 
628,258,1,Chips and Guacamole,,$4.45 
632,260,1,Chips and Guacamole,,$3.99 
642,265,1,Chips and Guacamole,,$4.45 
644,266,1,Chips and Guacamole,,$3.99 
657,272,1,Chips and Guacamole,,$4.45 
663,275,1,Chips and Guacamole,,$3.99 
666,276,1,Chips and Guacamole,,$3.99 
669,277,1,Chips and Guacamole,,$4.45 
671,278,1,Chips and Guacamole,,$3.99 
676,279,1,Chips and Guacamole,,$4.00 
678,280,1,Chips and Guacamole,,$3.99 
680,281,1,Chips and Guacamole,,$4.45 
688,284,1,Chips and Guacamole,,$4.45 
694,286,1,Chips and Guacamole,,$4.45 
711,292,1,Chips and Guacamole,,$3.99 
713,294,1,Chips and Guacamole,,$3.99 
731,302,1,Chips and Guacamole,,$3.99 
744,307,1,Chips and Guacamole,,$3.99 
754,311,1,Chips and Guacamole,,$3.99 
764,315,1,Chips and Guacamole,,$4.45 
770,318,1,Chips and Guacamole,,$3.99 
789,325,1,Chips and Guacamole,,$4.45 
792,326,2,Chips and Guacamole,,$8.90 
799,328,1,Chips and Guacamole,,$3.99 
801,329,1,Chips and Guacamole,,$3.99 
812,335,1,Chips and Guacamole,,$3.99 
819,338,1,Chips and Guacamole,,$3.99 
824,340,1,Chips and Guacamole,,$4.45 
826,342,1,Chips and Guacamole,,$3.99 
839,345,1,Chips and Guacamole,,$4.45 
845,347,1,Chips and Guacamole,,$4.45 
852,351,1,Chips and Guacamole,,$4.45 
855,352,1,Chips and Guacamole,,$4.45 
880,363,2,Chips and Guacamole,,$8.90 
882,364,1,Chips and Guacamole,,$4.45 
894,369,1,Chips and Guacamole,,$3.99 
896,370,1,Chips and Guacamole,,$4.45 
902,373,1,Chips and Guacamole,,$4.45 
927,382,1,Chips and Guacamole,,$3.89 
929,383,1,Chips and Guacamole,,$4.45 
945,389,1,Chips and Guacamole,,$4.45 
950,390,1,Chips and Guacamole,,$3.99 
953,391,1,Chips and Guacamole,,$3.99 
971,399,1,Chips and Guacamole,,$3.99 
978,402,2,Chips and Guacamole,,$8.90 
1005,412,1,Chips and Guacamole,,$4.45 
1012,415,1,Chips and Guacamole,,$4.45 
1022,420,1,Chips and Guacamole,,$4.45 
1024,421,1,Chips and Guacamole,,$4.45 
1033,425,1,Chips and Guacamole,,$4.45 
1037,427,1,Chips and Guacamole,,$3.99 
1071,441,1,Chips and Guacamole,,$4.45 
1075,443,1,Chips and Guacamole,,$4.45 
1079,445,1,Chips and Guacamole,,$4.45 
1103,455,1,Chips and Guacamole,,$4.45 
1113,460,1,Chips and Guacamole,,$4.45 
1122,464,1,Chips and Guacamole,,$4.45 
1126,466,1,Chips and Guacamole,,$4.45 
1128,467,1,Chips and Guacamole,,$4.45 
1131,468,1,Chips and Guacamole,,$4.45 
1137,470,1,Chips and Guacamole,,$4.45 
1143,471,1,Chips and Guacamole,,$3.99 
1147,473,1,Chips and Guacamole,,$4.45 
1158,478,1,Chips and Guacamole,,$4.45 
1171,482,1,Chips and Guacamole,,$4.45 
1184,486,1,Chips and Guacamole,,$4.45 
1190,488,1,Chips and Guacamole,,$4.45 
1209,493,1,Chips and Guacamole,,$4.45 
1214,496,1,Chips and Guacamole,,$3.99 
1220,497,1,Chips and Guacamole,,$4.45 
1223,498,1,Chips and Guacamole,,$4.45 
1225,499,1,Chips and Guacamole,,$4.45 
1234,503,1,Chips and Guacamole,,$4.45 
1253,510,1,Chips and Guacamole,,$3.99 
1258,511,2,Chips and Guacamole,,$8.90 
1268,515,1,Chips and Guacamole,,$4.45 
1274,519,1,Chips and Guacamole,,$3.99 
1277,520,1,Chips and Guacamole,,$4.45 
1284,522,1,Chips and Guacamole,,$4.45 
1288,524,1,Chips and Guacamole,,$4.45 
1295,527,1,Chips and Guacamole,,$3.89 
1304,531,1,Chips and Guacamole,,$3.99 
1317,536,1,Chips and Guacamole,,$4.45 
1318,537,1,Chips and Guacamole,,$4.45 
1324,540,1,Chips and Guacamole,,$4.45 
1335,545,1,Chips and Guacamole,,$4.45 
1346,549,2,Chips and Guacamole,,$8.90 
1351,552,2,Chips and Guacamole,,$8.90 
1416,575,1,Chips and Guacamole,,$4.00 
1423,577,2,Chips and Guacamole,,$8.90 
1439,584,1,Chips and Guacamole,,$3.99 
1455,590,1,Chips and Guacamole,,$4.45 
1468,596,1,Chips and Guacamole,,$3.99 
1470,597,1,Chips and Guacamole,,$4.45 
1488,604,1,Chips and Guacamole,,$4.45 
1513,615,1,Chips and Guacamole,,$4.45 
1516,617,1,Chips and Guacamole,,$4.45 
1526,622,1,Chips and Guacamole,,$4.45 
1535,624,1,Chips and Guacamole,,$3.99 
1537,625,1,Chips and Guacamole,,$4.45 
1544,628,1,Chips and Guacamole,,$4.45 
1548,628,1,Chips and Guacamole,,$4.45 
1562,634,1,Chips and Guacamole,,$4.45 
1564,635,1,Chips and Guacamole,,$4.45 
1572,637,1,Chips and Guacamole,,$4.45 
1576,638,1,Chips and Guacamole,,$4.45 
1624,655,1,Chips and Guacamole,,$4.45 
1634,659,1,Chips and Guacamole,,$4.45 
1636,660,1,Chips and Guacamole,,$4.45 
1646,665,1,Chips and Guacamole,,$3.99 
1647,666,1,Chips and Guacamole,,$3.89 
1676,678,1,Chips and Guacamole,,$3.99 
1685,682,1,Chips and Guacamole,,$4.45 
1690,684,1,Chips and Guacamole,,$4.45 
1697,687,1,Chips and Guacamole,,$4.45 
1702,688,1,Chips and Guacamole,,$4.45 
1750,706,1,Chips and Guacamole,,$4.45 
1757,709,1,Chips and Guacamole,,$4.45 
1766,712,1,Chips and Guacamole,,$4.45 
1785,722,1,Chips and Guacamole,,$4.45 
1803,729,1,Chips and Guacamole,,$3.99 
1814,734,1,Chips and Guacamole,,$4.45 
1820,736,1,Chips and Guacamole,,$4.45 
1824,737,2,Chips and Guacamole,,$8.90 
1828,739,1,Chips and Guacamole,,$3.99 
1836,743,1,Chips and Guacamole,,$4.45 
1840,745,1,Chips and Guacamole,,$3.99 
1859,753,1,Chips and Guacamole,,$4.45 
1862,754,1,Chips and Guacamole,,$4.45 
1881,759,2,Chips and Guacamole,,$8.90 
1898,765,1,Chips and Guacamole,,$3.99 
1907,770,1,Chips and Guacamole,,$4.45 
1910,771,1,Chips and Guacamole,,$3.99 
1921,776,1,Chips and Guacamole,,$4.45 
1930,781,1,Chips and Guacamole,,$4.45 
1961,792,1,Chips and Guacamole,,$4.45 
1974,797,1,Chips and Guacamole,,$3.99 
1978,798,2,Chips and Guacamole,,$8.90 
1980,799,1,Chips and Guacamole,,$3.99 
1986,803,1,Chips and Guacamole,,$4.45 
1990,804,1,Chips and Guacamole,,$4.45 
1991,805,1,Chips and Guacamole,,$4.45 
1998,806,1,Chips and Guacamole,,$4.45 
2007,809,1,Chips and Guacamole,,$4.45 
2019,814,2,Chips and Guacamole,,$8.90 
2023,816,1,Chips and Guacamole,,$4.45 
2036,818,2,Chips and Guacamole,,$8.90 
2047,824,1,Chips and Guacamole,,$3.99 
2071,835,1,Chips and Guacamole,,$4.45 
2074,836,1,Chips and Guacamole,,$4.45 
2077,838,1,Chips and Guacamole,,$4.45 
2087,842,1,Chips and Guacamole,,$3.99 
2091,844,1,Chips and Guacamole,,$4.45 
2109,849,1,Chips and Guacamole,,$4.45 
2115,851,1,Chips and Guacamole,,$4.45 
2121,854,1,Chips and Guacamole,,$4.45 
2132,858,1,Chips and Guacamole,,$4.45 
2137,860,1,Chips and Guacamole,,$4.45 
2141,862,1,Chips and Guacamole,,$4.45 
2149,866,1,Chips and Guacamole,,$3.99 
2152,868,1,Chips and Guacamole,,$3.99 
2170,876,1,Chips and Guacamole,,$4.45 
2175,878,1,Chips and Guacamole,,$4.45 
2180,880,1,Chips and Guacamole,,$3.99 
2186,882,1,Chips and Guacamole,,$4.45 
2188,883,1,Chips and Guacamole,,$4.45 
2207,890,1,Chips and Guacamole,,$4.45 
2220,894,1,Chips and Guacamole,,$4.45 
2230,899,1,Chips and Guacamole,,$4.45 
2251,907,2,Chips and Guacamole,,$8.90 
2271,913,1,Chips and Guacamole,,$4.45 
2303,925,1,Chips and Guacamole,,$4.45 
2350,936,1,Chips and Guacamole,,$4.45 
2353,937,1,Chips and Guacamole,,$4.45 
2385,949,1,Chips and Guacamole,,$4.45 
2395,952,1,Chips and Guacamole,,$4.45 
2427,964,1,Chips and Guacamole,,$4.45 
2453,973,2,Chips and Guacamole,,$8.90 
2464,978,1,Chips and Guacamole,,$4.45 
2469,979,1,Chips and Guacamole,,$4.45 
2475,982,1,Chips and Guacamole,,$4.45 
2477,983,1,Chips and Guacamole,,$3.99 
2481,984,1,Chips and Guacamole,,$4.45 
2489,989,1,Chips and Guacamole,,$4.45 
2498,992,1,Chips and Guacamole,,$4.45 
2504,995,1,Chips and Guacamole,,$4.45 
2558,1013,1,Chips and Guacamole,,$4.45 
2560,1013,1,Chips and Guacamole,,$4.45 
2573,1019,1,Chips and Guacamole,,$4.45 
2583,1025,1,Chips and Guacamole,,$3.99 
2588,1026,1,Chips and Guacamole,,$4.45 
2591,1028,1,Chips and Guacamole,,$4.45 
2594,1029,1,Chips and Guacamole,,$4.45 
2599,1031,1,Chips and Guacamole,,$4.45 
2608,1035,2,Chips and Guacamole,,$8.90 
2613,1037,1,Chips and Guacamole,,$4.45 
2645,1051,3,Chips and Guacamole,,$13.35 
2650,1052,1,Chips and Guacamole,,$4.45 
2658,1055,1,Chips and Guacamole,,$3.99 
2666,1058,1,Chips and Guacamole,,$4.45 
2669,1059,1,Chips and Guacamole,,$4.45 
2674,1062,1,Chips and Guacamole,,$3.99 
2678,1064,1,Chips and Guacamole,,$4.45 
2693,1070,1,Chips and Guacamole,,$4.45 
2699,1071,1,Chips and Guacamole,,$4.45 
2731,1084,1,Chips and Guacamole,,$4.45 
2734,1085,1,Chips and Guacamole,,$4.45 
2736,1086,1,Chips and Guacamole,,$4.45 
2761,1096,1,Chips and Guacamole,,$3.99 
2765,1097,1,Chips and Guacamole,,$4.45 
2772,1101,1,Chips and Guacamole,,$3.99 
2784,1105,1,Chips and Guacamole,,$4.45 
2785,1106,1,Chips and Guacamole,,$4.45 
2798,1111,1,Chips and Guacamole,,$3.99 
2805,1114,1,Chips and Guacamole,,$4.45 
2810,1115,1,Chips and Guacamole,,$4.45 
2829,1124,1,Chips and Guacamole,,$3.99 
2847,1131,1,Chips and Guacamole,,$3.99 
2857,1135,1,Chips and Guacamole,,$3.99 
2859,1136,2,Chips and Guacamole,,$8.90 
2869,1140,1,Chips and Guacamole,,$4.45 
2890,1149,1,Chips and Guacamole,,$3.99 
2902,1154,1,Chips and Guacamole,,$4.45 
2916,1159,1,Chips and Guacamole,,$4.45 
2920,1161,1,Chips and Guacamole,,$4.45 
2927,1164,1,Chips and Guacamole,,$3.99 
2928,1165,1,Chips and Guacamole,,$4.45 
2933,1166,1,Chips and Guacamole,,$4.45 
2948,1171,1,Chips and Guacamole,,$4.45 
2969,1181,1,Chips and Guacamole,,$3.99 
2983,1187,1,Chips and Guacamole,,$4.45 
2991,1190,1,Chips and Guacamole,,$4.45 
3000,1193,1,Chips and Guacamole,,$4.45 
3013,1197,1,Chips and Guacamole,,$4.45 
3032,1206,1,Chips and Guacamole,,$4.45 
3035,1207,1,Chips and Guacamole,,$4.45 
3040,1210,2,Chips and Guacamole,,$7.98 
3044,1211,1,Chips and Guacamole,,$3.99 
3046,1212,1,Chips and Guacamole,,$3.99 
3048,1213,1,Chips and Guacamole,,$3.99 
3050,1214,1,Chips and Guacamole,,$4.45 
3055,1217,1,Chips and Guacamole,,$3.99 
3059,1218,1,Chips and Guacamole,,$4.45 
3061,1219,1,Chips and Guacamole,,$4.45 
3064,1220,1,Chips and Guacamole,,$3.99 
3066,1221,2,Chips and Guacamole,,$8.90 
3079,1226,1,Chips and Guacamole,,$4.45 
3084,1228,1,Chips and Guacamole,,$4.45 
3090,1231,1,Chips and Guacamole,,$4.45 
3100,1236,1,Chips and Guacamole,,$3.99 
3106,1239,1,Chips and Guacamole,,$3.99 
3114,1243,1,Chips and Guacamole,,$4.45 
3119,1244,1,Chips and Guacamole,,$4.45 
3121,1244,1,Chips and Guacamole,,$4.45 
3122,1245,1,Chips and Guacamole,,$4.45 
3131,1248,1,Chips and Guacamole,,$4.45 
3137,1251,1,Chips and Guacamole,,$3.99 
3147,1255,1,Chips and Guacamole,,$4.45 
3158,1261,2,Chips and Guacamole,,$8.90 
3166,1264,1,Chips and Guacamole,,$4.45 
3173,1268,1,Chips and Guacamole,,$4.45 
3183,1272,1,Chips and Guacamole,,$4.45 
3189,1275,1,Chips and Guacamole,,$4.45 
3202,1281,1,Chips and Guacamole,,$4.45 
3212,1284,1,Chips and Guacamole,,$4.45 
3216,1286,1,Chips and Guacamole,,$4.45 
3219,1287,1,Chips and Guacamole,,$4.45 
3222,1288,1,Chips and Guacamole,,$3.99 
3241,1298,1,Chips and Guacamole,,$4.45 
3266,1307,1,Chips and Guacamole,,$3.99 
3272,1310,1,Chips and Guacamole,,$4.45 
3280,1315,1,Chips and Guacamole,,$3.99 
3286,1318,1,Chips and Guacamole,,$4.45 
3288,1319,1,Chips and Guacamole,,$4.45 
3297,1322,1,Chips and Guacamole,,$4.45 
3317,1330,1,Chips and Guacamole,,$3.99 
3353,1344,1,Chips and Guacamole,,$4.45 
3370,1352,1,Chips and Guacamole,,$3.99 
3392,1360,1,Chips and Guacamole,,$4.45 
3413,1369,1,Chips and Guacamole,,$4.45 
3427,1376,1,Chips and Guacamole,,$3.99 
3436,1380,1,Chips and Guacamole,,$4.45 
3468,1394,1,Chips and Guacamole,,$4.45 
3487,1401,1,Chips and Guacamole,,$4.45 
3491,1402,1,Chips and Guacamole,,$4.45 
3526,1417,1,Chips and Guacamole,,$4.45 
3531,1419,1,Chips and Guacamole,,$3.89 
3534,1421,1,Chips and Guacamole,,$4.45 
3537,1422,1,Chips and Guacamole,,$4.45 
3541,1424,1,Chips and Guacamole,,$4.45 
3554,1428,1,Chips and Guacamole,,$4.45 
3555,1429,1,Chips and Guacamole,,$3.99 
3585,1438,1,Chips and Guacamole,,$3.99 
3596,1442,1,Chips and Guacamole,,$4.45 
3611,1446,1,Chips and Guacamole,,$4.45 
3630,1453,1,Chips and Guacamole,,$4.45 
3665,1466,1,Chips and Guacamole,,$3.89 
3671,1469,1,Chips and Guacamole,,$4.45 
3679,1473,1,Chips and Guacamole,,$4.45 
3691,1479,1,Chips and Guacamole,,$4.45 
3698,1482,1,Chips and Guacamole,,$4.45 
3731,1490,1,Chips and Guacamole,,$3.99 
3746,1498,1,Chips and Guacamole,,$4.45 
3747,1499,1,Chips and Guacamole,,$4.45 
3753,1501,1,Chips and Guacamole,,$4.45 
3756,1503,1,Chips and Guacamole,,$3.99 
3758,1504,1,Chips and Guacamole,,$4.45 
3759,1505,1,Chips and Guacamole,,$4.45 
3762,1506,1,Chips and Guacamole,,$4.45 
3768,1509,1,Chips and Guacamole,,$4.45 
3775,1511,1,Chips and Guacamole,,$4.45 
3782,1514,1,Chips and Guacamole,,$4.45 
3791,1517,2,Chips and Guacamole,,$8.90 
3804,1524,1,Chips and Guacamole,,$4.45 
3825,1533,1,Chips and Guacamole,,$3.89 
3831,1535,1,Chips and Guacamole,,$4.45 
3849,1542,1,Chips and Guacamole,,$4.45 
3851,1543,1,Chips and Guacamole,,$3.99 
3857,1546,1,Chips and Guacamole,,$4.45 
3867,1550,1,Chips and Guacamole,,$3.99 
3876,1554,1,Chips and Guacamole,,$4.45 
3879,1555,1,Chips and Guacamole,,$3.99 
3883,1557,1,Chips and Guacamole,,$3.99 
3916,1571,1,Chips and Guacamole,,$4.45 
3917,1572,1,Chips and Guacamole,,$4.45 
3920,1573,1,Chips and Guacamole,,$4.45 
3928,1576,1,Chips and Guacamole,,$4.45 
3942,1580,1,Chips and Guacamole,,$3.99 
3949,1583,1,Chips and Guacamole,,$4.45 
3952,1585,1,Chips and Guacamole,,$3.99 
3960,1586,1,Chips and Guacamole,,$4.45 
3965,1588,1,Chips and Guacamole,,$4.45 
4004,1603,1,Chips and Guacamole,,$4.45 
4006,1604,1,Chips and Guacamole,,$3.99 
4015,1608,1,Chips and Guacamole,,$4.45 
4022,1610,1,Chips and Guacamole,,$4.45 
4026,1611,1,Chips and Guacamole,,$4.45 
4029,1612,1,Chips and Guacamole,,$3.99 
4042,1617,1,Chips and Guacamole,,$4.45 
4049,1620,1,Chips and Guacamole,,$4.45 
4059,1625,1,Chips and Guacamole,,$4.45 
4062,1626,1,Chips and Guacamole,,$4.45 
4076,1631,1,Chips and Guacamole,,$3.99 
4092,1639,1,Chips and Guacamole,,$4.45 
4097,1642,1,Chips and Guacamole,,$4.45 
4100,1643,1,Chips and Guacamole,,$4.45 
4104,1644,1,Chips and Guacamole,,$4.45 
4115,1648,1,Chips and Guacamole,,$4.45 
4120,1650,1,Chips and Guacamole,,$4.45 
4132,1655,1,Chips and Guacamole,,$4.45 
4145,1658,1,Chips and Guacamole,,$4.45 
4154,1660,1,Chips and Guacamole,,$4.45 
4155,1660,1,Chips and Guacamole,,$4.45 
4178,1668,1,Chips and Guacamole,,$4.45 
4180,1669,1,Chips and Guacamole,,$4.45 
4193,1673,1,Chips and Guacamole,,$4.45 
4195,1674,1,Chips and Guacamole,,$4.45 
4197,1675,1,Chips and Guacamole,,$4.45 
4199,1676,1,Chips and Guacamole,,$4.45 
4202,1677,1,Chips and Guacamole,,$4.45 
4204,1678,1,Chips and Guacamole,,$4.45 
4208,1679,1,Chips and Guacamole,,$4.45 
4213,1681,1,Chips and Guacamole,,$4.45 
4218,1683,1,Chips and Guacamole,,$4.45 
4234,1690,1,Chips and Guacamole,,$4.45 
4237,1691,2,Chips and Guacamole,,$8.50 
4242,1693,1,Chips and Guacamole,,$4.45 
4250,1696,1,Chips and Guacamole,,$4.45 
4274,1704,1,Chips and Guacamole,,$4.45 
4277,1705,1,Chips and Guacamole,,$4.45 
4291,1711,1,Chips and Guacamole,,$4.45 
4293,1712,1,Chips and Guacamole,,$4.45 
4298,1714,1,Chips and Guacamole,,$4.45 
4300,1715,1,Chips and Guacamole,,$4.45 
4302,1716,1,Chips and Guacamole,,$4.45 
4314,1720,1,Chips and Guacamole,,$4.45 
4316,1721,1,Chips and Guacamole,,$4.45 
4332,1729,2,Chips and Guacamole,,$8.90 
4343,1734,1,Chips and Guacamole,,$4.45 
4357,1740,1,Chips and Guacamole,,$4.45 
4360,1741,1,Chips and Guacamole,,$4.45 
4370,1745,1,Chips and Guacamole,,$4.45 
4372,1745,1,Chips and Guacamole,,$4.45 
4375,1746,1,Chips and Guacamole,,$4.45 
4383,1749,1,Chips and Guacamole,,$4.45 
4395,1753,1,Chips and Guacamole,,$4.45 
4402,1756,1,Chips and Guacamole,,$4.45 
4405,1757,1,Chips and Guacamole,,$4.45 
4406,1758,1,Chips and Guacamole,,$4.45 
4420,1763,1,Chips and Guacamole,,$4.45 
4424,1764,1,Chips and Guacamole,,$4.45 
4432,1766,1,Chips and Guacamole,,$4.45 
4440,1769,1,Chips and Guacamole,,$4.45 
4448,1773,1,Chips and Guacamole,,$4.45 
4451,1774,1,Chips and Guacamole,,$4.45 
4458,1777,1,Chips and Guacamole,,$4.45 
4489,1786,4,Chips and Guacamole,,$17.80 
4512,1794,1,Chips and Guacamole,,$4.45 
4515,1795,1,Chips and Guacamole,,$4.45 
4529,1800,1,Chips and Guacamole,,$4.45 
4531,1801,1,Chips and Guacamole,,$4.45 
4534,1803,1,Chips and Guacamole,,$4.45 
4539,1804,1,Chips and Guacamole,,$4.45 
4548,1808,1,Chips and Guacamole,,$4.45 
4551,1809,1,Chips and Guacamole,,$4.45 
4563,1814,1,Chips and Guacamole,,$4.45 
4567,1816,1,Chips and Guacamole,,$4.45 
4575,1819,1,Chips and Guacamole,,$4.45 
4579,1821,1,Chips and Guacamole,,$4.45 
4588,1824,1,Chips and Guacamole,,$4.45 
4596,1826,1,Chips and Guacamole,,$4.45 
4600,1827,1,Chips and Guacamole,,$4.45 
4605,1828,1,Chips and Guacamole,,$4.45 
4616,1832,1,Chips and Guacamole,,$4.45 
674,279,1,Chips and Mild Fresh Tomato Salsa,,$3.00 
233,102,1,Chips and Roasted Chili Corn Salsa,,$2.95 
562,232,1,Chips and Roasted Chili Corn Salsa,,$2.95 
708,291,1,Chips and Roasted Chili Corn Salsa,,$2.95 
841,346,1,Chips and Roasted Chili Corn Salsa,,$2.95 
906,375,1,Chips and Roasted Chili Corn Salsa,,$2.95 
1067,440,1,Chips and Roasted Chili Corn Salsa,,$2.95 
1150,475,1,Chips and Roasted Chili Corn Salsa,,$2.95 
1292,526,1,Chips and Roasted Chili Corn Salsa,,$2.95 
1358,554,1,Chips and Roasted Chili Corn Salsa,,$2.95 
1371,560,1,Chips and Roasted Chili Corn Salsa,,$2.95 
1450,588,1,Chips and Roasted Chili Corn Salsa,,$2.95 
1555,631,2,Chips and Roasted Chili Corn Salsa,,$5.90 
1597,647,1,Chips and Roasted Chili Corn Salsa,,$2.95 
1658,670,1,Chips and Roasted Chili Corn Salsa,,$2.95 
1925,778,1,Chips and Roasted Chili Corn Salsa,,$2.95 
1962,792,1,Chips and Roasted Chili Corn Salsa,,$2.95 
2346,935,1,Chips and Roasted Chili Corn Salsa,,$2.95 
2373,945,1,Chips and Roasted Chili Corn Salsa,,$2.95 
2602,1032,1,Chips and Roasted Chili Corn Salsa,,$2.95 
2967,1180,1,Chips and Roasted Chili Corn Salsa,,$2.95 
3449,1387,1,Chips and Roasted Chili Corn Salsa,,$2.95 
3780,1513,1,Chips and Roasted Chili Corn Salsa,,$2.95 
191,85,1,Chips and Roasted Chili-Corn Salsa,,$2.39 
648,268,1,Chips and Roasted Chili-Corn Salsa,,$2.39 
1180,485,1,Chips and Roasted Chili-Corn Salsa,,$2.39 
1458,591,1,Chips and Roasted Chili-Corn Salsa,,$2.39 
1628,656,1,Chips and Roasted Chili-Corn Salsa,,$2.39 
2053,827,1,Chips and Roasted Chili-Corn Salsa,,$2.39 
2140,861,1,Chips and Roasted Chili-Corn Salsa,,$2.39 
2301,924,1,Chips and Roasted Chili-Corn Salsa,,$2.39 
2371,944,1,Chips and Roasted Chili-Corn Salsa,,$2.39 
2907,1156,1,Chips and Roasted Chili-Corn Salsa,,$2.39 
3024,1202,1,Chips and Roasted Chili-Corn Salsa,,$2.39 
3054,1216,1,Chips and Roasted Chili-Corn Salsa,,$2.39 
3194,1277,1,Chips and Roasted Chili-Corn Salsa,,$2.39 
3206,1282,1,Chips and Roasted Chili-Corn Salsa,,$2.39 
3268,1308,1,Chips and Roasted Chili-Corn Salsa,,$2.39 
3398,1363,1,Chips and Roasted Chili-Corn Salsa,,$2.39 
3628,1452,1,Chips and Roasted Chili-Corn Salsa,,$2.39 
3905,1565,1,Chips and Roasted Chili-Corn Salsa,,$2.39 
38,18,1,Chips and Tomatillo Green Chili Salsa,,$2.95 
232,102,1,Chips and Tomatillo Green Chili Salsa,,$2.95 
235,103,2,Chips and Tomatillo Green Chili Salsa,,$5.90 
366,158,1,Chips and Tomatillo Green Chili Salsa,,$2.95 
537,225,1,Chips and Tomatillo Green Chili Salsa,,$2.95 
627,258,1,Chips and Tomatillo Green Chili Salsa,,$2.95 
655,271,1,Chips and Tomatillo Green Chili Salsa,,$2.95 
703,289,1,Chips and Tomatillo Green Chili Salsa,,$2.95 
782,322,1,Chips and Tomatillo Green Chili Salsa,,$2.95 
809,333,1,Chips and Tomatillo Green Chili Salsa,,$2.95 
916,379,1,Chips and Tomatillo Green Chili Salsa,,$2.95 
1157,478,1,Chips and Tomatillo Green Chili Salsa,,$2.95 
1259,511,2,Chips and Tomatillo Green Chili Salsa,,$5.90 
1518,618,1,Chips and Tomatillo Green Chili Salsa,,$2.95 
1568,636,1,Chips and Tomatillo Green Chili Salsa,,$2.95 
1573,637,1,Chips and Tomatillo Green Chili Salsa,,$2.95 
1577,638,1,Chips and Tomatillo Green Chili Salsa,,$2.95 
1583,640,1,Chips and Tomatillo Green Chili Salsa,,$2.95 
1589,643,1,Chips and Tomatillo Green Chili Salsa,,$2.95 
1593,645,1,Chips and Tomatillo Green Chili Salsa,,$2.95 
1847,748,1,Chips and Tomatillo Green Chili Salsa,,$2.95 
2296,922,1,Chips and Tomatillo Green Chili Salsa,,$2.95 
2641,1050,1,Chips and Tomatillo Green Chili Salsa,,$2.95 
2655,1054,1,Chips and Tomatillo Green Chili Salsa,,$2.95 
3257,1304,1,Chips and Tomatillo Green Chili Salsa,,$2.95 
3402,1365,1,Chips and Tomatillo Green Chili Salsa,,$2.95 
3479,1397,1,Chips and Tomatillo Green Chili Salsa,,$2.95 
3513,1412,1,Chips and Tomatillo Green Chili Salsa,,$2.95 
3522,1416,1,Chips and Tomatillo Green Chili Salsa,,$2.95 
3560,1430,1,Chips and Tomatillo Green Chili Salsa,,$2.95 
3562,1431,1,Chips and Tomatillo Green Chili Salsa,,$2.95 
3624,1450,1,Chips and Tomatillo Green Chili Salsa,,$2.95 
3817,1530,1,Chips and Tomatillo Green Chili Salsa,,$2.95 
3901,1563,1,Chips and Tomatillo Green Chili Salsa,,$2.95 
3975,1592,1,Chips and Tomatillo Green Chili Salsa,,$2.95 
3992,1599,1,Chips and Tomatillo Green Chili Salsa,,$2.95 
3995,1600,1,Chips and Tomatillo Green Chili Salsa,,$2.95 
4129,1653,1,Chips and Tomatillo Green Chili Salsa,,$2.95 
4254,1697,1,Chips and Tomatillo Green Chili Salsa,,$2.95 
4328,1727,1,Chips and Tomatillo Green Chili Salsa,,$2.95 
4400,1755,1,Chips and Tomatillo Green Chili Salsa,,$2.95 
4476,1784,1,Chips and Tomatillo Green Chili Salsa,,$2.95 
4493,1787,1,Chips and Tomatillo Green Chili Salsa,,$2.95 
111,49,1,Chips and Tomatillo Red Chili Salsa,,$2.95 
128,56,1,Chips and Tomatillo Red Chili Salsa,,$2.95 
356,154,1,Chips and Tomatillo Red Chili Salsa,,$2.95 
443,192,1,Chips and Tomatillo Red Chili Salsa,,$2.95 
593,244,1,Chips and Tomatillo Red Chili Salsa,,$2.95 
838,345,1,Chips and Tomatillo Red Chili Salsa,,$2.95 
1191,488,1,Chips and Tomatillo Red Chili Salsa,,$2.95 
1313,535,1,Chips and Tomatillo Red Chili Salsa,,$2.95 
1348,550,1,Chips and Tomatillo Red Chili Salsa,,$2.95 
1382,561,1,Chips and Tomatillo Red Chili Salsa,,$2.95 
1491,606,1,Chips and Tomatillo Red Chili Salsa,,$2.95 
1620,654,2,Chips and Tomatillo Red Chili Salsa,,$5.90 
1665,674,1,Chips and Tomatillo Red Chili Salsa,,$2.95 
1671,676,1,Chips and Tomatillo Red Chili Salsa,,$2.95 
1732,698,1,Chips and Tomatillo Red Chili Salsa,,$2.95 
1736,700,1,Chips and Tomatillo Red Chili Salsa,,$2.95 
1896,764,1,Chips and Tomatillo Red Chili Salsa,,$2.95 
1915,773,1,Chips and Tomatillo Red Chili Salsa,,$2.95 
1932,782,1,Chips and Tomatillo Red Chili Salsa,,$2.95 
1992,805,1,Chips and Tomatillo Red Chili Salsa,,$2.95 
1999,807,1,Chips and Tomatillo Red Chili Salsa,,$2.95 
2004,808,1,Chips and Tomatillo Red Chili Salsa,,$2.95 
2058,829,1,Chips and Tomatillo Red Chili Salsa,,$2.95 
2103,848,1,Chips and Tomatillo Red Chili Salsa,,$2.95 
2229,898,1,Chips and Tomatillo Red Chili Salsa,,$2.95 
2281,916,1,Chips and Tomatillo Red Chili Salsa,,$2.95 
2330,928,1,Chips and Tomatillo Red Chili Salsa,,$2.95 
2426,963,1,Chips and Tomatillo Red Chili Salsa,,$2.95 
2575,1020,1,Chips and Tomatillo Red Chili Salsa,,$2.95 
2576,1020,1,Chips and Tomatillo Red Chili Salsa,,$2.95 
2622,1041,1,Chips and Tomatillo Red Chili Salsa,,$2.95 
2665,1058,1,Chips and Tomatillo Red Chili Salsa,,$2.95 
2743,1089,1,Chips and Tomatillo Red Chili Salsa,,$2.95 
2877,1143,1,Chips and Tomatillo Red Chili Salsa,,$2.95 
3136,1250,1,Chips and Tomatillo Red Chili Salsa,,$2.95 
3292,1320,1,Chips and Tomatillo Red Chili Salsa,,$2.95 
3429,1377,1,Chips and Tomatillo Red Chili Salsa,,$2.95 
3430,1377,1,Chips and Tomatillo Red Chili Salsa,,$2.95 
3482,1399,1,Chips and Tomatillo Red Chili Salsa,,$2.95 
3729,1489,1,Chips and Tomatillo Red Chili Salsa,,$2.95 
4040,1616,1,Chips and Tomatillo Red Chili Salsa,,$2.95 
4131,1654,1,Chips and Tomatillo Red Chili Salsa,,$2.95 
4156,1660,1,Chips and Tomatillo Red Chili Salsa,,$2.95 
4312,1719,2,Chips and Tomatillo Red Chili Salsa,,$5.90 
4320,1723,1,Chips and Tomatillo Red Chili Salsa,,$2.95 
4409,1759,1,Chips and Tomatillo Red Chili Salsa,,$2.95 
4412,1760,1,Chips and Tomatillo Red Chili Salsa,,$2.95 
4466,1779,1,Chips and Tomatillo Red Chili Salsa,,$2.95 
3,1,1,Chips and Tomatillo-Green Chili Salsa,,$2.39 
15,8,1,Chips and Tomatillo-Green Chili Salsa,,$2.39 
30,15,1,Chips and Tomatillo-Green Chili Salsa,,$2.39 
113,50,1,Chips and Tomatillo-Green Chili Salsa,,$2.39 
133,58,1,Chips and Tomatillo-Green Chili Salsa,,$2.39 
153,69,1,Chips and Tomatillo-Green Chili Salsa,,$2.39 
165,74,1,Chips and Tomatillo-Green Chili Salsa,,$2.39 
198,88,1,Chips and Tomatillo-Green Chili Salsa,,$2.39 
271,118,1,Chips and Tomatillo-Green Chili Salsa,,$2.39 
578,237,1,Chips and Tomatillo-Green Chili Salsa,,$2.39 
982,403,1,Chips and Tomatillo-Green Chili Salsa,,$2.39 
1010,414,1,Chips and Tomatillo-Green Chili Salsa,,$2.39 
1018,419,1,Chips and Tomatillo-Green Chili Salsa,,$2.39 
1084,447,1,Chips and Tomatillo-Green Chili Salsa,,$2.39 
1218,496,1,Chips and Tomatillo-Green Chili Salsa,,$2.39 
1263,513,1,Chips and Tomatillo-Green Chili Salsa,,$2.39 
1615,652,1,Chips and Tomatillo-Green Chili Salsa,,$2.39 
1935,783,1,Chips and Tomatillo-Green Chili Salsa,,$2.39 
1967,794,1,Chips and Tomatillo-Green Chili Salsa,,$2.39 
2161,872,1,Chips and Tomatillo-Green Chili Salsa,,$2.39 
2656,1055,2,Chips and Tomatillo-Green Chili Salsa,,$4.78 
2848,1131,1,Chips and Tomatillo-Green Chili Salsa,,$2.39 
3143,1254,1,Chips and Tomatillo-Green Chili Salsa,,$2.39 
3320,1330,1,Chips and Tomatillo-Green Chili Salsa,,$2.39 
3573,1433,1,Chips and Tomatillo-Green Chili Salsa,,$2.39 
3626,1451,1,Chips and Tomatillo-Green Chili Salsa,,$2.39 
3657,1462,2,Chips and Tomatillo-Green Chili Salsa,,$4.78 
3788,1516,1,Chips and Tomatillo-Green Chili Salsa,,$2.39 
3810,1527,1,Chips and Tomatillo-Green Chili Salsa,,$2.39 
3871,1552,1,Chips and Tomatillo-Green Chili Salsa,,$2.39 
4007,1604,1,Chips and Tomatillo-Green Chili Salsa,,$2.39 
300,130,1,Chips and Tomatillo-Red Chili Salsa,,$2.39 
349,150,1,Chips and Tomatillo-Red Chili Salsa,,$2.39 
692,285,1,Chips and Tomatillo-Red Chili Salsa,,$2.39 
1101,454,1,Chips and Tomatillo-Red Chili Salsa,,$2.39 
1181,485,1,Chips and Tomatillo-Red Chili Salsa,,$2.39 
1533,624,1,Chips and Tomatillo-Red Chili Salsa,,$2.39 
1534,624,1,Chips and Tomatillo-Red Chili Salsa,,$2.39 
1763,711,1,Chips and Tomatillo-Red Chili Salsa,,$2.39 
1857,752,1,Chips and Tomatillo-Red Chili Salsa,,$2.39 
2011,811,1,Chips and Tomatillo-Red Chili Salsa,,$2.39 
2550,1010,2,Chips and Tomatillo-Red Chili Salsa,,$4.78 
2972,1182,3,Chips and Tomatillo-Red Chili Salsa,,$7.17 
3052,1215,1,Chips and Tomatillo-Red Chili Salsa,,$2.39 
3171,1267,1,Chips and Tomatillo-Red Chili Salsa,,$2.39 
3270,1309,3,Chips and Tomatillo-Red Chili Salsa,,$7.17 
3358,1347,1,Chips and Tomatillo-Red Chili Salsa,,$2.39 
3558,1429,1,Chips and Tomatillo-Red Chili Salsa,,$2.39 
3650,1459,1,Chips and Tomatillo-Red Chili Salsa,,$2.39 
3660,1463,1,Chips and Tomatillo-Red Chili Salsa,,$2.39 
4088,1637,1,Chips and Tomatillo-Red Chili Salsa,,$2.39 
6,3,1,Side of Chips,,$1.69 
32,16,1,Side of Chips,,$1.69 
70,31,1,Side of Chips,,$1.69 
149,67,1,Side of Chips,,$1.69 
275,120,1,Side of Chips,,$1.69 
279,122,1,Side of Chips,,$1.69 
307,133,1,Side of Chips,,$1.69 
386,167,1,Side of Chips,,$1.69 
413,180,1,Side of Chips,,$1.69 
432,187,1,Side of Chips,,$1.69 
461,197,1,Side of Chips,,$1.69 
472,202,1,Side of Chips,,$1.69 
477,204,1,Side of Chips,,$1.69 
525,219,1,Side of Chips,,$1.69 
597,246,1,Side of Chips,,$1.69 
650,269,1,Side of Chips,,$1.69 
661,274,1,Side of Chips,,$1.69 
718,296,1,Side of Chips,,$1.69 
751,310,1,Side of Chips,,$1.69 
802,330,1,Side of Chips,,$1.69 
898,371,1,Side of Chips,,$1.69 
913,378,1,Side of Chips,,$1.69 
935,385,1,Side of Chips,,$1.69 
955,392,1,Side of Chips,,$1.69 
1016,417,1,Side of Chips,,$1.69 
1031,424,1,Side of Chips,,$1.69 
1052,433,1,Side of Chips,,$1.69 
1076,444,1,Side of Chips,,$1.69 
1120,463,1,Side of Chips,,$1.69 
1162,479,1,Side of Chips,,$1.69 
1196,490,1,Side of Chips,,$1.69 
1270,516,1,Side of Chips,,$1.69 
1286,523,1,Side of Chips,,$1.69 
1305,532,1,Side of Chips,,$1.69 
1308,533,1,Side of Chips,,$1.69 
1340,547,1,Side of Chips,,$1.69 
1355,553,1,Side of Chips,,$1.69 
1360,555,1,Side of Chips,,$1.69 
1366,558,1,Side of Chips,,$1.69 
1704,689,1,Side of Chips,,$1.69 
1720,693,1,Side of Chips,,$1.69 
1724,695,1,Side of Chips,,$1.69 
1734,699,1,Side of Chips,,$1.69 
1797,726,1,Side of Chips,,$1.69 
1834,742,1,Side of Chips,,$1.69 
1864,755,1,Side of Chips,,$1.69 
1927,779,1,Side of Chips,,$1.69 
1942,786,1,Side of Chips,,$1.69 
2050,825,1,Side of Chips,,$1.69 
2169,875,1,Side of Chips,,$1.69 
2222,895,1,Side of Chips,,$1.69 
2244,904,1,Side of Chips,,$1.69 
2358,939,1,Side of Chips,,$1.69 
2367,942,1,Side of Chips,,$1.69 
2409,955,1,Side of Chips,,$1.69 
2470,980,1,Side of Chips,,$1.69 
2500,993,1,Side of Chips,,$1.69 
2502,994,1,Side of Chips,,$1.69 
2522,1002,1,Side of Chips,,$1.69 
2539,1007,1,Side of Chips,,$1.69 
2546,1009,1,Side of Chips,,$1.69 
2704,1073,1,Side of Chips,,$1.69 
2816,1117,1,Side of Chips,,$1.69 
2820,1119,1,Side of Chips,,$1.69 
2828,1123,1,Side of Chips,,$1.69 
2886,1147,1,Side of Chips,,$1.69 
2888,1148,1,Side of Chips,,$1.69 
2944,1170,3,Side of Chips,,$5.07 
2960,1177,1,Side of Chips,,$1.69 
3005,1194,1,Side of Chips,,$1.69 
3015,1198,1,Side of Chips,,$1.69 
3022,1201,1,Side of Chips,,$1.69 
3028,1204,1,Side of Chips,,$1.69 
3030,1205,1,Side of Chips,,$1.69 
3088,1230,1,Side of Chips,,$1.69 
3104,1238,1,Side of Chips,,$1.69 
3108,1240,1,Side of Chips,,$1.69 
3112,1242,1,Side of Chips,,$1.69 
3150,1256,1,Side of Chips,,$1.69 
3157,1260,1,Side of Chips,,$1.69 
3246,1299,1,Side of Chips,,$1.69 
3248,1300,1,Side of Chips,,$1.69 
3333,1335,1,Side of Chips,,$1.69 
3360,1348,1,Side of Chips,,$1.69 
3374,1354,1,Side of Chips,,$1.69 
3425,1375,1,Side of Chips,,$1.69 
3474,1396,1,Side of Chips,,$1.69 
3500,1405,1,Side of Chips,,$1.69 
3511,1411,1,Side of Chips,,$1.69 
3533,1420,1,Side of Chips,,$1.69 
3686,1476,1,Side of Chips,,$1.69 
3719,1485,1,Side of Chips,,$1.69 
3726,1488,1,Side of Chips,,$1.69 
3846,1541,1,Side of Chips,,$1.69 
3887,1559,8,Side of Chips,,$13.52 
3898,1562,1,Side of Chips,,$1.69 
3911,1569,1,Side of Chips,,$1.69 
3934,1578,1,Side of Chips,,$1.69 
4055,1623,1,Side of Chips,,$1.69 
4057,1624,1,Side of Chips,,$1.69 
4070,1629,1,Side of Chips,,$1.69 
